<?xml version="1.0" encoding="UTF-8"?>

<Practitioner xmlns="http://hl7.org/fhir">
  <id value="3719500DP"/>
  <meta>
    <versionId value="0.1"/>
    <lastUpdated value="2019-08-31T01:00:00.000+01:00"/>
    <source value="https://annuaire.sante.fr"/>
    <profile value="https://hl7.fr/ig/fhir/core/StructureDefinition/fr-core-practitioner"/>
    <profile value="https://interop.esante.gouv.fr/ig/fhir/annuaire/StructureDefinition/as-dp-practitioner"/>
  </meta>
  <language value="fr"/>
  <text>
    <status value="generated"/><div xmlns="http://www.w3.org/1999/xhtml" xml:lang="fr" lang="fr"><p class="res-header-id"><b>Generated Narrative: Practitioner 3719500DP</b></p><a name="3719500DP"> </a><a name="hc3719500DP"> </a><a name="3719500DP-fr-FR"> </a><div style="display: inline-block; background-color: #d9e0e7; padding: 6px; margin: 4px; border: 1px solid #8da1b4; border-radius: 5px; line-height: 60%"><p style="margin-bottom: 0px">version: 0.1; Last updated: 2019-08-31 01:00:00+0100; Language: fr; </p><p style="margin-bottom: 0px">Information Source: <a href="https://annuaire.sante.fr">https://annuaire.sante.fr</a></p><p style="margin-bottom: 0px">Profiles: <a href="https://hl7.fr/ig/fhir/core/2.1.0/StructureDefinition-fr-core-practitioner.html">FR Core Practitioner Profile</a>, <a href="StructureDefinition-as-dp-practitioner.html">AS Donnée Publique Practitioner Profile</a></p></div><p><b>identifier</b>: Identifiant National de Professionnel de Santé/810102727017 (use: official, ), N° RPPS/10102727017 (use: official, )</p><p><b>active</b>: true</p><p><b>name</b>: David CHATELIER </p><p><b>telecom</b>: ph: 0612122216, <a href="mailto:davidchatelier@orange.fr">davidchatelier@orange.fr</a></p><blockquote><p><b>qualification</b></p><p><b>code</b>: <span title="Codes:{https://mos.esante.gouv.fr/NOS/TRE_R48-DiplomeEtatFrancais/FHIR/TRE-R48-DiplomeEtatFrancais DE01}, {https://mos.esante.gouv.fr/NOS/TRE_R14-TypeDiplome/FHIR/TRE-R14-TypeDiplome DE}">DE Pharmacien</span></p></blockquote><blockquote><p><b>qualification</b></p><p><b>code</b>: <span title="Codes:{https://mos.esante.gouv.fr/NOS/TRE_G15-ProfessionSante/FHIR/TRE-G15-ProfessionSante 21}, {https://mos.esante.gouv.fr/NOS/TRE_R09-CategorieProfessionnelle/FHIR/TRE-R09-CategorieProfessionnelle C}">Pharmacien</span></p></blockquote></div>
  </text>
  <identifier>
    <use value="official"/>
    <type>
      <coding>
        <system value="https://hl7.fr/ig/fhir/core/CodeSystem/fr-core-cs-v2-0203"/>
        <code value="IDNPS"/>
      </coding>
    </type>
    <system value="urn:oid:1.2.250.1.71.4.2.1"/>
    <value value="810102727017"/>
  </identifier>
  <identifier>
    <use value="official"/>
    <type>
      <coding>
        <system value="https://hl7.fr/ig/fhir/core/CodeSystem/fr-core-cs-v2-0203"/>
        <code value="RPPS"/>
      </coding>
    </type>
    <system value="https://rpps.esante.gouv.fr"/>
    <value value="10102727017"/>
  </identifier>
  <active value="true"/>
  <name>
    <use value="usual"/>
    <family value="CHATELIER"/>
    <given value="David"/>
    <prefix value="M"/>
  </name>
  <telecom>
    <system value="phone"/>
    <value value="0612122216"/>
    <rank value="1"/>
  </telecom>
  <telecom>
    <system value="email"/>
    <value value="davidchatelier@orange.fr"/>
  </telecom>
  <qualification>
    <code>
      <coding>
        <system value="https://mos.esante.gouv.fr/NOS/TRE_R48-DiplomeEtatFrancais/FHIR/TRE-R48-DiplomeEtatFrancais"/>
        <code value="DE01"/>
      </coding>
      <coding>
        <system value="https://mos.esante.gouv.fr/NOS/TRE_R14-TypeDiplome/FHIR/TRE-R14-TypeDiplome"/>
        <code value="DE"/>
      </coding>
    </code>
  </qualification>
  <qualification>
    <code>
      <coding>
        <system value="https://mos.esante.gouv.fr/NOS/TRE_G15-ProfessionSante/FHIR/TRE-G15-ProfessionSante"/>
        <code value="21"/>
      </coding>
      <coding>
        <system value="https://mos.esante.gouv.fr/NOS/TRE_R09-CategorieProfessionnelle/FHIR/TRE-R09-CategorieProfessionnelle"/>
        <code value="C"/>
      </coding>
    </code>
  </qualification>
</Practitioner>