<?xml version="1.0" encoding="UTF-8"?>

<ValueSet xmlns="http://hl7.org/fhir">
  <id value="JDV-J155-MethodGlucoseSanguin-ENS"/>
  <text>
    <status value="generated"/><div xmlns="http://www.w3.org/1999/xhtml"><p>This value set includes codes based on the following rules:</p><ul><li>Include these codes as defined in <code>https://smt.esante.gouv.fr/terminologie-emdn</code><table class="none"><tr><td style="white-space:nowrap"><b>Code</b></td><td><b>Display</b></td></tr><tr><td>Z1204011501</td><td>SYSTÈMES DE SURVEILLANCE NON INVASIVE DE LA GLYCÉMIE</td></tr></table></li><li>Include these codes as defined in <code>http://snomed.info/sct </code><table class="none"><tr><td style="white-space:nowrap"><b>Code</b></td><td><b>Display</b></td></tr><tr><td>82078001</td><td>prélèvement de sang pour le laboratoire</td></tr></table></li></ul></div>
  </text>
  <extension url="http://hl7.org/fhir/StructureDefinition/resource-effectivePeriod">
    <valuePeriod>
      <start value="2021-04-30T12:00:00+01:00"/>
    </valuePeriod>
  </extension>
  <url value="https://mos.esante.gouv.fr/NOS/JDV_J155-MethodGlucoseSanguin-ENS/FHIR/JDV-J155-MethodGlucoseSanguin-ENS"/>
  <identifier>
    <value value="urn:oid:1.2.250.1.213.1.1.5.610"/>
  </identifier>
  <version value="1.5.0"/>
  <name value="JDV_J155-MethodGlucoseSanguin-ENS"/>
  <status value="active"/>
  <date value="2024-10-25T12:00:00+01:00"/>
  <publisher value="ANS"/>
  <contact>
    <name value="ANS"/>
    <telecom>
      <system value="url"/>
      <value value="https://esante.gouv.fr"/>
    </telecom>
  </contact>
  <description value="JDV pour la méthode de mesure du glucose sanguin"/>
  <compose>
    <include>
      <system value="https://smt.esante.gouv.fr/terminologie-emdn"/>
      <concept>
        <code value="Z1204011501"/>
        <display value="SYSTÈMES DE SURVEILLANCE NON INVASIVE DE LA GLYCÉMIE"/>
        <designation>
          <use>
            <code value="OID"/>
          </use>
          <value value="urn:oid:1.2.250.1.213.2.68"/>
        </designation>
      </concept>
    </include>
    <include>
      <system value="http://snomed.info/sct "/>
      <concept>
        <code value="82078001"/>
        <display value="prélèvement de sang pour le laboratoire"/>
        <designation>
          <use>
            <code value="OID"/>
          </use>
          <value value="urn:oid:2.16.840.1.113883.6.96"/>
        </designation>
      </concept>
    </include>
  </compose>
</ValueSet>