<?xml version="1.0" encoding="UTF-8"?><ValueSet xmlns="http://hl7.org/fhir"><id value="eclaire-study-title-type-vs"/><text><status value="generated"/><div xmlns="http://www.w3.org/1999/xhtml"><ul><li>Include all codes defined in <a href="CodeSystem-eclaire-study-title-type-code-system.html"><code>https://interop.esante.gouv.fr/ig/fhir/eclaire/CodeSystem/eclaire-study-title-type-code-system</code></a></li></ul></div></text><url value="https://interop.esante.gouv.fr/ig/fhir/eclaire/ValueSet/eclaire-study-title-type-vs"/><version value="0.2.0"/><name value="EclaireStudyTitleTypetVS"/><title value="Type de titre Value Set"/><status value="draft"/><date value="2023-10-20T12:15:34+00:00"/><publisher value="ANS"/><contact><name value="ANS"/><telecom><system value="url"/><value value="https://esante.gouv.fr"/></telecom></contact><description value="Type de titre pour les essais cliniques Value Set (inspiré du Value Set de R5 : https://hl7.org/fhir/valueset-title-type.html)"/><jurisdiction><coding><system value="urn:iso:std:iso:3166"/><code value="FR"/><display value="FRANCE"/></coding></jurisdiction><compose><include><system value="https://interop.esante.gouv.fr/ig/fhir/eclaire/CodeSystem/eclaire-study-title-type-code-system"/></include></compose></ValueSet>