{
  "resourceType" : "CodeSystem",
  "id" : "TRE-R296-AgregatDisciplineEnseignNiv2",
  "text" : {
    "status" : "generated",
    "div" : "<div xmlns=\"http://www.w3.org/1999/xhtml\"><p><b>Properties</b></p><p><b>This code system defines the following properties for its concepts</b></p><table class=\"grid\"><tr><td><b>Name</b></td><td><b>Code</b></td><td><b>Type</b></td><td><b>Description</b></td></tr><tr><td>dateValid</td><td>dateValid</td><td>dateTime</td><td>date de validité d'un code concept</td></tr><tr><td>dateMaj</td><td>dateMaj</td><td>dateTime</td><td>Date de mise à jour d'un code concept</td></tr><tr><td>dateFin</td><td>dateFin</td><td>dateTime</td><td>Date de fin d'exploitation d'un code concept</td></tr></table><p><b>Concepts</b></p><p>This  code system <code>https://mos.esante.gouv.fr/NOS/TRE_R296-AgregatDisciplineEnseignNiv2/FHIR/TRE-R296-AgregatDisciplineEnseignNiv2</code> defines the following code:</p><table class=\"codes\"><tr><td style=\"white-space:nowrap\"><b>Code</b></td><td><b>Display</b></td><td><b>dateValid</b></td><td><b>dateMaj</b></td></tr><tr><td style=\"white-space:nowrap\">2200<a name=\"TRE-R296-AgregatDisciplineEnseignNiv2-2200\"> </a></td><td>Services Spécialisés d'Enseignement</td><td>2020-06-26T12:00:00+01:00</td><td>2020-06-26T12:00:00+01:00</td></tr></table></div>"
  },
  "extension" : [{
    "url" : "http://hl7.org/fhir/StructureDefinition/resource-effectivePeriod",
    "valuePeriod" : {
      "start" : "2020-06-26T12:00:00+01:00"
    }
  }],
  "url" : "https://mos.esante.gouv.fr/NOS/TRE_R296-AgregatDisciplineEnseignNiv2/FHIR/TRE-R296-AgregatDisciplineEnseignNiv2",
  "identifier" : [{
    "value" : "urn:oid:1.2.250.1.213.1.6.1.196"
  }],
  "version" : "1.5.0",
  "name" : "TRE_R296-AgregatDisciplineEnseignNiv2",
  "status" : "active",
  "date" : "2023-12-15T12:00:00+01:00",
  "publisher" : "ANS",
  "contact" : [{
    "name" : "ANS",
    "telecom" : [{
      "system" : "url",
      "value" : "https://esante.gouv.fr"
    }]
  }],
  "description" : "Agrégats de disciplines pour l'enseignement niveau 2",
  "content" : "complete",
  "property" : [{
    "code" : "dateValid",
    "description" : "date de validité d'un code concept",
    "type" : "dateTime"
  },
  {
    "code" : "dateMaj",
    "description" : "Date de mise à jour d'un code concept",
    "type" : "dateTime"
  },
  {
    "code" : "dateFin",
    "description" : "Date de fin d'exploitation d'un code concept",
    "type" : "dateTime"
  }],
  "concept" : [{
    "code" : "2200",
    "display" : "Services Spécialisés d'Enseignement",
    "designation" : [{
      "use" : {
        "code" : "LibelleCourt"
      },
      "value" : "Services Spéc.Enseign."
    },
    {
      "use" : {
        "code" : "LibelleAdapte"
      },
      "value" : "Services Spécialisés d'Enseignement"
    }],
    "property" : [{
      "code" : "dateValid",
      "valueDateTime" : "2020-06-26T12:00:00+01:00"
    },
    {
      "code" : "dateMaj",
      "valueDateTime" : "2020-06-26T12:00:00+01:00"
    }]
  }]
}