{"resourceType":"ValueSet","id":"JDV-J222-NiveauConfidentialite-ROR","text":{"status":"generated","div":"<div xmlns=\"http://www.w3.org/1999/xhtml\"><ul><li>Include these codes as defined in <a href=\"CodeSystem-TRE-R283-NiveauConfidentialite.html\"><code>https://mos.esante.gouv.fr/NOS/TRE_R283-NiveauConfidentialite/FHIR/TRE-R283-NiveauConfidentialite</code></a><table class=\"none\"><tr><td style=\"white-space:nowrap\"><b>Code</b></td><td><b>Display</b></td></tr><tr><td><a href=\"CodeSystem-TRE-R283-NiveauConfidentialite.html#TRE-R283-NiveauConfidentialite-1\">1</a></td><td>Accès libre</td></tr><tr><td><a href=\"CodeSystem-TRE-R283-NiveauConfidentialite.html#TRE-R283-NiveauConfidentialite-2\">2</a></td><td>Accès restreint</td></tr><tr><td><a href=\"CodeSystem-TRE-R283-NiveauConfidentialite.html#TRE-R283-NiveauConfidentialite-3\">3</a></td><td>Accès très restreint</td></tr></table></li></ul></div>"},"extension":[{"url":"http://hl7.org/fhir/StructureDefinition/resource-effectivePeriod","valuePeriod":{"start":"2022-08-26T12:00:00+01:00"}}],"url":"https://mos.esante.gouv.fr/NOS/JDV_J222-NiveauConfidentialite-ROR/FHIR/JDV-J222-NiveauConfidentialite-ROR","identifier":[{"value":"urn:oid:1.2.250.1.213.3.4.54"}],"version":"1.5.0","name":"JDV_J222-NiveauConfidentialite-ROR","status":"active","date":"2022-08-26T12:00:00+01:00","publisher":"ANS","contact":[{"name":"ANS","telecom":[{"system":"url","value":"https://esante.gouv.fr"}]}],"description":"Niveau de restriction d'accès","compose":{"include":[{"system":"https://mos.esante.gouv.fr/NOS/TRE_R283-NiveauConfidentialite/FHIR/TRE-R283-NiveauConfidentialite","concept":[{"code":"1","display":"Accès libre","designation":[{"use":{"code":"OID"},"value":"urn:oid:1.2.250.1.213.1.1.4.344"}]},{"code":"2","display":"Accès restreint","designation":[{"use":{"code":"OID"},"value":"urn:oid:1.2.250.1.213.1.1.4.344"}]},{"code":"3","display":"Accès très restreint","designation":[{"use":{"code":"OID"},"value":"urn:oid:1.2.250.1.213.1.1.4.344"}]}]}]}}