{
  "resourceType" : "ValueSet",
  "id" : "5ab34325-bcb7-40e2-9abf-da52649d3537-179",
  "url" : "http://hl7.org/fhir/comparison/ValueSet/5ab34325-bcb7-40e2-9abf-da52649d3537-179",
  "name" : "UnionVS_TRE_R74_ModeFixationTarifaireAndVS_TRE_R74_ModeFixationTarifaire",
  "title" : "Union of ValueSet pour l'ensemble des codes concepts de la TRE avec l'url : https://mos.esante.gouv.fr/NOS/TRE_R74-ModeFixationTarifaire/FHIR/TRE-R74-ModeFixationTarifaire And ValueSet pour l'ensemble des codes concepts de la TRE avec l'url : https://mos.esante.gouv.fr/NOS/TRE_R74-ModeFixationTarifaire/FHIR/TRE-R74-ModeFixationTarifaire",
  "status" : "active",
  "date" : "2024-04-25T11:47:05+00:00",
  "jurisdiction" : [{
    "coding" : [{
      "system" : "urn:iso:std:iso:3166",
      "code" : "FR",
      "display" : "FRANCE"
    }]
  }]
}