<?xml version="1.0" encoding="UTF-8"?>

<ValueSet xmlns="http://hl7.org/fhir">
  <id value="type-systeme-information-vs"/>
  <text>
    <status value="generated"/><div xmlns="http://www.w3.org/1999/xhtml"><ul><li>Include all codes defined in <a href="CodeSystem-type-systeme-information-cs.html"><code>https://interop.esante.gouv.fr/ig/fhir/annuaire/CodeSystem/type-systeme-information-cs</code></a></li></ul></div>
  </text>
  <url value="https://interop.esante.gouv.fr/ig/fhir/annuaire/ValueSet/type-systeme-information-vs"/>
  <version value="1.0.0-ballot"/>
  <name value="TypeSystemeInformationVS"/>
  <title value="Type de système d'information"/>
  <status value="active"/>
  <date value="2023-06-02T17:16:24+02:00"/>
  <publisher value="ANS"/>
  <contact>
    <name value="ANS"/>
    <telecom>
      <system value="url"/>
      <value value="https://esante.gouv.fr"/>
    </telecom>
    <telecom>
      <system value="email"/>
      <value value="monserviceclient.annuaire@esante.gouv.fr"/>
    </telecom>
  </contact>
  <description value="Type de système d'information pouvant alimenter l'annuaire santé."/>
  <compose>
    <include>
      <system value="https://interop.esante.gouv.fr/ig/fhir/annuaire/CodeSystem/type-systeme-information-cs"/>
    </include>
  </compose>
</ValueSet>