<?xml version="1.0" encoding="UTF-8"?>

<CodeSystem xmlns="http://hl7.org/fhir">
  <id value="TRE-R328-TypeScolarisation"/>
  <text>
    <status value="generated"/><div xmlns="http://www.w3.org/1999/xhtml"><p><b>Properties</b></p><p><b>This code system defines the following properties for its concepts</b></p><table class="grid"><tr><td><b>Name</b></td><td><b>Code</b></td><td><b>Type</b></td><td><b>Description</b></td></tr><tr><td>dateValid</td><td>dateValid</td><td>dateTime</td><td>date de validité d'un code concept</td></tr><tr><td>dateMaj</td><td>dateMaj</td><td>dateTime</td><td>Date de mise à jour d'un code concept</td></tr><tr><td>dateFin</td><td>dateFin</td><td>dateTime</td><td>Date de fin d'exploitation d'un code concept</td></tr></table><p><b>Concepts</b></p><p>This  code system <code>https://mos.esante.gouv.fr/NOS/TRE_R328-TypeScolarisation/FHIR/TRE-R328-TypeScolarisation</code> defines the following codes:</p><table class="codes"><tr><td style="white-space:nowrap"><b>Code</b></td><td><b>Display</b></td><td><b>Definition</b></td><td><b>dateValid</b></td><td><b>dateMaj</b></td></tr><tr><td style="white-space:nowrap">01<a name="TRE-R328-TypeScolarisation-01"> </a></td><td>Etudiant/Apprenti</td><td>La personne est étudiant(e) ou apprenti(e)</td><td>2021-09-24T12:00:00+01:00</td><td>2021-09-24T12:00:00+01:00</td></tr><tr><td style="white-space:nowrap">02<a name="TRE-R328-TypeScolarisation-02"> </a></td><td>Enfant scolarisé</td><td>La personne est un enfant scolarisé</td><td>2021-09-24T12:00:00+01:00</td><td>2021-09-24T12:00:00+01:00</td></tr><tr><td style="white-space:nowrap">03<a name="TRE-R328-TypeScolarisation-03"> </a></td><td>Enfant non scolarisé</td><td>La personne est un enfant non scolarisé</td><td>2021-09-24T12:00:00+01:00</td><td>2021-09-24T12:00:00+01:00</td></tr></table></div>
  </text>
  <extension url="http://hl7.org/fhir/StructureDefinition/resource-effectivePeriod">
    <valuePeriod>
      <start value="2021-09-24T12:00:00+01:00"/>
    </valuePeriod>
  </extension>
  <url value="https://mos.esante.gouv.fr/NOS/TRE_R328-TypeScolarisation/FHIR/TRE-R328-TypeScolarisation"/>
  <identifier>
    <value value="urn:oid:1.2.250.1.213.3.3.83"/>
  </identifier>
  <version value="1.4.0"/>
  <name value="TRE_R328-TypeScolarisation"/>
  <status value="active"/>
  <date value="2024-03-29T12:00:00+01:00"/>
  <publisher value="ANS"/>
  <contact>
    <name value="ANS"/>
    <telecom>
      <system value="url"/>
      <value value="https://esante.gouv.fr"/>
    </telecom>
  </contact>
  <description value="Caractérise la situation scolaire de la personne"/>
  <content value="complete"/>
  <property>
    <code value="dateValid"/>
    <description value="date de validité d'un code concept"/>
    <type value="dateTime"/>
  </property>
  <property>
    <code value="dateMaj"/>
    <description value="Date de mise à jour d'un code concept"/>
    <type value="dateTime"/>
  </property>
  <property>
    <code value="dateFin"/>
    <description value="Date de fin d'exploitation d'un code concept"/>
    <type value="dateTime"/>
  </property>
  <concept>
    <code value="01"/>
    <display value="Etudiant/Apprenti"/>
    <definition value="La personne est étudiant(e) ou apprenti(e)"/>
    <designation>
      <use>
        <code value="LibelleCourt"/>
      </use>
      <value value="Etudiant/Apprenti"/>
    </designation>
    <designation>
      <use>
        <code value="LibelleAdapte"/>
      </use>
      <value value="Etudiant/Apprenti"/>
    </designation>
    <property>
      <code value="dateValid"/>
      <valueDateTime value="2021-09-24T12:00:00+01:00"/>
    </property>
    <property>
      <code value="dateMaj"/>
      <valueDateTime value="2021-09-24T12:00:00+01:00"/>
    </property>
  </concept>
  <concept>
    <code value="02"/>
    <display value="Enfant scolarisé"/>
    <definition value="La personne est un enfant scolarisé"/>
    <designation>
      <use>
        <code value="LibelleCourt"/>
      </use>
      <value value="Enfant scolarisé"/>
    </designation>
    <designation>
      <use>
        <code value="LibelleAdapte"/>
      </use>
      <value value="Enfant scolarisé"/>
    </designation>
    <property>
      <code value="dateValid"/>
      <valueDateTime value="2021-09-24T12:00:00+01:00"/>
    </property>
    <property>
      <code value="dateMaj"/>
      <valueDateTime value="2021-09-24T12:00:00+01:00"/>
    </property>
  </concept>
  <concept>
    <code value="03"/>
    <display value="Enfant non scolarisé"/>
    <definition value="La personne est un enfant non scolarisé"/>
    <designation>
      <use>
        <code value="LibelleCourt"/>
      </use>
      <value value="Enfant non scolarisé"/>
    </designation>
    <designation>
      <use>
        <code value="LibelleAdapte"/>
      </use>
      <value value="Enfant non scolarisé"/>
    </designation>
    <property>
      <code value="dateValid"/>
      <valueDateTime value="2021-09-24T12:00:00+01:00"/>
    </property>
    <property>
      <code value="dateMaj"/>
      <valueDateTime value="2021-09-24T12:00:00+01:00"/>
    </property>
  </concept>
</CodeSystem>