<?xml version="1.0" encoding="UTF-8"?>

<CodeSystem xmlns="http://hl7.org/fhir">
  <id value="TRE-R36-AutreDiplomeObtenu"/>
  <text>
    <status value="generated"/><div xmlns="http://www.w3.org/1999/xhtml"><p class="res-header-id"><b>Generated Narrative: CodeSystem TRE-R36-AutreDiplomeObtenu</b></p><a name="TRE-R36-AutreDiplomeObtenu"> </a><a name="hcTRE-R36-AutreDiplomeObtenu"> </a><a name="TRE-R36-AutreDiplomeObtenu-en-US"> </a><p><b>Properties</b></p><p><b>This code system defines the following properties for its concepts</b></p><table class="grid"><tr><td><b>Name</b></td><td><b>Code</b></td><td><b>Type</b></td><td><b>Description</b></td></tr><tr><td>dateValid</td><td>dateValid</td><td>dateTime</td><td>date de validité d'un code concept</td></tr><tr><td>dateMaj</td><td>dateMaj</td><td>dateTime</td><td>Date de mise à jour d'un code concept</td></tr><tr><td>dateFin</td><td>dateFin</td><td>dateTime</td><td>Date de fin d'exploitation d'un code concept</td></tr></table><p><b>Concepts</b></p><p>This  code system <code>https://mos.esante.gouv.fr/NOS/TRE_R36-AutreDiplomeObtenu/FHIR/TRE-R36-AutreDiplomeObtenu</code> defines the following codes:</p><table class="codes"><tr><td style="white-space:nowrap"><b>Code</b></td><td><b>Display</b></td><td><b>dateValid</b></td><td><b>dateMaj</b></td></tr><tr><td style="white-space:nowrap">AUT001<a name="TRE-R36-AutreDiplomeObtenu-AUT001"> </a></td><td>Diplôme Université Kabul (Afghanistan)</td><td>2008-04-02T12:05:38+01:00</td><td>2008-04-02T12:05:38+01:00</td></tr><tr><td style="white-space:nowrap">AUT002<a name="TRE-R36-AutreDiplomeObtenu-AUT002"> </a></td><td>Faculté de Médecine de Annaba (Algérie)</td><td>2008-04-02T12:05:38+01:00</td><td>2016-09-01T00:00:00+01:00</td></tr><tr><td style="white-space:nowrap">AUT003<a name="TRE-R36-AutreDiplomeObtenu-AUT003"> </a></td><td>Diplôme Université Alger (Algérie)</td><td>2008-04-02T12:05:38+01:00</td><td>2015-12-29T00:00:00+01:00</td></tr><tr><td style="white-space:nowrap">AUT004<a name="TRE-R36-AutreDiplomeObtenu-AUT004"> </a></td><td>Diplôme Université Constantine (Algérie)</td><td>2008-04-02T12:05:38+01:00</td><td>2008-04-02T12:05:38+01:00</td></tr><tr><td style="white-space:nowrap">AUT005<a name="TRE-R36-AutreDiplomeObtenu-AUT005"> </a></td><td>Diplôme Université Oran (Algérie)</td><td>2008-04-02T12:05:38+01:00</td><td>2008-04-02T12:05:38+01:00</td></tr><tr><td style="white-space:nowrap">AUT006<a name="TRE-R36-AutreDiplomeObtenu-AUT006"> </a></td><td>Diplôme Université Buenos Aires (Argentine)</td><td>2008-04-02T12:05:38+01:00</td><td>2016-09-01T00:00:00+01:00</td></tr><tr><td style="white-space:nowrap">AUT007<a name="TRE-R36-AutreDiplomeObtenu-AUT007"> </a></td><td>Diplôme Université Australie</td><td>2008-04-02T12:05:38+01:00</td><td>2008-04-02T12:05:38+01:00</td></tr><tr><td style="white-space:nowrap">AUT008<a name="TRE-R36-AutreDiplomeObtenu-AUT008"> </a></td><td>Diplôme Université Santa-Catarina (Brésil)</td><td>2008-04-02T12:05:38+01:00</td><td>2016-09-01T00:00:00+01:00</td></tr><tr><td style="white-space:nowrap">AUT009<a name="TRE-R36-AutreDiplomeObtenu-AUT009"> </a></td><td>Diplôme Université de Médecine de Sofia</td><td>2008-04-02T12:05:38+01:00</td><td>2008-04-02T12:05:38+01:00</td></tr><tr><td style="white-space:nowrap">AUT010<a name="TRE-R36-AutreDiplomeObtenu-AUT010"> </a></td><td>Diplôme Université Santiago (Chili)</td><td>2008-04-02T12:05:38+01:00</td><td>2008-04-02T12:05:38+01:00</td></tr><tr><td style="white-space:nowrap">AUT011<a name="TRE-R36-AutreDiplomeObtenu-AUT011"> </a></td><td>Diplôme Université Congo</td><td>2008-04-02T12:05:38+01:00</td><td>2008-04-02T12:05:38+01:00</td></tr><tr><td style="white-space:nowrap">AUT012<a name="TRE-R36-AutreDiplomeObtenu-AUT012"> </a></td><td>Diplôme Université Danemark</td><td>2008-04-02T12:05:38+01:00</td><td>2008-04-02T12:05:38+01:00</td></tr><tr><td style="white-space:nowrap">AUT013<a name="TRE-R36-AutreDiplomeObtenu-AUT013"> </a></td><td>Diplôme Université Alexandrie (Egypte)</td><td>2008-04-02T12:05:38+01:00</td><td>2008-04-02T12:05:38+01:00</td></tr><tr><td style="white-space:nowrap">AUT014<a name="TRE-R36-AutreDiplomeObtenu-AUT014"> </a></td><td>Diplôme Université Le Caire (Egypte)</td><td>2008-04-02T12:05:38+01:00</td><td>2008-04-02T12:05:38+01:00</td></tr><tr><td style="white-space:nowrap">AUT015<a name="TRE-R36-AutreDiplomeObtenu-AUT015"> </a></td><td>Diplôme Université Athènes (Grèce)</td><td>2008-04-02T12:05:38+01:00</td><td>2015-12-29T00:00:00+01:00</td></tr><tr><td style="white-space:nowrap">AUT016<a name="TRE-R36-AutreDiplomeObtenu-AUT016"> </a></td><td>Diplôme Université San Carlos (Guatemala)</td><td>2008-04-02T12:05:38+01:00</td><td>2016-09-01T00:00:00+01:00</td></tr><tr><td style="white-space:nowrap">AUT017<a name="TRE-R36-AutreDiplomeObtenu-AUT017"> </a></td><td>Diplôme Université Conakry (Guinée)</td><td>2008-04-02T12:05:38+01:00</td><td>2008-04-02T12:05:38+01:00</td></tr><tr><td style="white-space:nowrap">AUT018<a name="TRE-R36-AutreDiplomeObtenu-AUT018"> </a></td><td>Diplôme Université Téhéran (Iran)</td><td>2008-04-02T12:05:38+01:00</td><td>2008-04-02T12:05:38+01:00</td></tr><tr><td style="white-space:nowrap">AUT019<a name="TRE-R36-AutreDiplomeObtenu-AUT019"> </a></td><td>Faculté de Pharmacie Université Saint-Joseph Beyrouth</td><td>2008-04-02T12:05:38+01:00</td><td>2016-09-01T00:00:00+01:00</td></tr><tr><td style="white-space:nowrap">AUT020<a name="TRE-R36-AutreDiplomeObtenu-AUT020"> </a></td><td>Diplôme Université Bamako (Mali)</td><td>2008-04-02T12:05:38+01:00</td><td>2008-04-02T12:05:38+01:00</td></tr><tr><td style="white-space:nowrap">AUT021<a name="TRE-R36-AutreDiplomeObtenu-AUT021"> </a></td><td>Diplôme Université Bucarest</td><td>2008-04-02T12:05:38+01:00</td><td>2008-04-02T12:05:38+01:00</td></tr><tr><td style="white-space:nowrap">AUT022<a name="TRE-R36-AutreDiplomeObtenu-AUT022"> </a></td><td>Diplôme Université Cluj-Napoca (Roumanie)</td><td>2008-04-02T12:05:38+01:00</td><td>2016-09-01T00:00:00+01:00</td></tr><tr><td style="white-space:nowrap">AUT023<a name="TRE-R36-AutreDiplomeObtenu-AUT023"> </a></td><td>Diplôme Université Roumanie</td><td>2008-04-02T12:05:38+01:00</td><td>2008-04-02T12:05:38+01:00</td></tr><tr><td style="white-space:nowrap">AUT024<a name="TRE-R36-AutreDiplomeObtenu-AUT024"> </a></td><td>Diplôme Université Kharkov (Russie)</td><td>2008-04-02T12:05:38+01:00</td><td>2015-12-29T00:00:00+01:00</td></tr><tr><td style="white-space:nowrap">AUT025<a name="TRE-R36-AutreDiplomeObtenu-AUT025"> </a></td><td>Faculté de Médecine, Pharmacie de Dakar</td><td>2008-04-02T12:05:38+01:00</td><td>2008-04-02T12:05:38+01:00</td></tr><tr><td style="white-space:nowrap">AUT026<a name="TRE-R36-AutreDiplomeObtenu-AUT026"> </a></td><td>Diplôme Université Damas (Syrie)</td><td>2008-04-02T12:05:38+01:00</td><td>2008-04-02T12:05:38+01:00</td></tr><tr><td style="white-space:nowrap">AUT027<a name="TRE-R36-AutreDiplomeObtenu-AUT027"> </a></td><td>Diplôme Université Monastir (Tunisie)</td><td>2008-04-02T12:05:38+01:00</td><td>2008-04-02T12:05:38+01:00</td></tr><tr><td style="white-space:nowrap">AUT028<a name="TRE-R36-AutreDiplomeObtenu-AUT028"> </a></td><td>Faculté de Médecine Hanoï (Viêt Nam)</td><td>2008-04-02T12:05:38+01:00</td><td>2008-04-02T12:05:38+01:00</td></tr><tr><td style="white-space:nowrap">AUT029<a name="TRE-R36-AutreDiplomeObtenu-AUT029"> </a></td><td>Diplôme Université Saigon (Viêt Nam)</td><td>2008-04-02T12:05:38+01:00</td><td>2016-09-01T00:00:00+01:00</td></tr><tr><td style="white-space:nowrap">AUT030<a name="TRE-R36-AutreDiplomeObtenu-AUT030"> </a></td><td>Diplôme Faculté Médecine, Pharmacie Rabat (Maroc)</td><td>2008-12-01T00:00:00+01:00</td><td>2016-09-01T00:00:00+01:00</td></tr><tr><td style="white-space:nowrap">AUT031<a name="TRE-R36-AutreDiplomeObtenu-AUT031"> </a></td><td>Diplôme équivalent d'un pays hors EEE profession Médecin</td><td>2008-12-01T00:00:00+01:00</td><td>2016-09-01T00:00:00+01:00</td></tr><tr><td style="white-space:nowrap">AUT032<a name="TRE-R36-AutreDiplomeObtenu-AUT032"> </a></td><td>Diplôme éq de Pharmacie d'un pays hors EEE</td><td>2008-12-01T00:00:00+01:00</td><td>2016-09-01T00:00:00+01:00</td></tr><tr><td style="white-space:nowrap">AUT033<a name="TRE-R36-AutreDiplomeObtenu-AUT033"> </a></td><td>Diplôme équivalent d'un pays hors EEE profession Chirurgien-Dentiste</td><td>2008-12-01T00:00:00+01:00</td><td>2016-09-01T00:00:00+01:00</td></tr><tr><td style="white-space:nowrap">AUT034<a name="TRE-R36-AutreDiplomeObtenu-AUT034"> </a></td><td>Diplôme équivalent d'un pays hors EEE profession Sage-Femme</td><td>2008-12-01T00:00:00+01:00</td><td>2016-09-01T00:00:00+01:00</td></tr><tr><td style="white-space:nowrap">AUT035<a name="TRE-R36-AutreDiplomeObtenu-AUT035"> </a></td><td>Diplôme Université d'Etat Méd Pharm Erevan (Arménie)</td><td>2008-12-15T00:00:00+01:00</td><td>2016-09-01T00:00:00+01:00</td></tr><tr><td style="white-space:nowrap">AUT036<a name="TRE-R36-AutreDiplomeObtenu-AUT036"> </a></td><td>Diplôme Université Tichrine (Syrie)</td><td>2009-09-07T00:00:00+01:00</td><td>2009-09-07T00:00:00+01:00</td></tr><tr><td style="white-space:nowrap">AUT100<a name="TRE-R36-AutreDiplomeObtenu-AUT100"> </a></td><td>Diplôme d'Etat français de docteur en Pharmacie</td><td>2008-12-19T09:01:44+01:00</td><td>2016-09-01T00:00:00+01:00</td></tr><tr><td style="white-space:nowrap">AUT101<a name="TRE-R36-AutreDiplomeObtenu-AUT101"> </a></td><td>DEES Médecine générale</td><td>2009-01-30T16:33:56+01:00</td><td>2015-12-29T00:00:00+01:00</td></tr><tr><td style="white-space:nowrap">AUT102<a name="TRE-R36-AutreDiplomeObtenu-AUT102"> </a></td><td>DEES Anesthésie réanimation</td><td>2009-01-30T16:34:00+01:00</td><td>2016-09-01T00:00:00+01:00</td></tr><tr><td style="white-space:nowrap">AUT103<a name="TRE-R36-AutreDiplomeObtenu-AUT103"> </a></td><td>DEES Chirurgie générale</td><td>2009-01-30T16:34:06+01:00</td><td>2016-09-01T00:00:00+01:00</td></tr><tr><td style="white-space:nowrap">AUT104<a name="TRE-R36-AutreDiplomeObtenu-AUT104"> </a></td><td>DEES Médecine physique et de réadaptation</td><td>2009-01-30T16:34:54+01:00</td><td>2016-09-01T00:00:00+01:00</td></tr><tr><td style="white-space:nowrap">AUT105<a name="TRE-R36-AutreDiplomeObtenu-AUT105"> </a></td><td>DEES Radio-diagnostic et Imagerie médicale</td><td>2009-01-30T16:35:12+01:00</td><td>2016-09-01T00:00:00+01:00</td></tr><tr><td style="white-space:nowrap">AUT106<a name="TRE-R36-AutreDiplomeObtenu-AUT106"> </a></td><td>DEES Rhumatologie</td><td>2009-01-30T16:35:15+01:00</td><td>2015-12-29T00:00:00+01:00</td></tr><tr><td style="white-space:nowrap">AUT107<a name="TRE-R36-AutreDiplomeObtenu-AUT107"> </a></td><td>DEES Médecine du travail</td><td>2009-01-30T16:35:26+01:00</td><td>2015-12-29T00:00:00+01:00</td></tr><tr><td style="white-space:nowrap">AUT108<a name="TRE-R36-AutreDiplomeObtenu-AUT108"> </a></td><td>DEES Neurologie</td><td>2009-01-30T16:35:41+01:00</td><td>2015-12-29T00:00:00+01:00</td></tr><tr><td style="white-space:nowrap">AUT109<a name="TRE-R36-AutreDiplomeObtenu-AUT109"> </a></td><td>DEES Pédiatrie</td><td>2009-01-30T16:36:01+01:00</td><td>2015-12-29T00:00:00+01:00</td></tr><tr><td style="white-space:nowrap">AUT110<a name="TRE-R36-AutreDiplomeObtenu-AUT110"> </a></td><td>DEES Neuro-chirurgie</td><td>2009-01-30T16:36:09+01:00</td><td>2015-12-29T00:00:00+01:00</td></tr><tr><td style="white-space:nowrap">AUT111<a name="TRE-R36-AutreDiplomeObtenu-AUT111"> </a></td><td>DEES Psychiatrie</td><td>2009-01-30T16:36:25+01:00</td><td>2015-12-29T00:00:00+01:00</td></tr><tr><td style="white-space:nowrap">AUT112<a name="TRE-R36-AutreDiplomeObtenu-AUT112"> </a></td><td>DEES Médecine générale nouveau régime</td><td>2009-01-30T16:36:38+01:00</td><td>2015-12-29T00:00:00+01:00</td></tr><tr><td style="white-space:nowrap">AUT113<a name="TRE-R36-AutreDiplomeObtenu-AUT113"> </a></td><td>DEES Cardiologie et Maladies vasculaires</td><td>2009-01-30T16:36:55+01:00</td><td>2016-09-01T00:00:00+01:00</td></tr><tr><td style="white-space:nowrap">AUT114<a name="TRE-R36-AutreDiplomeObtenu-AUT114"> </a></td><td>DEES Ophtalmologie</td><td>2009-01-30T16:36:56+01:00</td><td>2015-12-29T00:00:00+01:00</td></tr><tr><td style="white-space:nowrap">AUT115<a name="TRE-R36-AutreDiplomeObtenu-AUT115"> </a></td><td>DEES Biologie médicale</td><td>2009-01-30T16:37:16+01:00</td><td>2015-12-29T00:00:00+01:00</td></tr><tr><td style="white-space:nowrap">AUT116<a name="TRE-R36-AutreDiplomeObtenu-AUT116"> </a></td><td>DEES Chirurgie orthopédique et traumatologique</td><td>2009-01-30T16:37:19+01:00</td><td>2016-09-01T00:00:00+01:00</td></tr><tr><td style="white-space:nowrap">AUT117<a name="TRE-R36-AutreDiplomeObtenu-AUT117"> </a></td><td>DEES hématologie</td><td>2009-01-30T16:37:45+01:00</td><td>2015-12-29T00:00:00+01:00</td></tr><tr><td style="white-space:nowrap">AUT118<a name="TRE-R36-AutreDiplomeObtenu-AUT118"> </a></td><td>DEES Gynécologie-obstétrique</td><td>2009-01-30T16:37:56+01:00</td><td>2016-09-01T00:00:00+01:00</td></tr><tr><td style="white-space:nowrap">AUT119<a name="TRE-R36-AutreDiplomeObtenu-AUT119"> </a></td><td>DEES Chirurgie plastique, reconstructrice et esthétique</td><td>2009-01-30T16:38:45+01:00</td><td>2016-09-01T00:00:00+01:00</td></tr><tr><td style="white-space:nowrap">AUT120<a name="TRE-R36-AutreDiplomeObtenu-AUT120"> </a></td><td>DEES Médecine interne</td><td>2009-01-30T16:39:18+01:00</td><td>2015-12-29T00:00:00+01:00</td></tr><tr><td style="white-space:nowrap">AUT121<a name="TRE-R36-AutreDiplomeObtenu-AUT121"> </a></td><td>DEES Chirurgie urologique</td><td>2009-01-30T16:40:54+01:00</td><td>2016-09-01T00:00:00+01:00</td></tr><tr><td style="white-space:nowrap">AUT122<a name="TRE-R36-AutreDiplomeObtenu-AUT122"> </a></td><td>DEES Pathologie cardio-vasculaire</td><td>2009-01-30T16:42:17+01:00</td><td>2016-09-01T00:00:00+01:00</td></tr><tr><td style="white-space:nowrap">AUT123<a name="TRE-R36-AutreDiplomeObtenu-AUT123"> </a></td><td>DEES Radio-thérapie</td><td>2009-01-30T16:43:08+01:00</td><td>2015-12-29T00:00:00+01:00</td></tr><tr><td style="white-space:nowrap">AUT124<a name="TRE-R36-AutreDiplomeObtenu-AUT124"> </a></td><td>DEES Chirurgie vasculaire</td><td>2009-01-30T16:45:09+01:00</td><td>2016-09-01T00:00:00+01:00</td></tr><tr><td style="white-space:nowrap">AUT125<a name="TRE-R36-AutreDiplomeObtenu-AUT125"> </a></td><td>DEES Dermato-vénéréologie</td><td>2009-01-30T16:45:13+01:00</td><td>2016-09-01T00:00:00+01:00</td></tr><tr><td style="white-space:nowrap">AUT126<a name="TRE-R36-AutreDiplomeObtenu-AUT126"> </a></td><td>DEES Chirurgie orthopédique et traumatologique</td><td>2009-01-30T16:46:32+01:00</td><td>2016-09-01T00:00:00+01:00</td></tr><tr><td style="white-space:nowrap">AUT127<a name="TRE-R36-AutreDiplomeObtenu-AUT127"> </a></td><td>DEES Chirurgie vasculaire</td><td>2009-01-30T16:47:49+01:00</td><td>2016-09-01T00:00:00+01:00</td></tr><tr><td style="white-space:nowrap">AUT128<a name="TRE-R36-AutreDiplomeObtenu-AUT128"> </a></td><td>DEES Pneumologie</td><td>2009-01-30T16:48:23+01:00</td><td>2015-12-29T00:00:00+01:00</td></tr><tr><td style="white-space:nowrap">AUT129<a name="TRE-R36-AutreDiplomeObtenu-AUT129"> </a></td><td>DEES Anatomie et Cytologie pathologiques</td><td>2009-01-30T16:48:55+01:00</td><td>2016-09-01T00:00:00+01:00</td></tr><tr><td style="white-space:nowrap">AUT130<a name="TRE-R36-AutreDiplomeObtenu-AUT130"> </a></td><td>DEES Chirurgie thoracique et cardio-vasculaire</td><td>2009-01-30T16:49:50+01:00</td><td>2016-09-01T00:00:00+01:00</td></tr><tr><td style="white-space:nowrap">AUT131<a name="TRE-R36-AutreDiplomeObtenu-AUT131"> </a></td><td>DEES Psychiatrie infantile</td><td>2009-01-30T16:50:38+01:00</td><td>2016-09-01T00:00:00+01:00</td></tr><tr><td style="white-space:nowrap">AUT132<a name="TRE-R36-AutreDiplomeObtenu-AUT132"> </a></td><td>DEES ORL et Chirurgie cervico-faciale</td><td>2009-01-30T16:53:05+01:00</td><td>2016-09-01T00:00:00+01:00</td></tr><tr><td style="white-space:nowrap">AUT133<a name="TRE-R36-AutreDiplomeObtenu-AUT133"> </a></td><td>DEES ORL</td><td>2009-01-30T16:53:54+01:00</td><td>2015-12-29T00:00:00+01:00</td></tr><tr><td style="white-space:nowrap">AUT134<a name="TRE-R36-AutreDiplomeObtenu-AUT134"> </a></td><td>DEES Chirurgie thoracique et cardio-vasculaire</td><td>2009-01-30T16:55:03+01:00</td><td>2016-09-01T00:00:00+01:00</td></tr><tr><td style="white-space:nowrap">AUT135<a name="TRE-R36-AutreDiplomeObtenu-AUT135"> </a></td><td>DEES Génétique médicale</td><td>2009-01-30T17:34:38+01:00</td><td>2016-09-01T00:00:00+01:00</td></tr><tr><td style="white-space:nowrap">AUT136<a name="TRE-R36-AutreDiplomeObtenu-AUT136"> </a></td><td>DEES Néphrologie</td><td>2009-01-30T16:32:23+01:00</td><td>2015-12-29T00:00:00+01:00</td></tr><tr><td style="white-space:nowrap">AUT140<a name="TRE-R36-AutreDiplomeObtenu-AUT140"> </a></td><td>Dip d'un pays hors EEE profession Médecin</td><td>2009-02-23T11:19:55+01:00</td><td>2016-09-01T00:00:00+01:00</td></tr><tr><td style="white-space:nowrap">AUT141<a name="TRE-R36-AutreDiplomeObtenu-AUT141"> </a></td><td>Diplôme équivalent d'un pays hors EEE profession Médecin</td><td>2009-06-26T11:57:32+01:00</td><td>2016-09-01T00:00:00+01:00</td></tr><tr><td style="white-space:nowrap">AUT142<a name="TRE-R36-AutreDiplomeObtenu-AUT142"> </a></td><td>Dip Université Montréal (Canada)</td><td>2009-12-30T09:12:39+01:00</td><td>2009-12-30T09:12:39+01:00</td></tr><tr><td style="white-space:nowrap">AUT143<a name="TRE-R36-AutreDiplomeObtenu-AUT143"> </a></td><td>Dip Faculté Pharm Univ Cocody (Côte d'Ivoire)</td><td>2010-04-21T09:21:07+01:00</td><td>2016-09-01T00:00:00+01:00</td></tr><tr><td style="white-space:nowrap">AUT144<a name="TRE-R36-AutreDiplomeObtenu-AUT144"> </a></td><td>Dip Université Beyrouth</td><td>2011-04-14T09:01:37+01:00</td><td>2011-04-14T09:01:37+01:00</td></tr><tr><td style="white-space:nowrap">AUT145<a name="TRE-R36-AutreDiplomeObtenu-AUT145"> </a></td><td>Dip Faculté Pharm Univ Lattaquié (Syrie)</td><td>2012-02-28T16:28:14+01:00</td><td>2015-12-29T00:00:00+01:00</td></tr><tr><td style="white-space:nowrap">AUT154<a name="TRE-R36-AutreDiplomeObtenu-AUT154"> </a></td><td>Dip Université Saint-Joseph Beyrouth</td><td>2015-02-09T00:00:00+01:00</td><td>2015-02-09T00:00:00+01:00</td></tr><tr><td style="white-space:nowrap">AUT159<a name="TRE-R36-AutreDiplomeObtenu-AUT159"> </a></td><td>Dip Faculté Pharm Univ Alep (Syrie)</td><td>2015-02-09T00:00:00+01:00</td><td>2016-09-01T00:00:00+01:00</td></tr><tr><td style="white-space:nowrap">AUT164<a name="TRE-R36-AutreDiplomeObtenu-AUT164"> </a></td><td>Dip Faculté Pharm Univ Koursk (Russie)</td><td>2015-02-09T00:00:00+01:00</td><td>2016-09-01T00:00:00+01:00</td></tr><tr><td style="white-space:nowrap">AUT169<a name="TRE-R36-AutreDiplomeObtenu-AUT169"> </a></td><td>Dip Université Mogi das Cruzes (Brésil)</td><td>2015-02-09T00:00:00+01:00</td><td>2016-09-01T00:00:00+01:00</td></tr><tr><td style="white-space:nowrap">AUT174<a name="TRE-R36-AutreDiplomeObtenu-AUT174"> </a></td><td>Diplôme Faculté Méd Univ Tirana Département Pharm (Albanie)</td><td>2015-02-09T00:00:00+01:00</td><td>2016-09-01T00:00:00+01:00</td></tr><tr><td style="white-space:nowrap">AUT179<a name="TRE-R36-AutreDiplomeObtenu-AUT179"> </a></td><td>Dip Université Al Baath (Homs,Syrie)</td><td>2015-02-09T00:00:00+01:00</td><td>2016-09-01T00:00:00+01:00</td></tr><tr><td style="white-space:nowrap">AUT184<a name="TRE-R36-AutreDiplomeObtenu-AUT184"> </a></td><td>Dip Université de Saint-Petersbourg (Russie)</td><td>2015-02-09T00:00:00+01:00</td><td>2016-09-01T00:00:00+01:00</td></tr><tr><td style="white-space:nowrap">AUT189<a name="TRE-R36-AutreDiplomeObtenu-AUT189"> </a></td><td>Dip Université Lima (Pérou)</td><td>2015-02-09T00:00:00+01:00</td><td>2015-02-09T00:00:00+01:00</td></tr><tr><td style="white-space:nowrap">AUT194<a name="TRE-R36-AutreDiplomeObtenu-AUT194"> </a></td><td>Dip Université Cordoba (Argentine)</td><td>2015-02-09T00:00:00+01:00</td><td>2016-09-01T00:00:00+01:00</td></tr><tr><td style="white-space:nowrap">AUT199<a name="TRE-R36-AutreDiplomeObtenu-AUT199"> </a></td><td>Nomenclature interne</td><td>2015-02-09T00:00:00+01:00</td><td>2015-02-09T00:00:00+01:00</td></tr><tr><td style="white-space:nowrap">AUT204<a name="TRE-R36-AutreDiplomeObtenu-AUT204"> </a></td><td>Dip Université Chisinau (Moldavie)</td><td>2015-02-09T00:00:00+01:00</td><td>2015-02-09T00:00:00+01:00</td></tr><tr><td style="white-space:nowrap">AUT209<a name="TRE-R36-AutreDiplomeObtenu-AUT209"> </a></td><td>Diplôme Univ Djillali Liabès, Sidi Bel Abbès (Algérie)</td><td>2015-02-09T00:00:00+01:00</td><td>2016-09-01T00:00:00+01:00</td></tr><tr><td style="white-space:nowrap">AUT214<a name="TRE-R36-AutreDiplomeObtenu-AUT214"> </a></td><td>Dip Université de Moscou (Russie)</td><td>2015-02-09T00:00:00+01:00</td><td>2015-02-09T00:00:00+01:00</td></tr></table></div>
  </text>
  <extension url="http://hl7.org/fhir/StructureDefinition/resource-effectivePeriod">
    <valuePeriod>
      <start value="2015-12-29T00:00:00+01:00"/>
    </valuePeriod>
  </extension>
  <url value="https://mos.esante.gouv.fr/NOS/TRE_R36-AutreDiplomeObtenu/FHIR/TRE-R36-AutreDiplomeObtenu"/>
  <identifier>
    <value value="urn:oid:1.2.250.1.213.1.6.1.54"/>
  </identifier>
  <version value="1.3.0"/>
  <name value="TRE_R36-AutreDiplomeObtenu"/>
  <status value="active"/>
  <date value="2023-12-15T12:00:00+01:00"/>
  <publisher value="ANS"/>
  <contact>
    <name value="ANS"/>
    <telecom>
      <system value="url"/>
      <value value="https://esante.gouv.fr"/>
    </telecom>
  </contact>
  <description value="Autre diplôme obtenu"/>
  <content value="complete"/>
  <property>
    <code value="dateValid"/>
    <description value="date de validité d'un code concept"/>
    <type value="dateTime"/>
  </property>
  <property>
    <code value="dateMaj"/>
    <description value="Date de mise à jour d'un code concept"/>
    <type value="dateTime"/>
  </property>
  <property>
    <code value="dateFin"/>
    <description value="Date de fin d'exploitation d'un code concept"/>
    <type value="dateTime"/>
  </property>
  <concept>
    <code value="AUT001"/>
    <display value="Diplôme Université Kabul (Afghanistan)"/>
    <designation>
      <use>
        <code value="LibelleCourt"/>
      </use>
      <value value="Dip Univ Kabul (Afghanistan)"/>
    </designation>
    <designation>
      <use>
        <code value="LibelleAdapte"/>
      </use>
      <value value="Diplôme Université Kabul (Afghanistan)"/>
    </designation>
    <property>
      <code value="dateValid"/>
      <valueDateTime value="2008-04-02T12:05:38+01:00"/>
    </property>
    <property>
      <code value="dateMaj"/>
      <valueDateTime value="2008-04-02T12:05:38+01:00"/>
    </property>
  </concept>
  <concept>
    <code value="AUT002"/>
    <display value="Faculté de Médecine de Annaba (Algérie)"/>
    <designation>
      <use>
        <code value="LibelleCourt"/>
      </use>
      <value value="Fac Médecine Annaba (Algérie)"/>
    </designation>
    <designation>
      <use>
        <code value="LibelleAdapte"/>
      </use>
      <value value="Faculté de Médecine de Annaba (Algérie)"/>
    </designation>
    <property>
      <code value="dateValid"/>
      <valueDateTime value="2008-04-02T12:05:38+01:00"/>
    </property>
    <property>
      <code value="dateMaj"/>
      <valueDateTime value="2016-09-01T00:00:00+01:00"/>
    </property>
  </concept>
  <concept>
    <code value="AUT003"/>
    <display value="Diplôme Université Alger (Algérie)"/>
    <designation>
      <use>
        <code value="LibelleCourt"/>
      </use>
      <value value="Dip Univ Alger (Algérie)"/>
    </designation>
    <designation>
      <use>
        <code value="LibelleAdapte"/>
      </use>
      <value value="Diplôme Université Alger (Algérie)"/>
    </designation>
    <property>
      <code value="dateValid"/>
      <valueDateTime value="2008-04-02T12:05:38+01:00"/>
    </property>
    <property>
      <code value="dateMaj"/>
      <valueDateTime value="2015-12-29T00:00:00+01:00"/>
    </property>
  </concept>
  <concept>
    <code value="AUT004"/>
    <display value="Diplôme Université Constantine (Algérie)"/>
    <designation>
      <use>
        <code value="LibelleCourt"/>
      </use>
      <value value="Dip Univ Constantine (Algérie)"/>
    </designation>
    <designation>
      <use>
        <code value="LibelleAdapte"/>
      </use>
      <value value="Diplôme Université Constantine (Algérie)"/>
    </designation>
    <property>
      <code value="dateValid"/>
      <valueDateTime value="2008-04-02T12:05:38+01:00"/>
    </property>
    <property>
      <code value="dateMaj"/>
      <valueDateTime value="2008-04-02T12:05:38+01:00"/>
    </property>
  </concept>
  <concept>
    <code value="AUT005"/>
    <display value="Diplôme Université Oran (Algérie)"/>
    <designation>
      <use>
        <code value="LibelleCourt"/>
      </use>
      <value value="Dip Univ Oran (Algérie)"/>
    </designation>
    <designation>
      <use>
        <code value="LibelleAdapte"/>
      </use>
      <value value="Diplôme Université Oran (Algérie)"/>
    </designation>
    <property>
      <code value="dateValid"/>
      <valueDateTime value="2008-04-02T12:05:38+01:00"/>
    </property>
    <property>
      <code value="dateMaj"/>
      <valueDateTime value="2008-04-02T12:05:38+01:00"/>
    </property>
  </concept>
  <concept>
    <code value="AUT006"/>
    <display value="Diplôme Université Buenos Aires (Argentine)"/>
    <designation>
      <use>
        <code value="LibelleCourt"/>
      </use>
      <value value="Dip Univ Buenos Aires"/>
    </designation>
    <designation>
      <use>
        <code value="LibelleAdapte"/>
      </use>
      <value value="Diplôme Université Buenos Aires (Argentine)"/>
    </designation>
    <property>
      <code value="dateValid"/>
      <valueDateTime value="2008-04-02T12:05:38+01:00"/>
    </property>
    <property>
      <code value="dateMaj"/>
      <valueDateTime value="2016-09-01T00:00:00+01:00"/>
    </property>
  </concept>
  <concept>
    <code value="AUT007"/>
    <display value="Diplôme Université Australie"/>
    <designation>
      <use>
        <code value="LibelleCourt"/>
      </use>
      <value value="Dip Univ Australie"/>
    </designation>
    <designation>
      <use>
        <code value="LibelleAdapte"/>
      </use>
      <value value="Diplôme Université Australie"/>
    </designation>
    <property>
      <code value="dateValid"/>
      <valueDateTime value="2008-04-02T12:05:38+01:00"/>
    </property>
    <property>
      <code value="dateMaj"/>
      <valueDateTime value="2008-04-02T12:05:38+01:00"/>
    </property>
  </concept>
  <concept>
    <code value="AUT008"/>
    <display value="Diplôme Université Santa-Catarina (Brésil)"/>
    <designation>
      <use>
        <code value="LibelleCourt"/>
      </use>
      <value value="Dip Univ Sta-Catarina (Brésil)"/>
    </designation>
    <designation>
      <use>
        <code value="LibelleAdapte"/>
      </use>
      <value value="Diplôme Université Santa-Catarina (Brésil)"/>
    </designation>
    <property>
      <code value="dateValid"/>
      <valueDateTime value="2008-04-02T12:05:38+01:00"/>
    </property>
    <property>
      <code value="dateMaj"/>
      <valueDateTime value="2016-09-01T00:00:00+01:00"/>
    </property>
  </concept>
  <concept>
    <code value="AUT009"/>
    <display value="Diplôme Université de Médecine de Sofia"/>
    <designation>
      <use>
        <code value="LibelleCourt"/>
      </use>
      <value value="Dip Univ de Médecine de Sofia"/>
    </designation>
    <designation>
      <use>
        <code value="LibelleAdapte"/>
      </use>
      <value value="Diplôme Université de Médecine de Sofia"/>
    </designation>
    <property>
      <code value="dateValid"/>
      <valueDateTime value="2008-04-02T12:05:38+01:00"/>
    </property>
    <property>
      <code value="dateMaj"/>
      <valueDateTime value="2008-04-02T12:05:38+01:00"/>
    </property>
  </concept>
  <concept>
    <code value="AUT010"/>
    <display value="Diplôme Université Santiago (Chili)"/>
    <designation>
      <use>
        <code value="LibelleCourt"/>
      </use>
      <value value="Dip Univ Santiago (Chili)"/>
    </designation>
    <designation>
      <use>
        <code value="LibelleAdapte"/>
      </use>
      <value value="Diplôme Université Santiago (Chili)"/>
    </designation>
    <property>
      <code value="dateValid"/>
      <valueDateTime value="2008-04-02T12:05:38+01:00"/>
    </property>
    <property>
      <code value="dateMaj"/>
      <valueDateTime value="2008-04-02T12:05:38+01:00"/>
    </property>
  </concept>
  <concept>
    <code value="AUT011"/>
    <display value="Diplôme Université Congo"/>
    <designation>
      <use>
        <code value="LibelleCourt"/>
      </use>
      <value value="Dip Univ Congo"/>
    </designation>
    <designation>
      <use>
        <code value="LibelleAdapte"/>
      </use>
      <value value="Diplôme Université Congo"/>
    </designation>
    <property>
      <code value="dateValid"/>
      <valueDateTime value="2008-04-02T12:05:38+01:00"/>
    </property>
    <property>
      <code value="dateMaj"/>
      <valueDateTime value="2008-04-02T12:05:38+01:00"/>
    </property>
  </concept>
  <concept>
    <code value="AUT012"/>
    <display value="Diplôme Université Danemark"/>
    <designation>
      <use>
        <code value="LibelleCourt"/>
      </use>
      <value value="Dip Univ Danemark"/>
    </designation>
    <designation>
      <use>
        <code value="LibelleAdapte"/>
      </use>
      <value value="Diplôme Université Danemark"/>
    </designation>
    <property>
      <code value="dateValid"/>
      <valueDateTime value="2008-04-02T12:05:38+01:00"/>
    </property>
    <property>
      <code value="dateMaj"/>
      <valueDateTime value="2008-04-02T12:05:38+01:00"/>
    </property>
  </concept>
  <concept>
    <code value="AUT013"/>
    <display value="Diplôme Université Alexandrie (Egypte)"/>
    <designation>
      <use>
        <code value="LibelleCourt"/>
      </use>
      <value value="Dip Univ Alexandrie (Egypte)"/>
    </designation>
    <designation>
      <use>
        <code value="LibelleAdapte"/>
      </use>
      <value value="Diplôme Université Alexandrie (Egypte)"/>
    </designation>
    <property>
      <code value="dateValid"/>
      <valueDateTime value="2008-04-02T12:05:38+01:00"/>
    </property>
    <property>
      <code value="dateMaj"/>
      <valueDateTime value="2008-04-02T12:05:38+01:00"/>
    </property>
  </concept>
  <concept>
    <code value="AUT014"/>
    <display value="Diplôme Université Le Caire (Egypte)"/>
    <designation>
      <use>
        <code value="LibelleCourt"/>
      </use>
      <value value="Dip Univ Le Caire (Egypte)"/>
    </designation>
    <designation>
      <use>
        <code value="LibelleAdapte"/>
      </use>
      <value value="Diplôme Université Le Caire (Egypte)"/>
    </designation>
    <property>
      <code value="dateValid"/>
      <valueDateTime value="2008-04-02T12:05:38+01:00"/>
    </property>
    <property>
      <code value="dateMaj"/>
      <valueDateTime value="2008-04-02T12:05:38+01:00"/>
    </property>
  </concept>
  <concept>
    <code value="AUT015"/>
    <display value="Diplôme Université Athènes (Grèce)"/>
    <designation>
      <use>
        <code value="LibelleCourt"/>
      </use>
      <value value="Dip Univ Athènes (Grèce)"/>
    </designation>
    <designation>
      <use>
        <code value="LibelleAdapte"/>
      </use>
      <value value="Diplôme Université Athènes (Grèce)"/>
    </designation>
    <property>
      <code value="dateValid"/>
      <valueDateTime value="2008-04-02T12:05:38+01:00"/>
    </property>
    <property>
      <code value="dateMaj"/>
      <valueDateTime value="2015-12-29T00:00:00+01:00"/>
    </property>
  </concept>
  <concept>
    <code value="AUT016"/>
    <display value="Diplôme Université San Carlos (Guatemala)"/>
    <designation>
      <use>
        <code value="LibelleCourt"/>
      </use>
      <value value="Dip Univ SanCarlos (Guatemala)"/>
    </designation>
    <designation>
      <use>
        <code value="LibelleAdapte"/>
      </use>
      <value value="Diplôme Université San Carlos (Guatemala)"/>
    </designation>
    <property>
      <code value="dateValid"/>
      <valueDateTime value="2008-04-02T12:05:38+01:00"/>
    </property>
    <property>
      <code value="dateMaj"/>
      <valueDateTime value="2016-09-01T00:00:00+01:00"/>
    </property>
  </concept>
  <concept>
    <code value="AUT017"/>
    <display value="Diplôme Université Conakry (Guinée)"/>
    <designation>
      <use>
        <code value="LibelleCourt"/>
      </use>
      <value value="Dip Univ Conakry (Guinée)"/>
    </designation>
    <designation>
      <use>
        <code value="LibelleAdapte"/>
      </use>
      <value value="Diplôme Université Conakry (Guinée)"/>
    </designation>
    <property>
      <code value="dateValid"/>
      <valueDateTime value="2008-04-02T12:05:38+01:00"/>
    </property>
    <property>
      <code value="dateMaj"/>
      <valueDateTime value="2008-04-02T12:05:38+01:00"/>
    </property>
  </concept>
  <concept>
    <code value="AUT018"/>
    <display value="Diplôme Université Téhéran (Iran)"/>
    <designation>
      <use>
        <code value="LibelleCourt"/>
      </use>
      <value value="Dip Univ Téhéran (Iran)"/>
    </designation>
    <designation>
      <use>
        <code value="LibelleAdapte"/>
      </use>
      <value value="Diplôme Université Téhéran (Iran)"/>
    </designation>
    <property>
      <code value="dateValid"/>
      <valueDateTime value="2008-04-02T12:05:38+01:00"/>
    </property>
    <property>
      <code value="dateMaj"/>
      <valueDateTime value="2008-04-02T12:05:38+01:00"/>
    </property>
  </concept>
  <concept>
    <code value="AUT019"/>
    <display value="Faculté de Pharmacie Université Saint-Joseph Beyrouth"/>
    <designation>
      <use>
        <code value="LibelleCourt"/>
      </use>
      <value value="Fac Pharm St-Joseph Beyrouth"/>
    </designation>
    <designation>
      <use>
        <code value="LibelleAdapte"/>
      </use>
      <value value="Faculté de Pharmacie Université Saint-Joseph Beyrouth"/>
    </designation>
    <property>
      <code value="dateValid"/>
      <valueDateTime value="2008-04-02T12:05:38+01:00"/>
    </property>
    <property>
      <code value="dateMaj"/>
      <valueDateTime value="2016-09-01T00:00:00+01:00"/>
    </property>
  </concept>
  <concept>
    <code value="AUT020"/>
    <display value="Diplôme Université Bamako (Mali)"/>
    <designation>
      <use>
        <code value="LibelleCourt"/>
      </use>
      <value value="Dip Univ Bamako (Mali)"/>
    </designation>
    <designation>
      <use>
        <code value="LibelleAdapte"/>
      </use>
      <value value="Diplôme Université Bamako (Mali)"/>
    </designation>
    <property>
      <code value="dateValid"/>
      <valueDateTime value="2008-04-02T12:05:38+01:00"/>
    </property>
    <property>
      <code value="dateMaj"/>
      <valueDateTime value="2008-04-02T12:05:38+01:00"/>
    </property>
  </concept>
  <concept>
    <code value="AUT021"/>
    <display value="Diplôme Université Bucarest"/>
    <designation>
      <use>
        <code value="LibelleCourt"/>
      </use>
      <value value="Dip Univ Bucarest"/>
    </designation>
    <designation>
      <use>
        <code value="LibelleAdapte"/>
      </use>
      <value value="Diplôme Université Bucarest"/>
    </designation>
    <property>
      <code value="dateValid"/>
      <valueDateTime value="2008-04-02T12:05:38+01:00"/>
    </property>
    <property>
      <code value="dateMaj"/>
      <valueDateTime value="2008-04-02T12:05:38+01:00"/>
    </property>
  </concept>
  <concept>
    <code value="AUT022"/>
    <display value="Diplôme Université Cluj-Napoca (Roumanie)"/>
    <designation>
      <use>
        <code value="LibelleCourt"/>
      </use>
      <value value="Dip Univ Cluj-Napoca, Roumanie"/>
    </designation>
    <designation>
      <use>
        <code value="LibelleAdapte"/>
      </use>
      <value value="Diplôme Université Cluj-Napoca (Roumanie)"/>
    </designation>
    <property>
      <code value="dateValid"/>
      <valueDateTime value="2008-04-02T12:05:38+01:00"/>
    </property>
    <property>
      <code value="dateMaj"/>
      <valueDateTime value="2016-09-01T00:00:00+01:00"/>
    </property>
  </concept>
  <concept>
    <code value="AUT023"/>
    <display value="Diplôme Université Roumanie"/>
    <designation>
      <use>
        <code value="LibelleCourt"/>
      </use>
      <value value="Dip Univ Roumanie"/>
    </designation>
    <designation>
      <use>
        <code value="LibelleAdapte"/>
      </use>
      <value value="Diplôme Université Roumanie"/>
    </designation>
    <property>
      <code value="dateValid"/>
      <valueDateTime value="2008-04-02T12:05:38+01:00"/>
    </property>
    <property>
      <code value="dateMaj"/>
      <valueDateTime value="2008-04-02T12:05:38+01:00"/>
    </property>
  </concept>
  <concept>
    <code value="AUT024"/>
    <display value="Diplôme Université Kharkov (Russie)"/>
    <designation>
      <use>
        <code value="LibelleCourt"/>
      </use>
      <value value="Dip Univ Kharkov (Russie)"/>
    </designation>
    <designation>
      <use>
        <code value="LibelleAdapte"/>
      </use>
      <value value="Diplôme Université Kharkov (Russie)"/>
    </designation>
    <property>
      <code value="dateValid"/>
      <valueDateTime value="2008-04-02T12:05:38+01:00"/>
    </property>
    <property>
      <code value="dateMaj"/>
      <valueDateTime value="2015-12-29T00:00:00+01:00"/>
    </property>
  </concept>
  <concept>
    <code value="AUT025"/>
    <display value="Faculté de Médecine, Pharmacie de Dakar"/>
    <designation>
      <use>
        <code value="LibelleCourt"/>
      </use>
      <value value="Fac Médecine, Pharmacie, Dakar"/>
    </designation>
    <designation>
      <use>
        <code value="LibelleAdapte"/>
      </use>
      <value value="Faculté de Médecine, de Pharmacie de Dakar"/>
    </designation>
    <property>
      <code value="dateValid"/>
      <valueDateTime value="2008-04-02T12:05:38+01:00"/>
    </property>
    <property>
      <code value="dateMaj"/>
      <valueDateTime value="2008-04-02T12:05:38+01:00"/>
    </property>
  </concept>
  <concept>
    <code value="AUT026"/>
    <display value="Diplôme Université Damas (Syrie)"/>
    <designation>
      <use>
        <code value="LibelleCourt"/>
      </use>
      <value value="Dip Univ Damas (Syrie)"/>
    </designation>
    <designation>
      <use>
        <code value="LibelleAdapte"/>
      </use>
      <value value="Diplôme Université Damas (Syrie)"/>
    </designation>
    <property>
      <code value="dateValid"/>
      <valueDateTime value="2008-04-02T12:05:38+01:00"/>
    </property>
    <property>
      <code value="dateMaj"/>
      <valueDateTime value="2008-04-02T12:05:38+01:00"/>
    </property>
  </concept>
  <concept>
    <code value="AUT027"/>
    <display value="Diplôme Université Monastir (Tunisie)"/>
    <designation>
      <use>
        <code value="LibelleCourt"/>
      </use>
      <value value="Dip Univ Monastir (Tunisie)"/>
    </designation>
    <designation>
      <use>
        <code value="LibelleAdapte"/>
      </use>
      <value value="Diplôme Université Monastir (Tunisie)"/>
    </designation>
    <property>
      <code value="dateValid"/>
      <valueDateTime value="2008-04-02T12:05:38+01:00"/>
    </property>
    <property>
      <code value="dateMaj"/>
      <valueDateTime value="2008-04-02T12:05:38+01:00"/>
    </property>
  </concept>
  <concept>
    <code value="AUT028"/>
    <display value="Faculté de Médecine Hanoï (Viêt Nam)"/>
    <designation>
      <use>
        <code value="LibelleCourt"/>
      </use>
      <value value="Fac Médecine Hanoï (Viêt Nam)"/>
    </designation>
    <designation>
      <use>
        <code value="LibelleAdapte"/>
      </use>
      <value value="Faculté de Médecine Hanoï (Viêt Nam)"/>
    </designation>
    <property>
      <code value="dateValid"/>
      <valueDateTime value="2008-04-02T12:05:38+01:00"/>
    </property>
    <property>
      <code value="dateMaj"/>
      <valueDateTime value="2008-04-02T12:05:38+01:00"/>
    </property>
  </concept>
  <concept>
    <code value="AUT029"/>
    <display value="Diplôme Université Saigon (Viêt Nam)"/>
    <designation>
      <use>
        <code value="LibelleCourt"/>
      </use>
      <value value="Dip Univ Saigon (Viêt Nam)"/>
    </designation>
    <designation>
      <use>
        <code value="LibelleAdapte"/>
      </use>
      <value value="Diplôme Université Saigon (Viêt Nam)"/>
    </designation>
    <property>
      <code value="dateValid"/>
      <valueDateTime value="2008-04-02T12:05:38+01:00"/>
    </property>
    <property>
      <code value="dateMaj"/>
      <valueDateTime value="2016-09-01T00:00:00+01:00"/>
    </property>
  </concept>
  <concept>
    <code value="AUT030"/>
    <display value="Diplôme Faculté Médecine, Pharmacie Rabat (Maroc)"/>
    <designation>
      <use>
        <code value="LibelleCourt"/>
      </use>
      <value value="Dip Fac Méd, Pharm Rabat"/>
    </designation>
    <designation>
      <use>
        <code value="LibelleAdapte"/>
      </use>
      <value value="Diplôme Faculté Méd Pharm Rabat (Maroc)"/>
    </designation>
    <property>
      <code value="dateValid"/>
      <valueDateTime value="2008-12-01T00:00:00+01:00"/>
    </property>
    <property>
      <code value="dateMaj"/>
      <valueDateTime value="2016-09-01T00:00:00+01:00"/>
    </property>
  </concept>
  <concept>
    <code value="AUT031"/>
    <display value="Diplôme équivalent d'un pays hors EEE profession Médecin"/>
    <designation>
      <use>
        <code value="LibelleCourt"/>
      </use>
      <value value="Dip éq pays hors EEE Médecin"/>
    </designation>
    <designation>
      <use>
        <code value="LibelleAdapte"/>
      </use>
      <value value="Diplôme équivalent d'un pays hors EEE profession Médecin"/>
    </designation>
    <property>
      <code value="dateValid"/>
      <valueDateTime value="2008-12-01T00:00:00+01:00"/>
    </property>
    <property>
      <code value="dateMaj"/>
      <valueDateTime value="2016-09-01T00:00:00+01:00"/>
    </property>
  </concept>
  <concept>
    <code value="AUT032"/>
    <display value="Diplôme éq de Pharmacie d'un pays hors EEE"/>
    <designation>
      <use>
        <code value="LibelleCourt"/>
      </use>
      <value value="Dip éq Pharmacie pays hors EEE"/>
    </designation>
    <designation>
      <use>
        <code value="LibelleAdapte"/>
      </use>
      <value value="Diplôme équivalent de Pharmacie d'un pays hors EEE"/>
    </designation>
    <property>
      <code value="dateValid"/>
      <valueDateTime value="2008-12-01T00:00:00+01:00"/>
    </property>
    <property>
      <code value="dateMaj"/>
      <valueDateTime value="2016-09-01T00:00:00+01:00"/>
    </property>
  </concept>
  <concept>
    <code value="AUT033"/>
    <display value="Diplôme équivalent d'un pays hors EEE profession Chirurgien-Dentiste"/>
    <designation>
      <use>
        <code value="LibelleCourt"/>
      </use>
      <value value="Dip éq pays hors EEE Chir-Dent"/>
    </designation>
    <designation>
      <use>
        <code value="LibelleAdapte"/>
      </use>
      <value value="Diplôme équivalent d'un pays hors EEE profession Chirurgien-Dentiste"/>
    </designation>
    <property>
      <code value="dateValid"/>
      <valueDateTime value="2008-12-01T00:00:00+01:00"/>
    </property>
    <property>
      <code value="dateMaj"/>
      <valueDateTime value="2016-09-01T00:00:00+01:00"/>
    </property>
  </concept>
  <concept>
    <code value="AUT034"/>
    <display value="Diplôme équivalent d'un pays hors EEE profession Sage-Femme"/>
    <designation>
      <use>
        <code value="LibelleCourt"/>
      </use>
      <value value="Dip éq pays hors EEE Sage-Fem"/>
    </designation>
    <designation>
      <use>
        <code value="LibelleAdapte"/>
      </use>
      <value value="Diplôme équivalent d'un pays hors EEE profession Sage-Femme"/>
    </designation>
    <property>
      <code value="dateValid"/>
      <valueDateTime value="2008-12-01T00:00:00+01:00"/>
    </property>
    <property>
      <code value="dateMaj"/>
      <valueDateTime value="2016-09-01T00:00:00+01:00"/>
    </property>
  </concept>
  <concept>
    <code value="AUT035"/>
    <display value="Diplôme Université d'Etat Méd Pharm Erevan (Arménie)"/>
    <designation>
      <use>
        <code value="LibelleCourt"/>
      </use>
      <value value="Dip Univ Etat Méd, Phar Erevan"/>
    </designation>
    <designation>
      <use>
        <code value="LibelleAdapte"/>
      </use>
      <value value="Diplôme Université d'Etat Méd Pharm Erevan (Arménie)"/>
    </designation>
    <property>
      <code value="dateValid"/>
      <valueDateTime value="2008-12-15T00:00:00+01:00"/>
    </property>
    <property>
      <code value="dateMaj"/>
      <valueDateTime value="2016-09-01T00:00:00+01:00"/>
    </property>
  </concept>
  <concept>
    <code value="AUT036"/>
    <display value="Diplôme Université Tichrine (Syrie)"/>
    <designation>
      <use>
        <code value="LibelleCourt"/>
      </use>
      <value value="Dip Univ Tichrine (Syrie)"/>
    </designation>
    <designation>
      <use>
        <code value="LibelleAdapte"/>
      </use>
      <value value="Diplôme Université Tichrine (Syrie)"/>
    </designation>
    <property>
      <code value="dateValid"/>
      <valueDateTime value="2009-09-07T00:00:00+01:00"/>
    </property>
    <property>
      <code value="dateMaj"/>
      <valueDateTime value="2009-09-07T00:00:00+01:00"/>
    </property>
  </concept>
  <concept>
    <code value="AUT100"/>
    <display value="Diplôme d'Etat français de docteur en Pharmacie"/>
    <designation>
      <use>
        <code value="LibelleCourt"/>
      </use>
      <value value="DE français docteur Pharmacie"/>
    </designation>
    <designation>
      <use>
        <code value="LibelleAdapte"/>
      </use>
      <value value="Diplôme d'Etat français de docteur en Pharmacie"/>
    </designation>
    <property>
      <code value="dateValid"/>
      <valueDateTime value="2008-12-19T09:01:44+01:00"/>
    </property>
    <property>
      <code value="dateMaj"/>
      <valueDateTime value="2016-09-01T00:00:00+01:00"/>
    </property>
  </concept>
  <concept>
    <code value="AUT101"/>
    <display value="DEES Médecine générale"/>
    <designation>
      <use>
        <code value="LibelleCourt"/>
      </use>
      <value value="DEES Médecine générale"/>
    </designation>
    <designation>
      <use>
        <code value="LibelleAdapte"/>
      </use>
      <value value="DEES Médecine générale"/>
    </designation>
    <property>
      <code value="dateValid"/>
      <valueDateTime value="2009-01-30T16:33:56+01:00"/>
    </property>
    <property>
      <code value="dateMaj"/>
      <valueDateTime value="2015-12-29T00:00:00+01:00"/>
    </property>
  </concept>
  <concept>
    <code value="AUT102"/>
    <display value="DEES Anesthésie réanimation"/>
    <designation>
      <use>
        <code value="LibelleCourt"/>
      </use>
      <value value="DEES Anesthésie réanimation"/>
    </designation>
    <designation>
      <use>
        <code value="LibelleAdapte"/>
      </use>
      <value value="DEES Anesthésie réanimation"/>
    </designation>
    <property>
      <code value="dateValid"/>
      <valueDateTime value="2009-01-30T16:34:00+01:00"/>
    </property>
    <property>
      <code value="dateMaj"/>
      <valueDateTime value="2016-09-01T00:00:00+01:00"/>
    </property>
  </concept>
  <concept>
    <code value="AUT103"/>
    <display value="DEES Chirurgie générale"/>
    <designation>
      <use>
        <code value="LibelleCourt"/>
      </use>
      <value value="DEES Chirurgie générale"/>
    </designation>
    <designation>
      <use>
        <code value="LibelleAdapte"/>
      </use>
      <value value="DEES Chirurgie générale"/>
    </designation>
    <property>
      <code value="dateValid"/>
      <valueDateTime value="2009-01-30T16:34:06+01:00"/>
    </property>
    <property>
      <code value="dateMaj"/>
      <valueDateTime value="2016-09-01T00:00:00+01:00"/>
    </property>
  </concept>
  <concept>
    <code value="AUT104"/>
    <display value="DEES Médecine physique et de réadaptation"/>
    <designation>
      <use>
        <code value="LibelleCourt"/>
      </use>
      <value value="DEES Médecine physiq, réadapt"/>
    </designation>
    <designation>
      <use>
        <code value="LibelleAdapte"/>
      </use>
      <value value="DEES Médecine physique et de réadaptation"/>
    </designation>
    <property>
      <code value="dateValid"/>
      <valueDateTime value="2009-01-30T16:34:54+01:00"/>
    </property>
    <property>
      <code value="dateMaj"/>
      <valueDateTime value="2016-09-01T00:00:00+01:00"/>
    </property>
  </concept>
  <concept>
    <code value="AUT105"/>
    <display value="DEES Radio-diagnostic et Imagerie médicale"/>
    <designation>
      <use>
        <code value="LibelleCourt"/>
      </use>
      <value value="DEES Radio-diag, Imagerie méd"/>
    </designation>
    <designation>
      <use>
        <code value="LibelleAdapte"/>
      </use>
      <value value="DEES Radio-diagnostic et Imagerie médicale"/>
    </designation>
    <property>
      <code value="dateValid"/>
      <valueDateTime value="2009-01-30T16:35:12+01:00"/>
    </property>
    <property>
      <code value="dateMaj"/>
      <valueDateTime value="2016-09-01T00:00:00+01:00"/>
    </property>
  </concept>
  <concept>
    <code value="AUT106"/>
    <display value="DEES Rhumatologie"/>
    <designation>
      <use>
        <code value="LibelleCourt"/>
      </use>
      <value value="DEES Rhumatologie"/>
    </designation>
    <designation>
      <use>
        <code value="LibelleAdapte"/>
      </use>
      <value value="DEES Rhumatologie"/>
    </designation>
    <property>
      <code value="dateValid"/>
      <valueDateTime value="2009-01-30T16:35:15+01:00"/>
    </property>
    <property>
      <code value="dateMaj"/>
      <valueDateTime value="2015-12-29T00:00:00+01:00"/>
    </property>
  </concept>
  <concept>
    <code value="AUT107"/>
    <display value="DEES Médecine du travail"/>
    <designation>
      <use>
        <code value="LibelleCourt"/>
      </use>
      <value value="DEES Médecine du travail"/>
    </designation>
    <designation>
      <use>
        <code value="LibelleAdapte"/>
      </use>
      <value value="DEES Médecine du travail"/>
    </designation>
    <property>
      <code value="dateValid"/>
      <valueDateTime value="2009-01-30T16:35:26+01:00"/>
    </property>
    <property>
      <code value="dateMaj"/>
      <valueDateTime value="2015-12-29T00:00:00+01:00"/>
    </property>
  </concept>
  <concept>
    <code value="AUT108"/>
    <display value="DEES Neurologie"/>
    <designation>
      <use>
        <code value="LibelleCourt"/>
      </use>
      <value value="DEES Neurologie"/>
    </designation>
    <designation>
      <use>
        <code value="LibelleAdapte"/>
      </use>
      <value value="DEES Neurologie"/>
    </designation>
    <property>
      <code value="dateValid"/>
      <valueDateTime value="2009-01-30T16:35:41+01:00"/>
    </property>
    <property>
      <code value="dateMaj"/>
      <valueDateTime value="2015-12-29T00:00:00+01:00"/>
    </property>
  </concept>
  <concept>
    <code value="AUT109"/>
    <display value="DEES Pédiatrie"/>
    <designation>
      <use>
        <code value="LibelleCourt"/>
      </use>
      <value value="DEES Pédiatrie"/>
    </designation>
    <designation>
      <use>
        <code value="LibelleAdapte"/>
      </use>
      <value value="DEES Pédiatrie"/>
    </designation>
    <property>
      <code value="dateValid"/>
      <valueDateTime value="2009-01-30T16:36:01+01:00"/>
    </property>
    <property>
      <code value="dateMaj"/>
      <valueDateTime value="2015-12-29T00:00:00+01:00"/>
    </property>
  </concept>
  <concept>
    <code value="AUT110"/>
    <display value="DEES Neuro-chirurgie"/>
    <designation>
      <use>
        <code value="LibelleCourt"/>
      </use>
      <value value="DEES Neuro-chirurgie"/>
    </designation>
    <designation>
      <use>
        <code value="LibelleAdapte"/>
      </use>
      <value value="DEES Neuro-chirurgie"/>
    </designation>
    <property>
      <code value="dateValid"/>
      <valueDateTime value="2009-01-30T16:36:09+01:00"/>
    </property>
    <property>
      <code value="dateMaj"/>
      <valueDateTime value="2015-12-29T00:00:00+01:00"/>
    </property>
  </concept>
  <concept>
    <code value="AUT111"/>
    <display value="DEES Psychiatrie"/>
    <designation>
      <use>
        <code value="LibelleCourt"/>
      </use>
      <value value="DEES Psychiatrie"/>
    </designation>
    <designation>
      <use>
        <code value="LibelleAdapte"/>
      </use>
      <value value="DEES Psychiatrie"/>
    </designation>
    <property>
      <code value="dateValid"/>
      <valueDateTime value="2009-01-30T16:36:25+01:00"/>
    </property>
    <property>
      <code value="dateMaj"/>
      <valueDateTime value="2015-12-29T00:00:00+01:00"/>
    </property>
  </concept>
  <concept>
    <code value="AUT112"/>
    <display value="DEES Médecine générale nouveau régime"/>
    <designation>
      <use>
        <code value="LibelleCourt"/>
      </use>
      <value value="DEES MG nouveau régime"/>
    </designation>
    <designation>
      <use>
        <code value="LibelleAdapte"/>
      </use>
      <value value="DEES Médecine générale nouveau régime"/>
    </designation>
    <property>
      <code value="dateValid"/>
      <valueDateTime value="2009-01-30T16:36:38+01:00"/>
    </property>
    <property>
      <code value="dateMaj"/>
      <valueDateTime value="2015-12-29T00:00:00+01:00"/>
    </property>
  </concept>
  <concept>
    <code value="AUT113"/>
    <display value="DEES Cardiologie et Maladies vasculaires"/>
    <designation>
      <use>
        <code value="LibelleCourt"/>
      </use>
      <value value="DEES Cardiologie, Malad vascul"/>
    </designation>
    <designation>
      <use>
        <code value="LibelleAdapte"/>
      </use>
      <value value="DEES Cardiologie et Maladies vasculaires"/>
    </designation>
    <property>
      <code value="dateValid"/>
      <valueDateTime value="2009-01-30T16:36:55+01:00"/>
    </property>
    <property>
      <code value="dateMaj"/>
      <valueDateTime value="2016-09-01T00:00:00+01:00"/>
    </property>
  </concept>
  <concept>
    <code value="AUT114"/>
    <display value="DEES Ophtalmologie"/>
    <designation>
      <use>
        <code value="LibelleCourt"/>
      </use>
      <value value="DEES Ophtalmologie"/>
    </designation>
    <designation>
      <use>
        <code value="LibelleAdapte"/>
      </use>
      <value value="DEES Ophtalmologie"/>
    </designation>
    <property>
      <code value="dateValid"/>
      <valueDateTime value="2009-01-30T16:36:56+01:00"/>
    </property>
    <property>
      <code value="dateMaj"/>
      <valueDateTime value="2015-12-29T00:00:00+01:00"/>
    </property>
  </concept>
  <concept>
    <code value="AUT115"/>
    <display value="DEES Biologie médicale"/>
    <designation>
      <use>
        <code value="LibelleCourt"/>
      </use>
      <value value="DEES Biologie médicale"/>
    </designation>
    <designation>
      <use>
        <code value="LibelleAdapte"/>
      </use>
      <value value="DEES Biologie médicale"/>
    </designation>
    <property>
      <code value="dateValid"/>
      <valueDateTime value="2009-01-30T16:37:16+01:00"/>
    </property>
    <property>
      <code value="dateMaj"/>
      <valueDateTime value="2015-12-29T00:00:00+01:00"/>
    </property>
  </concept>
  <concept>
    <code value="AUT116"/>
    <display value="DEES Chirurgie orthopédique et traumatologique"/>
    <designation>
      <use>
        <code value="LibelleCourt"/>
      </use>
      <value value="DEES Chir orthopédique, trauma"/>
    </designation>
    <designation>
      <use>
        <code value="LibelleAdapte"/>
      </use>
      <value value="DEES Chirurgie orthopédique et traumatologique"/>
    </designation>
    <property>
      <code value="dateValid"/>
      <valueDateTime value="2009-01-30T16:37:19+01:00"/>
    </property>
    <property>
      <code value="dateMaj"/>
      <valueDateTime value="2016-09-01T00:00:00+01:00"/>
    </property>
  </concept>
  <concept>
    <code value="AUT117"/>
    <display value="DEES hématologie"/>
    <designation>
      <use>
        <code value="LibelleCourt"/>
      </use>
      <value value="DEES Hématologie"/>
    </designation>
    <designation>
      <use>
        <code value="LibelleAdapte"/>
      </use>
      <value value="DEES Hématologie"/>
    </designation>
    <property>
      <code value="dateValid"/>
      <valueDateTime value="2009-01-30T16:37:45+01:00"/>
    </property>
    <property>
      <code value="dateMaj"/>
      <valueDateTime value="2015-12-29T00:00:00+01:00"/>
    </property>
  </concept>
  <concept>
    <code value="AUT118"/>
    <display value="DEES Gynécologie-obstétrique"/>
    <designation>
      <use>
        <code value="LibelleCourt"/>
      </use>
      <value value="DEES Gynécologie-obstétrique"/>
    </designation>
    <designation>
      <use>
        <code value="LibelleAdapte"/>
      </use>
      <value value="DEES Gynécologie-obstétrique"/>
    </designation>
    <property>
      <code value="dateValid"/>
      <valueDateTime value="2009-01-30T16:37:56+01:00"/>
    </property>
    <property>
      <code value="dateMaj"/>
      <valueDateTime value="2016-09-01T00:00:00+01:00"/>
    </property>
  </concept>
  <concept>
    <code value="AUT119"/>
    <display value="DEES Chirurgie plastique, reconstructrice et esthétique"/>
    <designation>
      <use>
        <code value="LibelleCourt"/>
      </use>
      <value value="DEES Chir plastiq recon esthét"/>
    </designation>
    <designation>
      <use>
        <code value="LibelleAdapte"/>
      </use>
      <value value="DEES Chirurgie plastique, reconstructrice et esthétique"/>
    </designation>
    <property>
      <code value="dateValid"/>
      <valueDateTime value="2009-01-30T16:38:45+01:00"/>
    </property>
    <property>
      <code value="dateMaj"/>
      <valueDateTime value="2016-09-01T00:00:00+01:00"/>
    </property>
  </concept>
  <concept>
    <code value="AUT120"/>
    <display value="DEES Médecine interne"/>
    <designation>
      <use>
        <code value="LibelleCourt"/>
      </use>
      <value value="DEES Médecine interne"/>
    </designation>
    <designation>
      <use>
        <code value="LibelleAdapte"/>
      </use>
      <value value="DEES Médecine interne"/>
    </designation>
    <property>
      <code value="dateValid"/>
      <valueDateTime value="2009-01-30T16:39:18+01:00"/>
    </property>
    <property>
      <code value="dateMaj"/>
      <valueDateTime value="2015-12-29T00:00:00+01:00"/>
    </property>
  </concept>
  <concept>
    <code value="AUT121"/>
    <display value="DEES Chirurgie urologique"/>
    <designation>
      <use>
        <code value="LibelleCourt"/>
      </use>
      <value value="DEES Chir urologique"/>
    </designation>
    <designation>
      <use>
        <code value="LibelleAdapte"/>
      </use>
      <value value="DEES Chirurgie urologique"/>
    </designation>
    <property>
      <code value="dateValid"/>
      <valueDateTime value="2009-01-30T16:40:54+01:00"/>
    </property>
    <property>
      <code value="dateMaj"/>
      <valueDateTime value="2016-09-01T00:00:00+01:00"/>
    </property>
  </concept>
  <concept>
    <code value="AUT122"/>
    <display value="DEES Pathologie cardio-vasculaire"/>
    <designation>
      <use>
        <code value="LibelleCourt"/>
      </use>
      <value value="DEES Pathologie cardio-vascul"/>
    </designation>
    <designation>
      <use>
        <code value="LibelleAdapte"/>
      </use>
      <value value="DEES Pathologie cardio-vasculaire"/>
    </designation>
    <property>
      <code value="dateValid"/>
      <valueDateTime value="2009-01-30T16:42:17+01:00"/>
    </property>
    <property>
      <code value="dateMaj"/>
      <valueDateTime value="2016-09-01T00:00:00+01:00"/>
    </property>
  </concept>
  <concept>
    <code value="AUT123"/>
    <display value="DEES Radio-thérapie"/>
    <designation>
      <use>
        <code value="LibelleCourt"/>
      </use>
      <value value="DEES Radio-thérapie"/>
    </designation>
    <designation>
      <use>
        <code value="LibelleAdapte"/>
      </use>
      <value value="DEES Radio-thérapie"/>
    </designation>
    <property>
      <code value="dateValid"/>
      <valueDateTime value="2009-01-30T16:43:08+01:00"/>
    </property>
    <property>
      <code value="dateMaj"/>
      <valueDateTime value="2015-12-29T00:00:00+01:00"/>
    </property>
  </concept>
  <concept>
    <code value="AUT124"/>
    <display value="DEES Chirurgie vasculaire"/>
    <designation>
      <use>
        <code value="LibelleCourt"/>
      </use>
      <value value="DEES Chirurgie vasculaire"/>
    </designation>
    <designation>
      <use>
        <code value="LibelleAdapte"/>
      </use>
      <value value="DEES Chirurgie vasculaire"/>
    </designation>
    <property>
      <code value="dateValid"/>
      <valueDateTime value="2009-01-30T16:45:09+01:00"/>
    </property>
    <property>
      <code value="dateMaj"/>
      <valueDateTime value="2016-09-01T00:00:00+01:00"/>
    </property>
  </concept>
  <concept>
    <code value="AUT125"/>
    <display value="DEES Dermato-vénéréologie"/>
    <designation>
      <use>
        <code value="LibelleCourt"/>
      </use>
      <value value="DEES Dermato-vénéréologie"/>
    </designation>
    <designation>
      <use>
        <code value="LibelleAdapte"/>
      </use>
      <value value="DEES Dermato-vénéréologie"/>
    </designation>
    <property>
      <code value="dateValid"/>
      <valueDateTime value="2009-01-30T16:45:13+01:00"/>
    </property>
    <property>
      <code value="dateMaj"/>
      <valueDateTime value="2016-09-01T00:00:00+01:00"/>
    </property>
  </concept>
  <concept>
    <code value="AUT126"/>
    <display value="DEES Chirurgie orthopédique et traumatologique"/>
    <designation>
      <use>
        <code value="LibelleCourt"/>
      </use>
      <value value="DEES Chir orthopédique, trauma"/>
    </designation>
    <designation>
      <use>
        <code value="LibelleAdapte"/>
      </use>
      <value value="DEES Chirurgie orthopédique et traumatologique"/>
    </designation>
    <property>
      <code value="dateValid"/>
      <valueDateTime value="2009-01-30T16:46:32+01:00"/>
    </property>
    <property>
      <code value="dateMaj"/>
      <valueDateTime value="2016-09-01T00:00:00+01:00"/>
    </property>
  </concept>
  <concept>
    <code value="AUT127"/>
    <display value="DEES Chirurgie vasculaire"/>
    <designation>
      <use>
        <code value="LibelleCourt"/>
      </use>
      <value value="DEES Chirurgie vasculaire"/>
    </designation>
    <designation>
      <use>
        <code value="LibelleAdapte"/>
      </use>
      <value value="DEES Chirurgie vasculaire"/>
    </designation>
    <property>
      <code value="dateValid"/>
      <valueDateTime value="2009-01-30T16:47:49+01:00"/>
    </property>
    <property>
      <code value="dateMaj"/>
      <valueDateTime value="2016-09-01T00:00:00+01:00"/>
    </property>
  </concept>
  <concept>
    <code value="AUT128"/>
    <display value="DEES Pneumologie"/>
    <designation>
      <use>
        <code value="LibelleCourt"/>
      </use>
      <value value="DEES Pneumologie"/>
    </designation>
    <designation>
      <use>
        <code value="LibelleAdapte"/>
      </use>
      <value value="DEES Pneumologie"/>
    </designation>
    <property>
      <code value="dateValid"/>
      <valueDateTime value="2009-01-30T16:48:23+01:00"/>
    </property>
    <property>
      <code value="dateMaj"/>
      <valueDateTime value="2015-12-29T00:00:00+01:00"/>
    </property>
  </concept>
  <concept>
    <code value="AUT129"/>
    <display value="DEES Anatomie et Cytologie pathologiques"/>
    <designation>
      <use>
        <code value="LibelleCourt"/>
      </use>
      <value value="DEES Anatomie, Cytologie patho"/>
    </designation>
    <designation>
      <use>
        <code value="LibelleAdapte"/>
      </use>
      <value value="DEES Anatomie et Cytologie pathologiques"/>
    </designation>
    <property>
      <code value="dateValid"/>
      <valueDateTime value="2009-01-30T16:48:55+01:00"/>
    </property>
    <property>
      <code value="dateMaj"/>
      <valueDateTime value="2016-09-01T00:00:00+01:00"/>
    </property>
  </concept>
  <concept>
    <code value="AUT130"/>
    <display value="DEES Chirurgie thoracique et cardio-vasculaire"/>
    <designation>
      <use>
        <code value="LibelleCourt"/>
      </use>
      <value value="DEES Chir thoraciq cardio-vasc"/>
    </designation>
    <designation>
      <use>
        <code value="LibelleAdapte"/>
      </use>
      <value value="DEES Chirurgie thoracique et cardio-vasculaire"/>
    </designation>
    <property>
      <code value="dateValid"/>
      <valueDateTime value="2009-01-30T16:49:50+01:00"/>
    </property>
    <property>
      <code value="dateMaj"/>
      <valueDateTime value="2016-09-01T00:00:00+01:00"/>
    </property>
  </concept>
  <concept>
    <code value="AUT131"/>
    <display value="DEES Psychiatrie infantile"/>
    <designation>
      <use>
        <code value="LibelleCourt"/>
      </use>
      <value value="DEES Psychiatrie infantile"/>
    </designation>
    <designation>
      <use>
        <code value="LibelleAdapte"/>
      </use>
      <value value="DEES Psychiatrie infantile"/>
    </designation>
    <property>
      <code value="dateValid"/>
      <valueDateTime value="2009-01-30T16:50:38+01:00"/>
    </property>
    <property>
      <code value="dateMaj"/>
      <valueDateTime value="2016-09-01T00:00:00+01:00"/>
    </property>
  </concept>
  <concept>
    <code value="AUT132"/>
    <display value="DEES ORL et Chirurgie cervico-faciale"/>
    <designation>
      <use>
        <code value="LibelleCourt"/>
      </use>
      <value value="DEES ORL, Chir cervico-fac"/>
    </designation>
    <designation>
      <use>
        <code value="LibelleAdapte"/>
      </use>
      <value value="DEES ORL et Chirurgie cervico-faciale"/>
    </designation>
    <property>
      <code value="dateValid"/>
      <valueDateTime value="2009-01-30T16:53:05+01:00"/>
    </property>
    <property>
      <code value="dateMaj"/>
      <valueDateTime value="2016-09-01T00:00:00+01:00"/>
    </property>
  </concept>
  <concept>
    <code value="AUT133"/>
    <display value="DEES ORL"/>
    <designation>
      <use>
        <code value="LibelleCourt"/>
      </use>
      <value value="DEES ORL"/>
    </designation>
    <designation>
      <use>
        <code value="LibelleAdapte"/>
      </use>
      <value value="DEES ORL"/>
    </designation>
    <property>
      <code value="dateValid"/>
      <valueDateTime value="2009-01-30T16:53:54+01:00"/>
    </property>
    <property>
      <code value="dateMaj"/>
      <valueDateTime value="2015-12-29T00:00:00+01:00"/>
    </property>
  </concept>
  <concept>
    <code value="AUT134"/>
    <display value="DEES Chirurgie thoracique et cardio-vasculaire"/>
    <designation>
      <use>
        <code value="LibelleCourt"/>
      </use>
      <value value="DEES Chir thoraciq cardio-vasc"/>
    </designation>
    <designation>
      <use>
        <code value="LibelleAdapte"/>
      </use>
      <value value="DEES Chirurgie thoracique et cardio-vasculaire"/>
    </designation>
    <property>
      <code value="dateValid"/>
      <valueDateTime value="2009-01-30T16:55:03+01:00"/>
    </property>
    <property>
      <code value="dateMaj"/>
      <valueDateTime value="2016-09-01T00:00:00+01:00"/>
    </property>
  </concept>
  <concept>
    <code value="AUT135"/>
    <display value="DEES Génétique médicale"/>
    <designation>
      <use>
        <code value="LibelleCourt"/>
      </use>
      <value value="DEES Génétique médicale"/>
    </designation>
    <designation>
      <use>
        <code value="LibelleAdapte"/>
      </use>
      <value value="DEES Génétique médicale"/>
    </designation>
    <property>
      <code value="dateValid"/>
      <valueDateTime value="2009-01-30T17:34:38+01:00"/>
    </property>
    <property>
      <code value="dateMaj"/>
      <valueDateTime value="2016-09-01T00:00:00+01:00"/>
    </property>
  </concept>
  <concept>
    <code value="AUT136"/>
    <display value="DEES Néphrologie"/>
    <designation>
      <use>
        <code value="LibelleCourt"/>
      </use>
      <value value="DEES Néphrologie"/>
    </designation>
    <designation>
      <use>
        <code value="LibelleAdapte"/>
      </use>
      <value value="DEES Néphrologie"/>
    </designation>
    <property>
      <code value="dateValid"/>
      <valueDateTime value="2009-01-30T16:32:23+01:00"/>
    </property>
    <property>
      <code value="dateMaj"/>
      <valueDateTime value="2015-12-29T00:00:00+01:00"/>
    </property>
  </concept>
  <concept>
    <code value="AUT140"/>
    <display value="Dip d'un pays hors EEE profession Médecin"/>
    <designation>
      <use>
        <code value="LibelleCourt"/>
      </use>
      <value value="Dip pays hors EEE Médecin"/>
    </designation>
    <designation>
      <use>
        <code value="LibelleAdapte"/>
      </use>
      <value value="Diplôme d'un pays hors EEE profession Médecin"/>
    </designation>
    <property>
      <code value="dateValid"/>
      <valueDateTime value="2009-02-23T11:19:55+01:00"/>
    </property>
    <property>
      <code value="dateMaj"/>
      <valueDateTime value="2016-09-01T00:00:00+01:00"/>
    </property>
  </concept>
  <concept>
    <code value="AUT141"/>
    <display value="Diplôme équivalent d'un pays hors EEE profession Médecin"/>
    <designation>
      <use>
        <code value="LibelleCourt"/>
      </use>
      <value value="Dip éq pays hors EEE Médecin"/>
    </designation>
    <designation>
      <use>
        <code value="LibelleAdapte"/>
      </use>
      <value value="Diplôme équivalent d'un pays hors EEE profession Médecin"/>
    </designation>
    <property>
      <code value="dateValid"/>
      <valueDateTime value="2009-06-26T11:57:32+01:00"/>
    </property>
    <property>
      <code value="dateMaj"/>
      <valueDateTime value="2016-09-01T00:00:00+01:00"/>
    </property>
  </concept>
  <concept>
    <code value="AUT142"/>
    <display value="Dip Université Montréal (Canada)"/>
    <designation>
      <use>
        <code value="LibelleCourt"/>
      </use>
      <value value="Dip Univ Montréal (Canada)"/>
    </designation>
    <designation>
      <use>
        <code value="LibelleAdapte"/>
      </use>
      <value value="Diplôme Université Montréal (Canada)"/>
    </designation>
    <property>
      <code value="dateValid"/>
      <valueDateTime value="2009-12-30T09:12:39+01:00"/>
    </property>
    <property>
      <code value="dateMaj"/>
      <valueDateTime value="2009-12-30T09:12:39+01:00"/>
    </property>
  </concept>
  <concept>
    <code value="AUT143"/>
    <display value="Dip Faculté Pharm Univ Cocody (Côte d'Ivoire)"/>
    <designation>
      <use>
        <code value="LibelleCourt"/>
      </use>
      <value value="Dip Fac Pharm Univ Cocody"/>
    </designation>
    <designation>
      <use>
        <code value="LibelleAdapte"/>
      </use>
      <value value="Diplôme Faculté Pharm Univ Cocody (Côte d'Ivoire)"/>
    </designation>
    <property>
      <code value="dateValid"/>
      <valueDateTime value="2010-04-21T09:21:07+01:00"/>
    </property>
    <property>
      <code value="dateMaj"/>
      <valueDateTime value="2016-09-01T00:00:00+01:00"/>
    </property>
  </concept>
  <concept>
    <code value="AUT144"/>
    <display value="Dip Université Beyrouth"/>
    <designation>
      <use>
        <code value="LibelleCourt"/>
      </use>
      <value value="Dip Univ Beyrouth"/>
    </designation>
    <designation>
      <use>
        <code value="LibelleAdapte"/>
      </use>
      <value value="Diplôme Université Beyrouth"/>
    </designation>
    <property>
      <code value="dateValid"/>
      <valueDateTime value="2011-04-14T09:01:37+01:00"/>
    </property>
    <property>
      <code value="dateMaj"/>
      <valueDateTime value="2011-04-14T09:01:37+01:00"/>
    </property>
  </concept>
  <concept>
    <code value="AUT145"/>
    <display value="Dip Faculté Pharm Univ Lattaquié (Syrie)"/>
    <designation>
      <use>
        <code value="LibelleCourt"/>
      </use>
      <value value="Dip Fac Pharm Univ Lattaquié"/>
    </designation>
    <designation>
      <use>
        <code value="LibelleAdapte"/>
      </use>
      <value value="Diplôme Faculté Pharm Univ Lattaquié (Syrie)"/>
    </designation>
    <property>
      <code value="dateValid"/>
      <valueDateTime value="2012-02-28T16:28:14+01:00"/>
    </property>
    <property>
      <code value="dateMaj"/>
      <valueDateTime value="2015-12-29T00:00:00+01:00"/>
    </property>
  </concept>
  <concept>
    <code value="AUT154"/>
    <display value="Dip Université Saint-Joseph Beyrouth"/>
    <designation>
      <use>
        <code value="LibelleCourt"/>
      </use>
      <value value="Dip Univ Saint-Joseph Beyrouth"/>
    </designation>
    <designation>
      <use>
        <code value="LibelleAdapte"/>
      </use>
      <value value="Diplôme Université Saint-Joseph Beyrouth"/>
    </designation>
    <property>
      <code value="dateValid"/>
      <valueDateTime value="2015-02-09T00:00:00+01:00"/>
    </property>
    <property>
      <code value="dateMaj"/>
      <valueDateTime value="2015-02-09T00:00:00+01:00"/>
    </property>
  </concept>
  <concept>
    <code value="AUT159"/>
    <display value="Dip Faculté Pharm Univ Alep (Syrie)"/>
    <designation>
      <use>
        <code value="LibelleCourt"/>
      </use>
      <value value="Dip Fac Pharm Alep (Syrie)"/>
    </designation>
    <designation>
      <use>
        <code value="LibelleAdapte"/>
      </use>
      <value value="Diplôme Faculté Pharm Univ Alep (Syrie)"/>
    </designation>
    <property>
      <code value="dateValid"/>
      <valueDateTime value="2015-02-09T00:00:00+01:00"/>
    </property>
    <property>
      <code value="dateMaj"/>
      <valueDateTime value="2016-09-01T00:00:00+01:00"/>
    </property>
  </concept>
  <concept>
    <code value="AUT164"/>
    <display value="Dip Faculté Pharm Univ Koursk (Russie)"/>
    <designation>
      <use>
        <code value="LibelleCourt"/>
      </use>
      <value value="Dip Fac Pharm Koursk (Russie)"/>
    </designation>
    <designation>
      <use>
        <code value="LibelleAdapte"/>
      </use>
      <value value="Diplôme Faculté Pharm Univ Koursk (Russie)"/>
    </designation>
    <property>
      <code value="dateValid"/>
      <valueDateTime value="2015-02-09T00:00:00+01:00"/>
    </property>
    <property>
      <code value="dateMaj"/>
      <valueDateTime value="2016-09-01T00:00:00+01:00"/>
    </property>
  </concept>
  <concept>
    <code value="AUT169"/>
    <display value="Dip Université Mogi das Cruzes (Brésil)"/>
    <designation>
      <use>
        <code value="LibelleCourt"/>
      </use>
      <value value="Dip Univ Mogi Cruzes (Brésil)"/>
    </designation>
    <designation>
      <use>
        <code value="LibelleAdapte"/>
      </use>
      <value value="Diplôme Université Mogi das Cruzes (Brésil)"/>
    </designation>
    <property>
      <code value="dateValid"/>
      <valueDateTime value="2015-02-09T00:00:00+01:00"/>
    </property>
    <property>
      <code value="dateMaj"/>
      <valueDateTime value="2016-09-01T00:00:00+01:00"/>
    </property>
  </concept>
  <concept>
    <code value="AUT174"/>
    <display value="Diplôme Faculté Méd Univ Tirana Département Pharm (Albanie)"/>
    <designation>
      <use>
        <code value="LibelleCourt"/>
      </use>
      <value value="Dip Fac Méd Univ Pharm, Tirana"/>
    </designation>
    <designation>
      <use>
        <code value="LibelleAdapte"/>
      </use>
      <value value="Diplôme Faculté Méd Univ Tirana Département Pharm (Albanie)"/>
    </designation>
    <property>
      <code value="dateValid"/>
      <valueDateTime value="2015-02-09T00:00:00+01:00"/>
    </property>
    <property>
      <code value="dateMaj"/>
      <valueDateTime value="2016-09-01T00:00:00+01:00"/>
    </property>
  </concept>
  <concept>
    <code value="AUT179"/>
    <display value="Dip Université Al Baath (Homs,Syrie)"/>
    <designation>
      <use>
        <code value="LibelleCourt"/>
      </use>
      <value value="Dip Univ Al Baath (Homs,Syrie)"/>
    </designation>
    <designation>
      <use>
        <code value="LibelleAdapte"/>
      </use>
      <value value="Diplôme Université Al Baath (Homs,Syrie)"/>
    </designation>
    <property>
      <code value="dateValid"/>
      <valueDateTime value="2015-02-09T00:00:00+01:00"/>
    </property>
    <property>
      <code value="dateMaj"/>
      <valueDateTime value="2016-09-01T00:00:00+01:00"/>
    </property>
  </concept>
  <concept>
    <code value="AUT184"/>
    <display value="Dip Université de Saint-Petersbourg (Russie)"/>
    <designation>
      <use>
        <code value="LibelleCourt"/>
      </use>
      <value value="Dip Univ Saint-Petersbourg"/>
    </designation>
    <designation>
      <use>
        <code value="LibelleAdapte"/>
      </use>
      <value value="Diplôme Université de Saint-Petersbourg (Russie)"/>
    </designation>
    <property>
      <code value="dateValid"/>
      <valueDateTime value="2015-02-09T00:00:00+01:00"/>
    </property>
    <property>
      <code value="dateMaj"/>
      <valueDateTime value="2016-09-01T00:00:00+01:00"/>
    </property>
  </concept>
  <concept>
    <code value="AUT189"/>
    <display value="Dip Université Lima (Pérou)"/>
    <designation>
      <use>
        <code value="LibelleCourt"/>
      </use>
      <value value="Dip Univ Lima (Pérou)"/>
    </designation>
    <designation>
      <use>
        <code value="LibelleAdapte"/>
      </use>
      <value value="Diplôme Université Lima (Pérou)"/>
    </designation>
    <property>
      <code value="dateValid"/>
      <valueDateTime value="2015-02-09T00:00:00+01:00"/>
    </property>
    <property>
      <code value="dateMaj"/>
      <valueDateTime value="2015-02-09T00:00:00+01:00"/>
    </property>
  </concept>
  <concept>
    <code value="AUT194"/>
    <display value="Dip Université Cordoba (Argentine)"/>
    <designation>
      <use>
        <code value="LibelleCourt"/>
      </use>
      <value value="Dip Univ Cordoba (Argentine)"/>
    </designation>
    <designation>
      <use>
        <code value="LibelleAdapte"/>
      </use>
      <value value="Diplôme Université Cordoba (Argentine)"/>
    </designation>
    <property>
      <code value="dateValid"/>
      <valueDateTime value="2015-02-09T00:00:00+01:00"/>
    </property>
    <property>
      <code value="dateMaj"/>
      <valueDateTime value="2016-09-01T00:00:00+01:00"/>
    </property>
  </concept>
  <concept>
    <code value="AUT199"/>
    <display value="Nomenclature interne"/>
    <designation>
      <use>
        <code value="LibelleCourt"/>
      </use>
      <value value="Nomenclature interne"/>
    </designation>
    <designation>
      <use>
        <code value="LibelleAdapte"/>
      </use>
      <value value="Nomenclature interne"/>
    </designation>
    <property>
      <code value="dateValid"/>
      <valueDateTime value="2015-02-09T00:00:00+01:00"/>
    </property>
    <property>
      <code value="dateMaj"/>
      <valueDateTime value="2015-02-09T00:00:00+01:00"/>
    </property>
  </concept>
  <concept>
    <code value="AUT204"/>
    <display value="Dip Université Chisinau (Moldavie)"/>
    <designation>
      <use>
        <code value="LibelleCourt"/>
      </use>
      <value value="Dip Univ Chisinau (Moldavie)"/>
    </designation>
    <designation>
      <use>
        <code value="LibelleAdapte"/>
      </use>
      <value value="Diplôme Université Chisinau (Moldavie)"/>
    </designation>
    <property>
      <code value="dateValid"/>
      <valueDateTime value="2015-02-09T00:00:00+01:00"/>
    </property>
    <property>
      <code value="dateMaj"/>
      <valueDateTime value="2015-02-09T00:00:00+01:00"/>
    </property>
  </concept>
  <concept>
    <code value="AUT209"/>
    <display value="Diplôme Univ Djillali Liabès, Sidi Bel Abbès (Algérie)"/>
    <designation>
      <use>
        <code value="LibelleCourt"/>
      </use>
      <value value="Dip Univ Djil Liabès, SB Abbès"/>
    </designation>
    <designation>
      <use>
        <code value="LibelleAdapte"/>
      </use>
      <value value="Diplôme Univ Djillali Liabès, Sidi Bel Abbès (Algérie)"/>
    </designation>
    <property>
      <code value="dateValid"/>
      <valueDateTime value="2015-02-09T00:00:00+01:00"/>
    </property>
    <property>
      <code value="dateMaj"/>
      <valueDateTime value="2016-09-01T00:00:00+01:00"/>
    </property>
  </concept>
  <concept>
    <code value="AUT214"/>
    <display value="Dip Université de Moscou (Russie)"/>
    <designation>
      <use>
        <code value="LibelleCourt"/>
      </use>
      <value value="Dip Univ de Moscou (Russie)"/>
    </designation>
    <designation>
      <use>
        <code value="LibelleAdapte"/>
      </use>
      <value value="Diplôme Université de Moscou (Russie)"/>
    </designation>
    <property>
      <code value="dateValid"/>
      <valueDateTime value="2015-02-09T00:00:00+01:00"/>
    </property>
    <property>
      <code value="dateMaj"/>
      <valueDateTime value="2015-02-09T00:00:00+01:00"/>
    </property>
  </concept>
</CodeSystem>