<?xml version="1.0" encoding="UTF-8"?>

<CodeSystem xmlns="http://hl7.org/fhir">
  <id value="TRE-R74-ModeFixationTarifaire"/>
  <text>
    <status value="generated"/><div xmlns="http://www.w3.org/1999/xhtml"><p class="res-header-id"><b>Generated Narrative: CodeSystem TRE-R74-ModeFixationTarifaire</b></p><a name="TRE-R74-ModeFixationTarifaire"> </a><a name="hcTRE-R74-ModeFixationTarifaire"> </a><a name="TRE-R74-ModeFixationTarifaire-en-US"> </a><p><b>Properties</b></p><p><b>This code system defines the following properties for its concepts</b></p><table class="grid"><tr><td><b>Name</b></td><td><b>Code</b></td><td><b>Type</b></td><td><b>Description</b></td></tr><tr><td>dateValid</td><td>dateValid</td><td>dateTime</td><td>date de validité d'un code concept</td></tr><tr><td>dateMaj</td><td>dateMaj</td><td>dateTime</td><td>Date de mise à jour d'un code concept</td></tr><tr><td>dateFin</td><td>dateFin</td><td>dateTime</td><td>Date de fin d'exploitation d'un code concept</td></tr></table><p><b>Concepts</b></p><p>This  code system <code>https://mos.esante.gouv.fr/NOS/TRE_R74-ModeFixationTarifaire/FHIR/TRE-R74-ModeFixationTarifaire</code> defines the following codes:</p><table class="codes"><tr><td style="white-space:nowrap"><b>Code</b></td><td><b>Display</b></td><td><b>dateValid</b></td><td><b>dateMaj</b></td><td><b>dateFin</b></td></tr><tr><td style="white-space:nowrap">01<a name="TRE-R74-ModeFixationTarifaire-01"> </a></td><td>Etablissement Tarif Libre</td><td>1999-11-02T00:00:00+01:00</td><td>2018-09-28T12:00:00+01:00</td><td/></tr><tr><td style="white-space:nowrap">02<a name="TRE-R74-ModeFixationTarifaire-02"> </a></td><td>Autorité Ministérielle</td><td>1999-11-02T00:00:00+01:00</td><td>2018-09-28T12:00:00+01:00</td><td/></tr><tr><td style="white-space:nowrap">03<a name="TRE-R74-ModeFixationTarifaire-03"> </a></td><td>ARS établissements Publics de santé dotation globale</td><td>1999-11-02T00:00:00+01:00</td><td>1999-09-21T00:00:00+01:00</td><td/></tr><tr><td style="white-space:nowrap">04<a name="TRE-R74-ModeFixationTarifaire-04"> </a></td><td>ARS établissements PSPH dotation globale</td><td>1999-11-02T00:00:00+01:00</td><td>1999-09-21T00:00:00+01:00</td><td/></tr><tr><td style="white-space:nowrap">05<a name="TRE-R74-ModeFixationTarifaire-05"> </a></td><td>ARS établissements médico-soc. non financés dotation globale</td><td>1999-11-02T00:00:00+01:00</td><td>2016-09-01T00:00:00+01:00</td><td/></tr><tr><td style="white-space:nowrap">06<a name="TRE-R74-ModeFixationTarifaire-06"> </a></td><td>Tarif d'autorité</td><td>1999-11-02T00:00:00+01:00</td><td>1999-09-21T00:00:00+01:00</td><td/></tr><tr><td style="white-space:nowrap">07<a name="TRE-R74-ModeFixationTarifaire-07"> </a></td><td>ARS établissements de santé non financés dotation globale</td><td>1999-11-02T00:00:00+01:00</td><td>1999-09-21T00:00:00+01:00</td><td/></tr><tr><td style="white-space:nowrap">08<a name="TRE-R74-ModeFixationTarifaire-08"> </a></td><td>Président du Conseil Départemental ou métropole</td><td>1999-11-02T00:00:00+01:00</td><td>2024-02-23T12:00:00+01:00</td><td/></tr><tr><td style="white-space:nowrap">09<a name="TRE-R74-ModeFixationTarifaire-09"> </a></td><td>ARS PCD mixte (2 arrêtés), habilité aide sociale</td><td>1999-11-02T00:00:00+01:00</td><td>2016-09-01T00:00:00+01:00</td><td/></tr><tr><td style="white-space:nowrap">10<a name="TRE-R74-ModeFixationTarifaire-10"> </a></td><td>Autorité Conjointe Préfet ou ARS/PCD ou métropole (1 arrêté)</td><td>1999-11-02T00:00:00+01:00</td><td>2024-02-23T12:00:00+01:00</td><td/></tr><tr><td style="white-space:nowrap">11<a name="TRE-R74-ModeFixationTarifaire-11"> </a></td><td>Tarifs ARS, PCD, hébergt libre</td><td>1999-11-02T00:00:00+01:00</td><td>2016-09-01T00:00:00+01:00</td><td/></tr><tr><td style="white-space:nowrap">14<a name="TRE-R74-ModeFixationTarifaire-14"> </a></td><td>Organismes Nationaux de Sécurité Sociale</td><td>1999-11-02T00:00:00+01:00</td><td>2018-09-28T12:00:00+01:00</td><td/></tr><tr><td style="white-space:nowrap">15<a name="TRE-R74-ModeFixationTarifaire-15"> </a></td><td>ARS privé hors PSPH sous dotation globale</td><td>1999-11-02T00:00:00+01:00</td><td>1999-01-12T00:00:00+01:00</td><td/></tr><tr><td style="white-space:nowrap">16<a name="TRE-R74-ModeFixationTarifaire-16"> </a></td><td>CRAM homologué préfet de région</td><td>1999-11-02T00:00:00+01:00</td><td>2002-02-07T00:00:00+01:00</td><td>2001-12-31T00:00:00+01:00</td></tr><tr><td style="white-space:nowrap">17<a name="TRE-R74-ModeFixationTarifaire-17"> </a></td><td>Autorité mixte ARS PCD dotation globale</td><td>1999-11-02T00:00:00+01:00</td><td>2016-09-01T00:00:00+01:00</td><td/></tr><tr><td style="white-space:nowrap">18<a name="TRE-R74-ModeFixationTarifaire-18"> </a></td><td>Autorité mixte ARS PCG Etab long séjour conv tripartite</td><td>1999-11-02T00:00:00+01:00</td><td>1999-09-21T00:00:00+01:00</td><td>2001-03-01T00:00:00+01:00</td></tr><tr><td style="white-space:nowrap">19<a name="TRE-R74-ModeFixationTarifaire-19"> </a></td><td>Autorité mixte préfet dpt PCG EHPA conv tripartite</td><td>1999-11-02T00:00:00+01:00</td><td>1999-09-21T00:00:00+01:00</td><td>2001-03-01T00:00:00+01:00</td></tr><tr><td style="white-space:nowrap">20<a name="TRE-R74-ModeFixationTarifaire-20"> </a></td><td>ARS PCG mixte, Accueil de jour PA, HAS</td><td>2001-03-01T00:00:00+01:00</td><td>2015-04-24T00:00:00+01:00</td><td>2015-04-24T00:00:00+01:00</td></tr><tr><td style="white-space:nowrap">21<a name="TRE-R74-ModeFixationTarifaire-21"> </a></td><td>ARS PCD mixte, Accueil de jour PA, HAS</td><td>2001-03-01T00:00:00+01:00</td><td>2016-09-01T00:00:00+01:00</td><td/></tr><tr><td style="white-space:nowrap">22<a name="TRE-R74-ModeFixationTarifaire-22"> </a></td><td>Autorité mixte ARS PCD ESLD tripartite DG global</td><td>2001-03-01T00:00:00+01:00</td><td>2016-09-01T00:00:00+01:00</td><td/></tr><tr><td style="white-space:nowrap">23<a name="TRE-R74-ModeFixationTarifaire-23"> </a></td><td>Autorité mixte ARS PCD ESLD tripartite DG partielle</td><td>2001-03-01T00:00:00+01:00</td><td>2016-09-01T00:00:00+01:00</td><td/></tr><tr><td style="white-space:nowrap">24<a name="TRE-R74-ModeFixationTarifaire-24"> </a></td><td>ARS PCG mixte, Accueil de jour PA, nHAS, hébergement libre</td><td>2001-03-01T00:00:00+01:00</td><td>2015-01-22T00:00:00+01:00</td><td>2015-01-22T00:00:00+01:00</td></tr><tr><td style="white-space:nowrap">25<a name="TRE-R74-ModeFixationTarifaire-25"> </a></td><td>ARS PCD mixte, Accueil de jour PA, nHAS, hébergement libre</td><td>2001-03-01T00:00:00+01:00</td><td>2016-09-01T00:00:00+01:00</td><td/></tr><tr><td style="white-space:nowrap">26<a name="TRE-R74-ModeFixationTarifaire-26"> </a></td><td>Logement Foyer convention partielle PAP (conv. EHPAD part.)</td><td>2011-11-18T00:00:00+01:00</td><td>2014-07-23T00:00:00+01:00</td><td>2014-07-07T00:00:00+01:00</td></tr><tr><td style="white-space:nowrap">30<a name="TRE-R74-ModeFixationTarifaire-30"> </a></td><td>Préfet de région établissements et services sociaux</td><td>2010-11-12T00:00:00+01:00</td><td>2016-09-01T00:00:00+01:00</td><td/></tr><tr><td style="white-space:nowrap">31<a name="TRE-R74-ModeFixationTarifaire-31"> </a></td><td>Pdt Conseil Départemental-Subvention</td><td>2010-11-12T00:00:00+01:00</td><td>2018-09-28T12:00:00+01:00</td><td/></tr><tr><td style="white-space:nowrap">32<a name="TRE-R74-ModeFixationTarifaire-32"> </a></td><td>Echelle tarifaire publique</td><td>2011-05-04T00:00:00+01:00</td><td>2011-05-13T00:00:00+01:00</td><td/></tr><tr><td style="white-space:nowrap">33<a name="TRE-R74-ModeFixationTarifaire-33"> </a></td><td>Echelle tarifaire privée</td><td>2011-05-04T00:00:00+01:00</td><td>2011-05-13T00:00:00+01:00</td><td/></tr><tr><td style="white-space:nowrap">34<a name="TRE-R74-ModeFixationTarifaire-34"> </a></td><td>ARS - DG dotation globale</td><td>2013-01-23T00:00:00+01:00</td><td>2013-01-23T00:00:00+01:00</td><td/></tr><tr><td style="white-space:nowrap">35<a name="TRE-R74-ModeFixationTarifaire-35"> </a></td><td>Préfet de département Subvention</td><td>2016-09-01T00:00:00+01:00</td><td>2016-09-01T00:00:00+01:00</td><td/></tr><tr><td style="white-space:nowrap">36<a name="TRE-R74-ModeFixationTarifaire-36"> </a></td><td>Tarifs conventionnels assurance maladie</td><td>2013-12-19T00:00:00+01:00</td><td>2013-12-19T00:00:00+01:00</td><td/></tr><tr><td style="white-space:nowrap">38<a name="TRE-R74-ModeFixationTarifaire-38"> </a></td><td>Régime spécial de prévoyance</td><td>2021-11-26T12:00:00+01:00</td><td>2021-11-26T12:00:00+01:00</td><td/></tr><tr><td style="white-space:nowrap">40<a name="TRE-R74-ModeFixationTarifaire-40"> </a></td><td>ARS-PCD, Tarif global, habilité aide sociale, recours PUI</td><td>2015-01-01T00:00:00+01:00</td><td>2016-09-01T00:00:00+01:00</td><td/></tr><tr><td style="white-space:nowrap">41<a name="TRE-R74-ModeFixationTarifaire-41"> </a></td><td>ARS-PCD, Tarif global, habilité aide sociale sans PUI</td><td>2015-01-01T00:00:00+01:00</td><td>2016-09-01T00:00:00+01:00</td><td/></tr><tr><td style="white-space:nowrap">42<a name="TRE-R74-ModeFixationTarifaire-42"> </a></td><td>ARS-PCD, Tarif global, non hab.aide sociale, recours PUI</td><td>2015-01-01T00:00:00+01:00</td><td>2016-09-01T00:00:00+01:00</td><td/></tr><tr><td style="white-space:nowrap">43<a name="TRE-R74-ModeFixationTarifaire-43"> </a></td><td>ARS-PCD, Tarif global, non habilité aide sociale sans PUI</td><td>2015-01-01T00:00:00+01:00</td><td>2016-09-01T00:00:00+01:00</td><td/></tr><tr><td style="white-space:nowrap">44<a name="TRE-R74-ModeFixationTarifaire-44"> </a></td><td>ARS-PCD, Tarif partiel, habilité aide sociale, recours PUI</td><td>2015-01-01T00:00:00+01:00</td><td>2016-09-01T00:00:00+01:00</td><td/></tr><tr><td style="white-space:nowrap">45<a name="TRE-R74-ModeFixationTarifaire-45"> </a></td><td>ARS-PCD, Tarif partiel, habilité aide sociale sans PUI</td><td>2015-01-01T00:00:00+01:00</td><td>2016-09-01T00:00:00+01:00</td><td/></tr><tr><td style="white-space:nowrap">46<a name="TRE-R74-ModeFixationTarifaire-46"> </a></td><td>ARS-PCD, Tarif partiel, non hab.aide sociale, recours PUI</td><td>2015-01-01T00:00:00+01:00</td><td>2016-09-01T00:00:00+01:00</td><td/></tr><tr><td style="white-space:nowrap">47<a name="TRE-R74-ModeFixationTarifaire-47"> </a></td><td>ARS-PCD, Tarif partiel, non habilité aide sociale sans PUI</td><td>2015-01-01T00:00:00+01:00</td><td>2016-09-01T00:00:00+01:00</td><td/></tr><tr><td style="white-space:nowrap">48<a name="TRE-R74-ModeFixationTarifaire-48"> </a></td><td>ARS-PCD, EHPA, dot globale de soins, habilité aide sociale</td><td>2015-01-01T00:00:00+01:00</td><td>2016-09-01T00:00:00+01:00</td><td/></tr><tr><td style="white-space:nowrap">49<a name="TRE-R74-ModeFixationTarifaire-49"> </a></td><td>ARS-PCD, EHPA, dot globale soins, non habilité aide sociale</td><td>2015-01-01T00:00:00+01:00</td><td>2016-09-01T00:00:00+01:00</td><td/></tr><tr><td style="white-space:nowrap">50<a name="TRE-R74-ModeFixationTarifaire-50"> </a></td><td>ARS-PCD, PUV, forfait soins, habilité aide sociale</td><td>2015-01-01T00:00:00+01:00</td><td>2016-09-01T00:00:00+01:00</td><td/></tr><tr><td style="white-space:nowrap">51<a name="TRE-R74-ModeFixationTarifaire-51"> </a></td><td>ARS-PCD, PUV, forfait soins, non habilité aide sociale</td><td>2015-01-01T00:00:00+01:00</td><td>2016-09-01T00:00:00+01:00</td><td/></tr><tr><td style="white-space:nowrap">52<a name="TRE-R74-ModeFixationTarifaire-52"> </a></td><td>ARS-PCD, LF, forfait soins, habilité aide sociale</td><td>2015-01-01T00:00:00+01:00</td><td>2016-09-01T00:00:00+01:00</td><td/></tr><tr><td style="white-space:nowrap">53<a name="TRE-R74-ModeFixationTarifaire-53"> </a></td><td>ARS-PCD, LF, forfait soins, non habilité aide sociale</td><td>2015-01-01T00:00:00+01:00</td><td>2016-09-01T00:00:00+01:00</td><td/></tr><tr><td style="white-space:nowrap">54<a name="TRE-R74-ModeFixationTarifaire-54"> </a></td><td>Tarif AM - Services de Soins Infirmiers A Domicile</td><td>2016-09-01T00:00:00+01:00</td><td>2018-09-28T12:00:00+01:00</td><td/></tr><tr><td style="white-space:nowrap">55<a name="TRE-R74-ModeFixationTarifaire-55"> </a></td><td>ARS-PCD, PUV, convention SSIAD, non habilité à l'aide social</td><td>2018-09-28T12:00:00+01:00</td><td>2018-09-28T12:00:00+01:00</td><td/></tr><tr><td style="white-space:nowrap">56<a name="TRE-R74-ModeFixationTarifaire-56"> </a></td><td>ARS-PCD, PUV, convention SSIAD, habilité à l'aide sociale</td><td>2018-09-28T12:00:00+01:00</td><td>2018-09-28T12:00:00+01:00</td><td/></tr><tr><td style="white-space:nowrap">57<a name="TRE-R74-ModeFixationTarifaire-57"> </a></td><td>ARS /ARS PCD Dotation forfait ou prix de journée globalisés (CPOM)</td><td>2018-09-28T12:00:00+01:00</td><td>2020-01-31T12:00:00+01:00</td><td/></tr><tr><td style="white-space:nowrap">58<a name="TRE-R74-ModeFixationTarifaire-58"> </a></td><td>ARS dotation forfait ou prix de journée globalisé hors CPOM</td><td>2018-09-28T12:00:00+01:00</td><td>2018-09-28T12:00:00+01:00</td><td/></tr><tr><td style="white-space:nowrap">99<a name="TRE-R74-ModeFixationTarifaire-99"> </a></td><td>Indéterminé</td><td>2002-01-01T00:00:00+01:00</td><td>2002-04-15T00:00:00+01:00</td><td/></tr></table></div>
  </text>
  <extension url="http://hl7.org/fhir/StructureDefinition/resource-effectivePeriod">
    <valuePeriod>
      <start value="1999-11-02T00:00:00+01:00"/>
    </valuePeriod>
  </extension>
  <url value="https://mos.esante.gouv.fr/NOS/TRE_R74-ModeFixationTarifaire/FHIR/TRE-R74-ModeFixationTarifaire"/>
  <identifier>
    <value value="urn:oid:1.2.250.1.213.1.6.1.46"/>
  </identifier>
  <version value="1.3.0"/>
  <name value="TRE_R74-ModeFixationTarifaire"/>
  <status value="active"/>
  <date value="2024-02-23T12:00:00+01:00"/>
  <publisher value="ANS"/>
  <contact>
    <name value="ANS"/>
    <telecom>
      <system value="url"/>
      <value value="https://esante.gouv.fr"/>
    </telecom>
  </contact>
  <description value="Mode de fixation tarifaire"/>
  <content value="complete"/>
  <property>
    <code value="dateValid"/>
    <description value="date de validité d'un code concept"/>
    <type value="dateTime"/>
  </property>
  <property>
    <code value="dateMaj"/>
    <description value="Date de mise à jour d'un code concept"/>
    <type value="dateTime"/>
  </property>
  <property>
    <code value="dateFin"/>
    <description value="Date de fin d'exploitation d'un code concept"/>
    <type value="dateTime"/>
  </property>
  <concept>
    <code value="01"/>
    <display value="Etablissement Tarif Libre"/>
    <designation>
      <use>
        <code value="LibelleCourt"/>
      </use>
      <value value="Tarif libre"/>
    </designation>
    <designation>
      <use>
        <code value="LibelleAdapte"/>
      </use>
      <value value="Etablissement Tarif Libre"/>
    </designation>
    <property>
      <code value="dateValid"/>
      <valueDateTime value="1999-11-02T00:00:00+01:00"/>
    </property>
    <property>
      <code value="dateMaj"/>
      <valueDateTime value="2018-09-28T12:00:00+01:00"/>
    </property>
  </concept>
  <concept>
    <code value="02"/>
    <display value="Autorité Ministérielle"/>
    <designation>
      <use>
        <code value="LibelleCourt"/>
      </use>
      <value value="Autorité Ministre"/>
    </designation>
    <designation>
      <use>
        <code value="LibelleAdapte"/>
      </use>
      <value value="Autorité Ministérielle"/>
    </designation>
    <property>
      <code value="dateValid"/>
      <valueDateTime value="1999-11-02T00:00:00+01:00"/>
    </property>
    <property>
      <code value="dateMaj"/>
      <valueDateTime value="2018-09-28T12:00:00+01:00"/>
    </property>
  </concept>
  <concept>
    <code value="03"/>
    <display value="ARS établissements Publics de santé dotation globale"/>
    <designation>
      <use>
        <code value="LibelleCourt"/>
      </use>
      <value value="ARS - DG EPS"/>
    </designation>
    <designation>
      <use>
        <code value="LibelleAdapte"/>
      </use>
      <value value="ARS établissements publics de santé dotation globale"/>
    </designation>
    <property>
      <code value="dateValid"/>
      <valueDateTime value="1999-11-02T00:00:00+01:00"/>
    </property>
    <property>
      <code value="dateMaj"/>
      <valueDateTime value="1999-09-21T00:00:00+01:00"/>
    </property>
  </concept>
  <concept>
    <code value="04"/>
    <display value="ARS établissements PSPH dotation globale"/>
    <designation>
      <use>
        <code value="LibelleCourt"/>
      </use>
      <value value="ARS - DG PSPH"/>
    </designation>
    <designation>
      <use>
        <code value="LibelleAdapte"/>
      </use>
      <value value="ARS établissements PSPH dotation globale"/>
    </designation>
    <property>
      <code value="dateValid"/>
      <valueDateTime value="1999-11-02T00:00:00+01:00"/>
    </property>
    <property>
      <code value="dateMaj"/>
      <valueDateTime value="1999-09-21T00:00:00+01:00"/>
    </property>
  </concept>
  <concept>
    <code value="05"/>
    <display value="ARS établissements médico-soc. non financés dotation globale"/>
    <designation>
      <use>
        <code value="LibelleCourt"/>
      </use>
      <value value="ARS - Non DG"/>
    </designation>
    <designation>
      <use>
        <code value="LibelleAdapte"/>
      </use>
      <value value="ARS établissements médico-sociaux non financés par dotation globale"/>
    </designation>
    <property>
      <code value="dateValid"/>
      <valueDateTime value="1999-11-02T00:00:00+01:00"/>
    </property>
    <property>
      <code value="dateMaj"/>
      <valueDateTime value="2016-09-01T00:00:00+01:00"/>
    </property>
  </concept>
  <concept>
    <code value="06"/>
    <display value="Tarif d'autorité"/>
    <designation>
      <use>
        <code value="LibelleCourt"/>
      </use>
      <value value="AM-Tarif Autorité"/>
    </designation>
    <designation>
      <use>
        <code value="LibelleAdapte"/>
      </use>
      <value value="Tarif d'autorité"/>
    </designation>
    <property>
      <code value="dateValid"/>
      <valueDateTime value="1999-11-02T00:00:00+01:00"/>
    </property>
    <property>
      <code value="dateMaj"/>
      <valueDateTime value="1999-09-21T00:00:00+01:00"/>
    </property>
  </concept>
  <concept>
    <code value="07"/>
    <display value="ARS établissements de santé non financés dotation globale"/>
    <designation>
      <use>
        <code value="LibelleCourt"/>
      </use>
      <value value="ARS - san pr non DG"/>
    </designation>
    <designation>
      <use>
        <code value="LibelleAdapte"/>
      </use>
      <value value="ARS établissements de santé non financés par dotation globale"/>
    </designation>
    <property>
      <code value="dateValid"/>
      <valueDateTime value="1999-11-02T00:00:00+01:00"/>
    </property>
    <property>
      <code value="dateMaj"/>
      <valueDateTime value="1999-09-21T00:00:00+01:00"/>
    </property>
  </concept>
  <concept>
    <code value="08"/>
    <display value="Président du Conseil Départemental ou métropole"/>
    <designation>
      <use>
        <code value="LibelleCourt"/>
      </use>
      <value value="PCD ou métropole"/>
    </designation>
    <designation>
      <use>
        <code value="LibelleAdapte"/>
      </use>
      <value value="Président du Conseil Départemental ou métropole"/>
    </designation>
    <property>
      <code value="dateValid"/>
      <valueDateTime value="1999-11-02T00:00:00+01:00"/>
    </property>
    <property>
      <code value="dateMaj"/>
      <valueDateTime value="2024-02-23T12:00:00+01:00"/>
    </property>
  </concept>
  <concept>
    <code value="09"/>
    <display value="ARS PCD mixte (2 arrêtés), habilité aide sociale"/>
    <designation>
      <use>
        <code value="LibelleCourt"/>
      </use>
      <value value="ARS PCD mixte HAS"/>
    </designation>
    <designation>
      <use>
        <code value="LibelleAdapte"/>
      </use>
      <value value="ARS PCD mixte (2 arrêtés), habilité aide sociale"/>
    </designation>
    <property>
      <code value="dateValid"/>
      <valueDateTime value="1999-11-02T00:00:00+01:00"/>
    </property>
    <property>
      <code value="dateMaj"/>
      <valueDateTime value="2016-09-01T00:00:00+01:00"/>
    </property>
  </concept>
  <concept>
    <code value="10"/>
    <display value="Autorité Conjointe Préfet ou ARS/PCD ou métropole (1 arrêté)"/>
    <designation>
      <use>
        <code value="LibelleCourt"/>
      </use>
      <value value="Préfet ou ARS/PCD ou métropole"/>
    </designation>
    <designation>
      <use>
        <code value="LibelleAdapte"/>
      </use>
      <value value="Autorité Conjointe Préfet ou ARS/PCD ou métropole (1 arrêté)"/>
    </designation>
    <property>
      <code value="dateValid"/>
      <valueDateTime value="1999-11-02T00:00:00+01:00"/>
    </property>
    <property>
      <code value="dateMaj"/>
      <valueDateTime value="2024-02-23T12:00:00+01:00"/>
    </property>
  </concept>
  <concept>
    <code value="11"/>
    <display value="Tarifs ARS, PCD, hébergt libre"/>
    <designation>
      <use>
        <code value="LibelleCourt"/>
      </use>
      <value value="ARS-PCD mixte nHAS"/>
    </designation>
    <designation>
      <use>
        <code value="LibelleAdapte"/>
      </use>
      <value value="Tarifs ARS, PCD, hébergement libre"/>
    </designation>
    <property>
      <code value="dateValid"/>
      <valueDateTime value="1999-11-02T00:00:00+01:00"/>
    </property>
    <property>
      <code value="dateMaj"/>
      <valueDateTime value="2016-09-01T00:00:00+01:00"/>
    </property>
  </concept>
  <concept>
    <code value="14"/>
    <display value="Organismes Nationaux de Sécurité Sociale"/>
    <designation>
      <use>
        <code value="LibelleCourt"/>
      </use>
      <value value="Organ.Nationaux S.S."/>
    </designation>
    <designation>
      <use>
        <code value="LibelleAdapte"/>
      </use>
      <value value="Organismes Nationaux de Sécurité Sociale"/>
    </designation>
    <property>
      <code value="dateValid"/>
      <valueDateTime value="1999-11-02T00:00:00+01:00"/>
    </property>
    <property>
      <code value="dateMaj"/>
      <valueDateTime value="2018-09-28T12:00:00+01:00"/>
    </property>
  </concept>
  <concept>
    <code value="15"/>
    <display value="ARS privé hors PSPH sous dotation globale"/>
    <designation>
      <use>
        <code value="LibelleCourt"/>
      </use>
      <value value="ARS priv non PSPH DG"/>
    </designation>
    <designation>
      <use>
        <code value="LibelleAdapte"/>
      </use>
      <value value="ARS privé hors PSPH sous dotation globale"/>
    </designation>
    <property>
      <code value="dateValid"/>
      <valueDateTime value="1999-11-02T00:00:00+01:00"/>
    </property>
    <property>
      <code value="dateMaj"/>
      <valueDateTime value="1999-01-12T00:00:00+01:00"/>
    </property>
  </concept>
  <concept>
    <code value="16"/>
    <display value="CRAM homologué préfet de région"/>
    <designation>
      <use>
        <code value="LibelleCourt"/>
      </use>
      <value value="CRAM homol préf rég"/>
    </designation>
    <designation>
      <use>
        <code value="LibelleAdapte"/>
      </use>
      <value value="CRAM homologué préfet de région"/>
    </designation>
    <property>
      <code value="dateValid"/>
      <valueDateTime value="1999-11-02T00:00:00+01:00"/>
    </property>
    <property>
      <code value="dateFin"/>
      <valueDateTime value="2001-12-31T00:00:00+01:00"/>
    </property>
    <property>
      <code value="dateMaj"/>
      <valueDateTime value="2002-02-07T00:00:00+01:00"/>
    </property>
  </concept>
  <concept>
    <code value="17"/>
    <display value="Autorité mixte ARS PCD dotation globale"/>
    <designation>
      <use>
        <code value="LibelleCourt"/>
      </use>
      <value value="ARS PCD mixte DG"/>
    </designation>
    <designation>
      <use>
        <code value="LibelleAdapte"/>
      </use>
      <value value="Autorité mixte ARS PCD dotation globale"/>
    </designation>
    <property>
      <code value="dateValid"/>
      <valueDateTime value="1999-11-02T00:00:00+01:00"/>
    </property>
    <property>
      <code value="dateMaj"/>
      <valueDateTime value="2016-09-01T00:00:00+01:00"/>
    </property>
  </concept>
  <concept>
    <code value="18"/>
    <display value="Autorité mixte ARS PCG Etab long séjour conv tripartite"/>
    <designation>
      <use>
        <code value="LibelleCourt"/>
      </use>
      <value value="ARS PCG mixte LS"/>
    </designation>
    <designation>
      <use>
        <code value="LibelleAdapte"/>
      </use>
      <value value="Autorité mixte ARS PCG établissement long séjour convention tripartite"/>
    </designation>
    <property>
      <code value="dateValid"/>
      <valueDateTime value="1999-11-02T00:00:00+01:00"/>
    </property>
    <property>
      <code value="dateFin"/>
      <valueDateTime value="2001-03-01T00:00:00+01:00"/>
    </property>
    <property>
      <code value="dateMaj"/>
      <valueDateTime value="1999-09-21T00:00:00+01:00"/>
    </property>
  </concept>
  <concept>
    <code value="19"/>
    <display value="Autorité mixte préfet dpt PCG EHPA conv tripartite"/>
    <designation>
      <use>
        <code value="LibelleCourt"/>
      </use>
      <value value="PD PCG mixte EHPA"/>
    </designation>
    <designation>
      <use>
        <code value="LibelleAdapte"/>
      </use>
      <value value="Autorité mixte préfet déptartement PCG EHPA convention tripartite"/>
    </designation>
    <property>
      <code value="dateValid"/>
      <valueDateTime value="1999-11-02T00:00:00+01:00"/>
    </property>
    <property>
      <code value="dateFin"/>
      <valueDateTime value="2001-03-01T00:00:00+01:00"/>
    </property>
    <property>
      <code value="dateMaj"/>
      <valueDateTime value="1999-09-21T00:00:00+01:00"/>
    </property>
  </concept>
  <concept>
    <code value="20"/>
    <display value="ARS PCG mixte, Accueil de jour PA, HAS"/>
    <designation>
      <use>
        <code value="LibelleCourt"/>
      </use>
      <value value="ARS-PCG CAJ PA HAS"/>
    </designation>
    <designation>
      <use>
        <code value="LibelleAdapte"/>
      </use>
      <value value="ARS PCG mixte, Accueil de jour PA, HAS"/>
    </designation>
    <property>
      <code value="dateValid"/>
      <valueDateTime value="2001-03-01T00:00:00+01:00"/>
    </property>
    <property>
      <code value="dateFin"/>
      <valueDateTime value="2015-04-24T00:00:00+01:00"/>
    </property>
    <property>
      <code value="dateMaj"/>
      <valueDateTime value="2015-04-24T00:00:00+01:00"/>
    </property>
  </concept>
  <concept>
    <code value="21"/>
    <display value="ARS PCD mixte, Accueil de jour PA, HAS"/>
    <designation>
      <use>
        <code value="LibelleCourt"/>
      </use>
      <value value="ARS-PCD CAJ PA HAS"/>
    </designation>
    <designation>
      <use>
        <code value="LibelleAdapte"/>
      </use>
      <value value="ARS PCD mixte, Accueil de jour PA, HAS"/>
    </designation>
    <property>
      <code value="dateValid"/>
      <valueDateTime value="2001-03-01T00:00:00+01:00"/>
    </property>
    <property>
      <code value="dateMaj"/>
      <valueDateTime value="2016-09-01T00:00:00+01:00"/>
    </property>
  </concept>
  <concept>
    <code value="22"/>
    <display value="Autorité mixte ARS PCD ESLD tripartite DG global"/>
    <designation>
      <use>
        <code value="LibelleCourt"/>
      </use>
      <value value="ARS-PCD ESLD global"/>
    </designation>
    <designation>
      <use>
        <code value="LibelleAdapte"/>
      </use>
      <value value="Autorité mixte ARS PCD ESLD tripartite DG global"/>
    </designation>
    <property>
      <code value="dateValid"/>
      <valueDateTime value="2001-03-01T00:00:00+01:00"/>
    </property>
    <property>
      <code value="dateMaj"/>
      <valueDateTime value="2016-09-01T00:00:00+01:00"/>
    </property>
  </concept>
  <concept>
    <code value="23"/>
    <display value="Autorité mixte ARS PCD ESLD tripartite DG partielle"/>
    <designation>
      <use>
        <code value="LibelleCourt"/>
      </use>
      <value value="ARS-PCD ESLD partiel"/>
    </designation>
    <designation>
      <use>
        <code value="LibelleAdapte"/>
      </use>
      <value value="Autorité mixte ARS PCD ESLD tripartite DG partielle"/>
    </designation>
    <property>
      <code value="dateValid"/>
      <valueDateTime value="2001-03-01T00:00:00+01:00"/>
    </property>
    <property>
      <code value="dateMaj"/>
      <valueDateTime value="2016-09-01T00:00:00+01:00"/>
    </property>
  </concept>
  <concept>
    <code value="24"/>
    <display value="ARS PCG mixte, Accueil de jour PA, nHAS, hébergement libre"/>
    <designation>
      <use>
        <code value="LibelleCourt"/>
      </use>
      <value value="ARS-PCG CAJ PA nHAS"/>
    </designation>
    <designation>
      <use>
        <code value="LibelleAdapte"/>
      </use>
      <value value="ARS PCG mixte, Accueil de jour PA, nHAS, hébergement libre"/>
    </designation>
    <property>
      <code value="dateValid"/>
      <valueDateTime value="2001-03-01T00:00:00+01:00"/>
    </property>
    <property>
      <code value="dateFin"/>
      <valueDateTime value="2015-01-22T00:00:00+01:00"/>
    </property>
    <property>
      <code value="dateMaj"/>
      <valueDateTime value="2015-01-22T00:00:00+01:00"/>
    </property>
  </concept>
  <concept>
    <code value="25"/>
    <display value="ARS PCD mixte, Accueil de jour PA, nHAS, hébergement libre"/>
    <designation>
      <use>
        <code value="LibelleCourt"/>
      </use>
      <value value="ARS-PCD CAJ PA nHAS"/>
    </designation>
    <designation>
      <use>
        <code value="LibelleAdapte"/>
      </use>
      <value value="ARS PCD mixte, Accueil de jour PA, nHAS, hébergement libre"/>
    </designation>
    <property>
      <code value="dateValid"/>
      <valueDateTime value="2001-03-01T00:00:00+01:00"/>
    </property>
    <property>
      <code value="dateMaj"/>
      <valueDateTime value="2016-09-01T00:00:00+01:00"/>
    </property>
  </concept>
  <concept>
    <code value="26"/>
    <display value="Logement Foyer convention partielle PAP (conv. EHPAD part.)"/>
    <designation>
      <use>
        <code value="LibelleCourt"/>
      </use>
      <value value="LF conv partiel PAP"/>
    </designation>
    <designation>
      <use>
        <code value="LibelleAdapte"/>
      </use>
      <value value="Logement Foyer convention partielle PAP (conv EHPAD part)"/>
    </designation>
    <property>
      <code value="dateValid"/>
      <valueDateTime value="2011-11-18T00:00:00+01:00"/>
    </property>
    <property>
      <code value="dateFin"/>
      <valueDateTime value="2014-07-07T00:00:00+01:00"/>
    </property>
    <property>
      <code value="dateMaj"/>
      <valueDateTime value="2014-07-23T00:00:00+01:00"/>
    </property>
  </concept>
  <concept>
    <code value="30"/>
    <display value="Préfet de région établissements et services sociaux"/>
    <designation>
      <use>
        <code value="LibelleCourt"/>
      </use>
      <value value="Préfet région soc."/>
    </designation>
    <designation>
      <use>
        <code value="LibelleAdapte"/>
      </use>
      <value value="Préfet de région établissements et services sociaux"/>
    </designation>
    <property>
      <code value="dateValid"/>
      <valueDateTime value="2010-11-12T00:00:00+01:00"/>
    </property>
    <property>
      <code value="dateMaj"/>
      <valueDateTime value="2016-09-01T00:00:00+01:00"/>
    </property>
  </concept>
  <concept>
    <code value="31"/>
    <display value="Pdt Conseil Départemental-Subvention"/>
    <designation>
      <use>
        <code value="LibelleCourt"/>
      </use>
      <value value="PCD-subv"/>
    </designation>
    <designation>
      <use>
        <code value="LibelleAdapte"/>
      </use>
      <value value="Président Conseil Départemental-Subvention"/>
    </designation>
    <property>
      <code value="dateValid"/>
      <valueDateTime value="2010-11-12T00:00:00+01:00"/>
    </property>
    <property>
      <code value="dateMaj"/>
      <valueDateTime value="2018-09-28T12:00:00+01:00"/>
    </property>
  </concept>
  <concept>
    <code value="32"/>
    <display value="Echelle tarifaire publique"/>
    <designation>
      <use>
        <code value="LibelleCourt"/>
      </use>
      <value value="Ech tarif publique"/>
    </designation>
    <designation>
      <use>
        <code value="LibelleAdapte"/>
      </use>
      <value value="Echelle tarifaire publique"/>
    </designation>
    <property>
      <code value="dateValid"/>
      <valueDateTime value="2011-05-04T00:00:00+01:00"/>
    </property>
    <property>
      <code value="dateMaj"/>
      <valueDateTime value="2011-05-13T00:00:00+01:00"/>
    </property>
  </concept>
  <concept>
    <code value="33"/>
    <display value="Echelle tarifaire privée"/>
    <designation>
      <use>
        <code value="LibelleCourt"/>
      </use>
      <value value="Ech tarif privée"/>
    </designation>
    <designation>
      <use>
        <code value="LibelleAdapte"/>
      </use>
      <value value="Echelle tarifaire privée"/>
    </designation>
    <property>
      <code value="dateValid"/>
      <valueDateTime value="2011-05-04T00:00:00+01:00"/>
    </property>
    <property>
      <code value="dateMaj"/>
      <valueDateTime value="2011-05-13T00:00:00+01:00"/>
    </property>
  </concept>
  <concept>
    <code value="34"/>
    <display value="ARS - DG dotation globale"/>
    <designation>
      <use>
        <code value="LibelleCourt"/>
      </use>
      <value value="ARS - DG"/>
    </designation>
    <designation>
      <use>
        <code value="LibelleAdapte"/>
      </use>
      <value value="ARS - DG dotation globale"/>
    </designation>
    <property>
      <code value="dateValid"/>
      <valueDateTime value="2013-01-23T00:00:00+01:00"/>
    </property>
    <property>
      <code value="dateMaj"/>
      <valueDateTime value="2013-01-23T00:00:00+01:00"/>
    </property>
  </concept>
  <concept>
    <code value="35"/>
    <display value="Préfet de département Subvention"/>
    <designation>
      <use>
        <code value="LibelleCourt"/>
      </use>
      <value value="Préfet départ. subv."/>
    </designation>
    <designation>
      <use>
        <code value="LibelleAdapte"/>
      </use>
      <value value="Préfet de département Subvention"/>
    </designation>
    <property>
      <code value="dateValid"/>
      <valueDateTime value="2016-09-01T00:00:00+01:00"/>
    </property>
    <property>
      <code value="dateMaj"/>
      <valueDateTime value="2016-09-01T00:00:00+01:00"/>
    </property>
  </concept>
  <concept>
    <code value="36"/>
    <display value="Tarifs conventionnels assurance maladie"/>
    <designation>
      <use>
        <code value="LibelleCourt"/>
      </use>
      <value value="Conventionnel AM"/>
    </designation>
    <designation>
      <use>
        <code value="LibelleAdapte"/>
      </use>
      <value value="Tarifs conventionnels assurance maladie"/>
    </designation>
    <property>
      <code value="dateValid"/>
      <valueDateTime value="2013-12-19T00:00:00+01:00"/>
    </property>
    <property>
      <code value="dateMaj"/>
      <valueDateTime value="2013-12-19T00:00:00+01:00"/>
    </property>
  </concept>
  <concept>
    <code value="38"/>
    <display value="Régime spécial de prévoyance"/>
    <designation>
      <use>
        <code value="LibelleCourt"/>
      </use>
      <value value="Régime spécial"/>
    </designation>
    <designation>
      <use>
        <code value="LibelleAdapte"/>
      </use>
      <value value="Régime spécial de prévoyance"/>
    </designation>
    <property>
      <code value="dateValid"/>
      <valueDateTime value="2021-11-26T12:00:00+01:00"/>
    </property>
    <property>
      <code value="dateMaj"/>
      <valueDateTime value="2021-11-26T12:00:00+01:00"/>
    </property>
  </concept>
  <concept>
    <code value="40"/>
    <display value="ARS-PCD, Tarif global, habilité aide sociale, recours PUI"/>
    <designation>
      <use>
        <code value="LibelleCourt"/>
      </use>
      <value value="ARS TG HAS PUI"/>
    </designation>
    <designation>
      <use>
        <code value="LibelleAdapte"/>
      </use>
      <value value="ARS-PCD, Tarif global, habilité aide sociale, recours PUI"/>
    </designation>
    <property>
      <code value="dateValid"/>
      <valueDateTime value="2015-01-01T00:00:00+01:00"/>
    </property>
    <property>
      <code value="dateMaj"/>
      <valueDateTime value="2016-09-01T00:00:00+01:00"/>
    </property>
  </concept>
  <concept>
    <code value="41"/>
    <display value="ARS-PCD, Tarif global, habilité aide sociale sans PUI"/>
    <designation>
      <use>
        <code value="LibelleCourt"/>
      </use>
      <value value="ARS TG HAS nPUI"/>
    </designation>
    <designation>
      <use>
        <code value="LibelleAdapte"/>
      </use>
      <value value="ARS-PCD, Tarif global, habilité aide sociale sans PUI"/>
    </designation>
    <property>
      <code value="dateValid"/>
      <valueDateTime value="2015-01-01T00:00:00+01:00"/>
    </property>
    <property>
      <code value="dateMaj"/>
      <valueDateTime value="2016-09-01T00:00:00+01:00"/>
    </property>
  </concept>
  <concept>
    <code value="42"/>
    <display value="ARS-PCD, Tarif global, non hab.aide sociale, recours PUI"/>
    <designation>
      <use>
        <code value="LibelleCourt"/>
      </use>
      <value value="ARS TG nHAS PUI"/>
    </designation>
    <designation>
      <use>
        <code value="LibelleAdapte"/>
      </use>
      <value value="ARS-PCD, Tarif global, non habilité aide sociale, recours PUI"/>
    </designation>
    <property>
      <code value="dateValid"/>
      <valueDateTime value="2015-01-01T00:00:00+01:00"/>
    </property>
    <property>
      <code value="dateMaj"/>
      <valueDateTime value="2016-09-01T00:00:00+01:00"/>
    </property>
  </concept>
  <concept>
    <code value="43"/>
    <display value="ARS-PCD, Tarif global, non habilité aide sociale sans PUI"/>
    <designation>
      <use>
        <code value="LibelleCourt"/>
      </use>
      <value value="ARS TG nHAS nPUI"/>
    </designation>
    <designation>
      <use>
        <code value="LibelleAdapte"/>
      </use>
      <value value="ARS-PCD, Tarif global, non habilité aide sociale sans PUI"/>
    </designation>
    <property>
      <code value="dateValid"/>
      <valueDateTime value="2015-01-01T00:00:00+01:00"/>
    </property>
    <property>
      <code value="dateMaj"/>
      <valueDateTime value="2016-09-01T00:00:00+01:00"/>
    </property>
  </concept>
  <concept>
    <code value="44"/>
    <display value="ARS-PCD, Tarif partiel, habilité aide sociale, recours PUI"/>
    <designation>
      <use>
        <code value="LibelleCourt"/>
      </use>
      <value value="ARS TP HAS PUI"/>
    </designation>
    <designation>
      <use>
        <code value="LibelleAdapte"/>
      </use>
      <value value="ARS-PCD, Tarif partiel, habilité aide sociale, recours PUI"/>
    </designation>
    <property>
      <code value="dateValid"/>
      <valueDateTime value="2015-01-01T00:00:00+01:00"/>
    </property>
    <property>
      <code value="dateMaj"/>
      <valueDateTime value="2016-09-01T00:00:00+01:00"/>
    </property>
  </concept>
  <concept>
    <code value="45"/>
    <display value="ARS-PCD, Tarif partiel, habilité aide sociale sans PUI"/>
    <designation>
      <use>
        <code value="LibelleCourt"/>
      </use>
      <value value="ARS TP HAS nPUI"/>
    </designation>
    <designation>
      <use>
        <code value="LibelleAdapte"/>
      </use>
      <value value="ARS-PCD, Tarif partiel, habilité aide sociale sans PUI"/>
    </designation>
    <property>
      <code value="dateValid"/>
      <valueDateTime value="2015-01-01T00:00:00+01:00"/>
    </property>
    <property>
      <code value="dateMaj"/>
      <valueDateTime value="2016-09-01T00:00:00+01:00"/>
    </property>
  </concept>
  <concept>
    <code value="46"/>
    <display value="ARS-PCD, Tarif partiel, non hab.aide sociale, recours PUI"/>
    <designation>
      <use>
        <code value="LibelleCourt"/>
      </use>
      <value value="ARS TP nHAS PUI"/>
    </designation>
    <designation>
      <use>
        <code value="LibelleAdapte"/>
      </use>
      <value value="ARS-PCD, Tarif partiel, non habilité aide sociale, recours PUI"/>
    </designation>
    <property>
      <code value="dateValid"/>
      <valueDateTime value="2015-01-01T00:00:00+01:00"/>
    </property>
    <property>
      <code value="dateMaj"/>
      <valueDateTime value="2016-09-01T00:00:00+01:00"/>
    </property>
  </concept>
  <concept>
    <code value="47"/>
    <display value="ARS-PCD, Tarif partiel, non habilité aide sociale sans PUI"/>
    <designation>
      <use>
        <code value="LibelleCourt"/>
      </use>
      <value value="ARS TP nHAS nPUI"/>
    </designation>
    <designation>
      <use>
        <code value="LibelleAdapte"/>
      </use>
      <value value="ARS-PCD, Tarif partiel, non habilité aide sociale sans PUI"/>
    </designation>
    <property>
      <code value="dateValid"/>
      <valueDateTime value="2015-01-01T00:00:00+01:00"/>
    </property>
    <property>
      <code value="dateMaj"/>
      <valueDateTime value="2016-09-01T00:00:00+01:00"/>
    </property>
  </concept>
  <concept>
    <code value="48"/>
    <display value="ARS-PCD, EHPA, dot globale de soins, habilité aide sociale"/>
    <designation>
      <use>
        <code value="LibelleCourt"/>
      </use>
      <value value="ARS PCD EHPA DGS HAS"/>
    </designation>
    <designation>
      <use>
        <code value="LibelleAdapte"/>
      </use>
      <value value="ARS-PCD, EHPA, dotation globale de soins, habilité aide sociale"/>
    </designation>
    <property>
      <code value="dateValid"/>
      <valueDateTime value="2015-01-01T00:00:00+01:00"/>
    </property>
    <property>
      <code value="dateMaj"/>
      <valueDateTime value="2016-09-01T00:00:00+01:00"/>
    </property>
  </concept>
  <concept>
    <code value="49"/>
    <display value="ARS-PCD, EHPA, dot globale soins, non habilité aide sociale"/>
    <designation>
      <use>
        <code value="LibelleCourt"/>
      </use>
      <value value="ARS PCD EHPA DGS nAS"/>
    </designation>
    <designation>
      <use>
        <code value="LibelleAdapte"/>
      </use>
      <value value="ARS-PCD, EHPA, dotation globale de soins, non habilité aide sociale"/>
    </designation>
    <property>
      <code value="dateValid"/>
      <valueDateTime value="2015-01-01T00:00:00+01:00"/>
    </property>
    <property>
      <code value="dateMaj"/>
      <valueDateTime value="2016-09-01T00:00:00+01:00"/>
    </property>
  </concept>
  <concept>
    <code value="50"/>
    <display value="ARS-PCD, PUV, forfait soins, habilité aide sociale"/>
    <designation>
      <use>
        <code value="LibelleCourt"/>
      </use>
      <value value="ARS PCD PUV FS HAS"/>
    </designation>
    <designation>
      <use>
        <code value="LibelleAdapte"/>
      </use>
      <value value="ARS-PCD, PUV, forfait soins, habilité aide sociale"/>
    </designation>
    <property>
      <code value="dateValid"/>
      <valueDateTime value="2015-01-01T00:00:00+01:00"/>
    </property>
    <property>
      <code value="dateMaj"/>
      <valueDateTime value="2016-09-01T00:00:00+01:00"/>
    </property>
  </concept>
  <concept>
    <code value="51"/>
    <display value="ARS-PCD, PUV, forfait soins, non habilité aide sociale"/>
    <designation>
      <use>
        <code value="LibelleCourt"/>
      </use>
      <value value="ARS PCD PUV FS nHAS"/>
    </designation>
    <designation>
      <use>
        <code value="LibelleAdapte"/>
      </use>
      <value value="ARS-PCD, PUV, forfait soins, non habilité aide sociale"/>
    </designation>
    <property>
      <code value="dateValid"/>
      <valueDateTime value="2015-01-01T00:00:00+01:00"/>
    </property>
    <property>
      <code value="dateMaj"/>
      <valueDateTime value="2016-09-01T00:00:00+01:00"/>
    </property>
  </concept>
  <concept>
    <code value="52"/>
    <display value="ARS-PCD, LF, forfait soins, habilité aide sociale"/>
    <designation>
      <use>
        <code value="LibelleCourt"/>
      </use>
      <value value="ARS PCD LF FS HAS"/>
    </designation>
    <designation>
      <use>
        <code value="LibelleAdapte"/>
      </use>
      <value value="ARS-PCD, LF, forfait soins, habilité aide sociale"/>
    </designation>
    <property>
      <code value="dateValid"/>
      <valueDateTime value="2015-01-01T00:00:00+01:00"/>
    </property>
    <property>
      <code value="dateMaj"/>
      <valueDateTime value="2016-09-01T00:00:00+01:00"/>
    </property>
  </concept>
  <concept>
    <code value="53"/>
    <display value="ARS-PCD, LF, forfait soins, non habilité aide sociale"/>
    <designation>
      <use>
        <code value="LibelleCourt"/>
      </use>
      <value value="ARS PCD LF FS nHAS"/>
    </designation>
    <designation>
      <use>
        <code value="LibelleAdapte"/>
      </use>
      <value value="ARS-PCD, LF, forfait soins, non habilité aide sociale"/>
    </designation>
    <property>
      <code value="dateValid"/>
      <valueDateTime value="2015-01-01T00:00:00+01:00"/>
    </property>
    <property>
      <code value="dateMaj"/>
      <valueDateTime value="2016-09-01T00:00:00+01:00"/>
    </property>
  </concept>
  <concept>
    <code value="54"/>
    <display value="Tarif AM - Services de Soins Infirmiers A Domicile"/>
    <designation>
      <use>
        <code value="LibelleCourt"/>
      </use>
      <value value="Tarif AM - SSIAD"/>
    </designation>
    <designation>
      <use>
        <code value="LibelleAdapte"/>
      </use>
      <value value="Tarif AM - Services de Soins Infirmiers A Domicile"/>
    </designation>
    <property>
      <code value="dateValid"/>
      <valueDateTime value="2016-09-01T00:00:00+01:00"/>
    </property>
    <property>
      <code value="dateMaj"/>
      <valueDateTime value="2018-09-28T12:00:00+01:00"/>
    </property>
  </concept>
  <concept>
    <code value="55"/>
    <display value="ARS-PCD, PUV, convention SSIAD, non habilité à l'aide social"/>
    <designation>
      <use>
        <code value="LibelleCourt"/>
      </use>
      <value value="ARS PCD PUV CD NHAS"/>
    </designation>
    <designation>
      <use>
        <code value="LibelleAdapte"/>
      </use>
      <value value="ARS-PCD, PUV, convention SSIAD, non habilité à l'aide social"/>
    </designation>
    <property>
      <code value="dateValid"/>
      <valueDateTime value="2018-09-28T12:00:00+01:00"/>
    </property>
    <property>
      <code value="dateMaj"/>
      <valueDateTime value="2018-09-28T12:00:00+01:00"/>
    </property>
  </concept>
  <concept>
    <code value="56"/>
    <display value="ARS-PCD, PUV, convention SSIAD, habilité à l'aide sociale"/>
    <designation>
      <use>
        <code value="LibelleCourt"/>
      </use>
      <value value="ARS PCD PUV CD HAS"/>
    </designation>
    <designation>
      <use>
        <code value="LibelleAdapte"/>
      </use>
      <value value="ARS-PCD, PUV, convention SSIAD, habilité à l'aide sociale"/>
    </designation>
    <property>
      <code value="dateValid"/>
      <valueDateTime value="2018-09-28T12:00:00+01:00"/>
    </property>
    <property>
      <code value="dateMaj"/>
      <valueDateTime value="2018-09-28T12:00:00+01:00"/>
    </property>
  </concept>
  <concept>
    <code value="57"/>
    <display value="ARS /ARS PCD Dotation forfait ou prix de journée globalisés (CPOM)"/>
    <designation>
      <use>
        <code value="LibelleCourt"/>
      </use>
      <value value="ARS/ARS PCD Dot.Glob"/>
    </designation>
    <designation>
      <use>
        <code value="LibelleAdapte"/>
      </use>
      <value value="ARS /ARS PCD Dotation forfait ou prix de journée globalisés (CPOM)"/>
    </designation>
    <property>
      <code value="dateValid"/>
      <valueDateTime value="2018-09-28T12:00:00+01:00"/>
    </property>
    <property>
      <code value="dateMaj"/>
      <valueDateTime value="2020-01-31T12:00:00+01:00"/>
    </property>
  </concept>
  <concept>
    <code value="58"/>
    <display value="ARS dotation forfait ou prix de journée globalisé hors CPOM"/>
    <designation>
      <use>
        <code value="LibelleCourt"/>
      </use>
      <value value="ARS PJ glob.hors CPOM"/>
    </designation>
    <designation>
      <use>
        <code value="LibelleAdapte"/>
      </use>
      <value value="ARS dotation forfait ou prix de journée globalisé hors CPOM"/>
    </designation>
    <property>
      <code value="dateValid"/>
      <valueDateTime value="2018-09-28T12:00:00+01:00"/>
    </property>
    <property>
      <code value="dateMaj"/>
      <valueDateTime value="2018-09-28T12:00:00+01:00"/>
    </property>
  </concept>
  <concept>
    <code value="99"/>
    <display value="Indéterminé"/>
    <designation>
      <use>
        <code value="LibelleCourt"/>
      </use>
      <value value="Indéterminé"/>
    </designation>
    <designation>
      <use>
        <code value="LibelleAdapte"/>
      </use>
      <value value="Indéterminé"/>
    </designation>
    <property>
      <code value="dateValid"/>
      <valueDateTime value="2002-01-01T00:00:00+01:00"/>
    </property>
    <property>
      <code value="dateMaj"/>
      <valueDateTime value="2002-04-15T00:00:00+01:00"/>
    </property>
  </concept>
</CodeSystem>