<?xml version="1.0" encoding="UTF-8"?>

<CodeSystem xmlns="http://hl7.org/fhir">
  <id value="TRE-R227-ChampActivite"/>
  <text>
    <status value="generated"/><div xmlns="http://www.w3.org/1999/xhtml"><p><b>Properties</b></p><p><b>This code system  defines the following properties for its concepts</b></p><table class="grid"><tr><td><b>Code</b></td><td><b>Type</b></td><td><b>Description</b></td></tr><tr><td>dateValid</td><td>dateTime</td><td>date de validité d'un code concept</td></tr><tr><td>dateMaj</td><td>dateTime</td><td>Date de mise à jour d'un code concept</td></tr><tr><td>dateFin</td><td>dateTime</td><td>Date de fin d'exploitation d'un code concept</td></tr></table><p><b>Concepts</b></p><p>This  code system <code>https://mos.esante.gouv.fr/NOS/TRE_R227-ChampActivite/FHIR/TRE-R227-ChampActivite</code> defines the following codes:</p><table class="codes"><tr><td style="white-space:nowrap"><b>Code</b></td><td><b>Display</b></td><td><b>dateValid</b></td><td><b>dateMaj</b></td></tr><tr><td style="white-space:nowrap">01<a name="TRE-R227-ChampActivite-01"> </a></td><td>Médecine Chirurgie Obstétrique (MCO)</td><td>2017-03-22T12:00:00+01:00</td><td>2017-03-22T12:00:00+01:00</td></tr><tr><td style="white-space:nowrap">02<a name="TRE-R227-ChampActivite-02"> </a></td><td>Soins Médicaux et de réadaptation (SMR)</td><td>2017-03-22T12:00:00+01:00</td><td>2023-06-30T12:00:00+01:00</td></tr><tr><td style="white-space:nowrap">03<a name="TRE-R227-ChampActivite-03"> </a></td><td>Psychiatrie (PSY)</td><td>2017-03-22T12:00:00+01:00</td><td>2017-03-22T12:00:00+01:00</td></tr><tr><td style="white-space:nowrap">04<a name="TRE-R227-ChampActivite-04"> </a></td><td>Médico-social (MS)</td><td>2017-10-13T12:00:00+01:00</td><td>2017-10-13T12:00:00+01:00</td></tr><tr><td style="white-space:nowrap">05<a name="TRE-R227-ChampActivite-05"> </a></td><td>Ville</td><td>2018-12-14T12:00:00+01:00</td><td>2023-06-30T12:00:00+01:00</td></tr></table></div>
  </text>
  <extension url="http://hl7.org/fhir/StructureDefinition/resource-effectivePeriod">
    <valuePeriod>
      <start value="2017-03-22T12:00:00+01:00"/>
    </valuePeriod>
  </extension>
  <url value="https://mos.esante.gouv.fr/NOS/TRE_R227-ChampActivite/FHIR/TRE-R227-ChampActivite"/>
  <identifier>
    <value value="urn:oid:1.2.250.1.213.3.3.17"/>
  </identifier>
  <version value="1.2.0"/>
  <name value="TRE_R227-ChampActivite"/>
  <status value="active"/>
  <date value="2023-12-15T12:00:00+01:00"/>
  <publisher value="ANS"/>
  <contact>
    <name value="ANS"/>
    <telecom>
      <system value="url"/>
      <value value="https://esante.gouv.fr"/>
    </telecom>
  </contact>
  <description value="Champ d'activité"/>
  <content value="complete"/>
  <property>
    <code value="dateValid"/>
    <description value="date de validité d'un code concept"/>
    <type value="dateTime"/>
  </property>
  <property>
    <code value="dateMaj"/>
    <description value="Date de mise à jour d'un code concept"/>
    <type value="dateTime"/>
  </property>
  <property>
    <code value="dateFin"/>
    <description value="Date de fin d'exploitation d'un code concept"/>
    <type value="dateTime"/>
  </property>
  <concept>
    <code value="01"/>
    <display value="Médecine Chirurgie Obstétrique (MCO)"/>
    <designation>
      <use>
        <code value="LibelleCourt"/>
      </use>
      <value value="MCO"/>
    </designation>
    <designation>
      <use>
        <code value="LibelleAdapte"/>
      </use>
      <value value="Médecine, Chirurgie, Obstétrique (MCO)"/>
    </designation>
    <property>
      <code value="dateValid"/>
      <valueDateTime value="2017-03-22T12:00:00+01:00"/>
    </property>
    <property>
      <code value="dateMaj"/>
      <valueDateTime value="2017-03-22T12:00:00+01:00"/>
    </property>
  </concept>
  <concept>
    <code value="02"/>
    <display value="Soins Médicaux et de réadaptation (SMR)"/>
    <designation>
      <use>
        <code value="LibelleCourt"/>
      </use>
      <value value="SMR"/>
    </designation>
    <designation>
      <use>
        <code value="LibelleAdapte"/>
      </use>
      <value value="Soins Médicaux et de réadaptation (SMR)"/>
    </designation>
    <property>
      <code value="dateValid"/>
      <valueDateTime value="2017-03-22T12:00:00+01:00"/>
    </property>
    <property>
      <code value="dateMaj"/>
      <valueDateTime value="2023-06-30T12:00:00+01:00"/>
    </property>
  </concept>
  <concept>
    <code value="03"/>
    <display value="Psychiatrie (PSY)"/>
    <designation>
      <use>
        <code value="LibelleCourt"/>
      </use>
      <value value="PSY"/>
    </designation>
    <designation>
      <use>
        <code value="LibelleAdapte"/>
      </use>
      <value value="Psychiatrie (PSY)"/>
    </designation>
    <property>
      <code value="dateValid"/>
      <valueDateTime value="2017-03-22T12:00:00+01:00"/>
    </property>
    <property>
      <code value="dateMaj"/>
      <valueDateTime value="2017-03-22T12:00:00+01:00"/>
    </property>
  </concept>
  <concept>
    <code value="04"/>
    <display value="Médico-social (MS)"/>
    <designation>
      <use>
        <code value="LibelleCourt"/>
      </use>
      <value value="MS"/>
    </designation>
    <designation>
      <use>
        <code value="LibelleAdapte"/>
      </use>
      <value value="Médico-social (MS)"/>
    </designation>
    <property>
      <code value="dateValid"/>
      <valueDateTime value="2017-10-13T12:00:00+01:00"/>
    </property>
    <property>
      <code value="dateMaj"/>
      <valueDateTime value="2017-10-13T12:00:00+01:00"/>
    </property>
  </concept>
  <concept>
    <code value="05"/>
    <display value="Ville"/>
    <designation>
      <use>
        <code value="LibelleCourt"/>
      </use>
      <value value="Ville"/>
    </designation>
    <designation>
      <use>
        <code value="LibelleAdapte"/>
      </use>
      <value value="Ville"/>
    </designation>
    <property>
      <code value="dateValid"/>
      <valueDateTime value="2018-12-14T12:00:00+01:00"/>
    </property>
    <property>
      <code value="dateMaj"/>
      <valueDateTime value="2023-06-30T12:00:00+01:00"/>
    </property>
  </concept>
</CodeSystem>