<?xml version="1.0" encoding="UTF-8"?>

<ValueSet xmlns="http://hl7.org/fhir">
  <id value="JDV-J96-TypeActiviteLiberale-RASS"/>
  <text>
    <status value="generated"/><div xmlns="http://www.w3.org/1999/xhtml"><ul><li>Include these codes as defined in <a href="CodeSystem-TRE-R24-TypeActiviteLiberale.html"><code>https://mos.esante.gouv.fr/NOS/TRE_R24-TypeActiviteLiberale/FHIR/TRE-R24-TypeActiviteLiberale</code></a><table class="none"><tr><td style="white-space:nowrap"><b>Code</b></td><td><b>Display</b></td></tr><tr><td><a href="CodeSystem-TRE-R24-TypeActiviteLiberale.html#TRE-R24-TypeActiviteLiberale-ACT-LIB-01">ACT-LIB-01</a></td><td>Cabinet primaire</td></tr><tr><td><a href="CodeSystem-TRE-R24-TypeActiviteLiberale.html#TRE-R24-TypeActiviteLiberale-ACT-LIB-02">ACT-LIB-02</a></td><td>Cabinet secondaire</td></tr><tr><td><a href="CodeSystem-TRE-R24-TypeActiviteLiberale.html#TRE-R24-TypeActiviteLiberale-ACT-LIB-03">ACT-LIB-03</a></td><td>Plateau technique</td></tr><tr><td><a href="CodeSystem-TRE-R24-TypeActiviteLiberale.html#TRE-R24-TypeActiviteLiberale-ACT-LIB-04">ACT-LIB-04</a></td><td>Secteur privé à l'hôpital</td></tr><tr><td><a href="CodeSystem-TRE-R24-TypeActiviteLiberale.html#TRE-R24-TypeActiviteLiberale-ACT-LIB-05">ACT-LIB-05</a></td><td>Autre lieu d'exercice ou autre site</td></tr><tr><td><a href="CodeSystem-TRE-R24-TypeActiviteLiberale.html#TRE-R24-TypeActiviteLiberale-ACT-LIB-06">ACT-LIB-06</a></td><td>Cabinet</td></tr></table></li></ul></div>
  </text>
  <extension url="http://hl7.org/fhir/StructureDefinition/resource-effectivePeriod">
    <valuePeriod>
      <start value="2019-08-30T12:00:00+01:00"/>
    </valuePeriod>
  </extension>
  <url value="https://mos.esante.gouv.fr/NOS/JDV_J96-TypeActiviteLiberale-RASS/FHIR/JDV-J96-TypeActiviteLiberale-RASS"/>
  <identifier>
    <value value="urn:oid:1.2.250.1.213.1.6.1.164"/>
  </identifier>
  <version value="1.4.0"/>
  <name value="JDV_J96-TypeActiviteLiberale-RASS"/>
  <status value="active"/>
  <date value="2020-04-24T12:00:00+01:00"/>
  <publisher value="ANS"/>
  <contact>
    <name value="ANS"/>
    <telecom>
      <system value="url"/>
      <value value="https://esante.gouv.fr"/>
    </telecom>
  </contact>
  <description value="Types d'activité libérale des professionnels du RASS"/>
  <compose>
    <include>
      <system value="https://mos.esante.gouv.fr/NOS/TRE_R24-TypeActiviteLiberale/FHIR/TRE-R24-TypeActiviteLiberale"/>
      <concept>
        <code value="ACT-LIB-01"/>
        <display value="Cabinet primaire"/>
        <designation>
          <use>
            <code value="OID"/>
          </use>
          <value value="urn:oid:1.2.250.1.213.1.6.1.22"/>
        </designation>
      </concept>
      <concept>
        <code value="ACT-LIB-02"/>
        <display value="Cabinet secondaire"/>
        <designation>
          <use>
            <code value="OID"/>
          </use>
          <value value="urn:oid:1.2.250.1.213.1.6.1.22"/>
        </designation>
      </concept>
      <concept>
        <code value="ACT-LIB-03"/>
        <display value="Plateau technique"/>
        <designation>
          <use>
            <code value="OID"/>
          </use>
          <value value="urn:oid:1.2.250.1.213.1.6.1.22"/>
        </designation>
      </concept>
      <concept>
        <code value="ACT-LIB-04"/>
        <display value="Secteur privé à l'hôpital"/>
        <designation>
          <use>
            <code value="OID"/>
          </use>
          <value value="urn:oid:1.2.250.1.213.1.6.1.22"/>
        </designation>
      </concept>
      <concept>
        <code value="ACT-LIB-05"/>
        <display value="Autre lieu d'exercice ou autre site"/>
        <designation>
          <use>
            <code value="OID"/>
          </use>
          <value value="urn:oid:1.2.250.1.213.1.6.1.22"/>
        </designation>
      </concept>
      <concept>
        <code value="ACT-LIB-06"/>
        <display value="Cabinet"/>
        <designation>
          <use>
            <code value="OID"/>
          </use>
          <value value="urn:oid:1.2.250.1.213.1.6.1.22"/>
        </designation>
      </concept>
    </include>
  </compose>
</ValueSet>