<?xml version="1.0" encoding="UTF-8"?>

<ValueSet xmlns="http://hl7.org/fhir">
  <id value="JDV-J36-TypeTarif-ROR"/>
  <text>
    <status value="generated"/><div xmlns="http://www.w3.org/1999/xhtml"><ul><li>Include these codes as defined in <a href="CodeSystem-TRE-R246-TypeTarif.html"><code>https://mos.esante.gouv.fr/NOS/TRE_R246-TypeTarif/FHIR/TRE-R246-TypeTarif</code></a><table class="none"><tr><td style="white-space:nowrap"><b>Code</b></td><td><b>Display</b></td></tr><tr><td><a href="CodeSystem-TRE-R246-TypeTarif.html#TRE-R246-TypeTarif-01">01</a></td><td>Supplément tarif Hébergement SMR</td></tr><tr><td><a href="CodeSystem-TRE-R246-TypeTarif.html#TRE-R246-TypeTarif-02">02</a></td><td>Forfait socle hébergement</td></tr><tr><td><a href="CodeSystem-TRE-R246-TypeTarif.html#TRE-R246-TypeTarif-03">03</a></td><td>Dépendance</td></tr><tr><td><a href="CodeSystem-TRE-R246-TypeTarif.html#TRE-R246-TypeTarif-04">04</a></td><td>Prestation supplémentaire tarifée</td></tr><tr><td><a href="CodeSystem-TRE-R246-TypeTarif.html#TRE-R246-TypeTarif-05">05</a></td><td>Accueil de jour</td></tr><tr><td><a href="CodeSystem-TRE-R246-TypeTarif.html#TRE-R246-TypeTarif-06">06</a></td><td>Aide humaine à domicile</td></tr><tr><td><a href="CodeSystem-TRE-R246-TypeTarif.html#TRE-R246-TypeTarif-07">07</a></td><td>Portage de repas à domicile</td></tr></table></li></ul></div>
  </text>
  <extension url="http://hl7.org/fhir/StructureDefinition/resource-effectivePeriod">
    <valuePeriod>
      <start value="2017-10-13T12:00:00+01:00"/>
    </valuePeriod>
  </extension>
  <url value="https://mos.esante.gouv.fr/NOS/JDV_J36-TypeTarif-ROR/FHIR/JDV-J36-TypeTarif-ROR"/>
  <identifier>
    <value value="urn:oid:1.2.250.1.213.3.3.44"/>
  </identifier>
  <version value="1.4.0"/>
  <name value="JDV_J36-TypeTarif-ROR"/>
  <status value="active"/>
  <date value="2023-06-30T12:00:00+01:00"/>
  <publisher value="ANS"/>
  <contact>
    <name value="ANS"/>
    <telecom>
      <system value="url"/>
      <value value="https://esante.gouv.fr"/>
    </telecom>
  </contact>
  <description value="Type tarif - ROR"/>
  <compose>
    <include>
      <system value="https://mos.esante.gouv.fr/NOS/TRE_R246-TypeTarif/FHIR/TRE-R246-TypeTarif"/>
      <concept>
        <code value="01"/>
        <display value="Supplément tarif Hébergement SMR"/>
        <designation>
          <use>
            <code value="OID"/>
          </use>
          <value value="urn:oid:1.2.250.1.213.3.3.43"/>
        </designation>
      </concept>
      <concept>
        <code value="02"/>
        <display value="Forfait socle hébergement"/>
        <designation>
          <use>
            <code value="OID"/>
          </use>
          <value value="urn:oid:1.2.250.1.213.3.3.43"/>
        </designation>
      </concept>
      <concept>
        <code value="03"/>
        <display value="Dépendance"/>
        <designation>
          <use>
            <code value="OID"/>
          </use>
          <value value="urn:oid:1.2.250.1.213.3.3.43"/>
        </designation>
      </concept>
      <concept>
        <code value="04"/>
        <display value="Prestation supplémentaire tarifée"/>
        <designation>
          <use>
            <code value="OID"/>
          </use>
          <value value="urn:oid:1.2.250.1.213.3.3.43"/>
        </designation>
      </concept>
      <concept>
        <code value="05"/>
        <display value="Accueil de jour"/>
        <designation>
          <use>
            <code value="OID"/>
          </use>
          <value value="urn:oid:1.2.250.1.213.3.3.43"/>
        </designation>
      </concept>
      <concept>
        <code value="06"/>
        <display value="Aide humaine à domicile"/>
        <designation>
          <use>
            <code value="OID"/>
          </use>
          <value value="urn:oid:1.2.250.1.213.3.3.43"/>
        </designation>
      </concept>
      <concept>
        <code value="07"/>
        <display value="Portage de repas à domicile"/>
        <designation>
          <use>
            <code value="OID"/>
          </use>
          <value value="urn:oid:1.2.250.1.213.3.3.43"/>
        </designation>
      </concept>
    </include>
  </compose>
</ValueSet>