"Id","Path","Slice Name","Alias(s)","Label","Min","Max","Must Support?","Is Modifier?","Is Summary?","Type(s)","Short","Definition","Comments","Requirements","Default Value","Meaning When Missing","Fixed Value","Pattern","Example","Minimum Value","Maximum Value","Maximum Length","Binding Strength","Binding Description","Binding Value Set","Code","Slicing Discriminator","Slicing Description","Slicing Ordered","Slicing Rules","Base Path","Base Min","Base Max","Condition(s)","Constraint(s)","Mapping: Modèle de contenu DUI","Mapping: Workflow Pattern","Mapping: RIM Mapping","Mapping: FiveWs Pattern Mapping","Mapping: HL7 v2 Mapping"
"Task","Task","","","",0,*,"","","","null {[]} {[]}
","A task to be performed","A task to be performed.","","","","","","","","","",,,,,"",,,,"Task",0,*,"","dom-2:If the resource is contained in another resource, it SHALL NOT contain nested Resources {contained.contained.empty()}
dom-3:If the resource is contained in another resource, it SHALL be referred to from elsewhere in the resource or SHALL refer to the containing resource {contained.where((('#'+id in (%resource.descendants().reference | %resource.descendants().as(canonical) | %resource.descendants().as(uri) | %resource.descendants().as(url))) or descendants().where(reference = '#').exists() or descendants().where(as(canonical) = '#').exists() or descendants().where(as(canonical) = '#').exists()).not()).trace('unmatched', id).empty()}dom-4:If a resource is contained in another resource, it SHALL NOT have a meta.versionId or a meta.lastUpdated {contained.meta.versionId.empty() and contained.meta.lastUpdated.empty()}dom-5:If a resource is contained in another resource, it SHALL NOT have a security label {contained.meta.security.empty()}dom-6:A resource should have narrative for robust management {text.`div`.exists()}inv-1:Last modified date must be greater than or equal to authored-on date. {lastModified.exists().not() or authoredOn.exists().not() or lastModified >= authoredOn}","PrestationProjetPersonnalise","Request, Event","Entity. Role, or Act","ControlAct[moodCode=INT]"
"Task.id","Task.id","","","",0,1,"","","Y","id {[]} {[]}
","Logical id of this artifact","The logical id of the resource, as used in the URL for the resource. Once assigned, this value never changes.","The only time that a resource does not have an id is when it is being submitted to the server using a create operation.","","","","","","","","",,,,,"",,,,"Resource.id",0,1,"",""
"Task.meta","Task.meta","","","",0,1,"","","Y","Meta {[]} {[]}
","Metadata about the resource","The metadata about the resource. This is content that is maintained by the infrastructure. Changes to the content might not always be associated with version changes to the resource.","","","","","","","","","",,,,,"",,,,"Resource.meta",0,1,"","ele-1:All FHIR elements must have a @value or children {hasValue() or (children().count() > id.count())}
"
"Task.meta.id","Task.meta.id","","","",0,1,"","","","string {[]} {[]}
","Unique id for inter-element referencing","Unique id for the element within a resource (for internal references). This may be any string value that does not contain spaces.","","","","","","","","","",,,,,"",,,,"Element.id",0,1,"","","n/a"
"Task.meta.extension","Task.meta.extension","","extensions
user content","",0,*,"","","","Extension {[]} {[]}
","Additional content defined by implementations","May be used to represent additional information that is not part of the basic definition of the element. To make the use of extensions safe and manageable, there is a strict set of governance  applied to the definition and use of extensions. Though any implementer can define an extension, there is a set of requirements that SHALL be met as part of the definition of the extension.","There can be no stigma associated with the use of extensions by any application, project, or standard - regardless of the institution or jurisdiction that uses or defines the extensions.  The use of extensions is what allows the FHIR specification to retain a core level of simplicity for everyone.","","","","","","","","",,,,,"","value:url}
","Extensions are always sliced by (at least) url",,"open","Element.extension",0,*,"","ele-1:All FHIR elements must have a @value or children {hasValue() or (children().count() > id.count())}
ext-1:Must have either extensions or value[x], not both {extension.exists() != value.exists()}","n/a"
"Task.meta.versionId","Task.meta.versionId","","","",0,1,"","","Y","id {[]} {[]}
","Version specific identifier","The version specific identifier, as it appears in the version portion of the URL. This value changes when the resource is created, updated, or deleted.","The server assigns this value, and ignores what the client specifies, except in the case that the server is imposing version integrity on updates/deletes.","","","","","","","","",,,,,"",,,,"Meta.versionId",0,1,"","ele-1:All FHIR elements must have a @value or children {hasValue() or (children().count() > id.count())}
"
"Task.meta.lastUpdated","Task.meta.lastUpdated","","","",0,1,"","","Y","instant {[]} {[]}
","When the resource version last changed","When the resource last changed - e.g. when the version changed.","This value is always populated except when the resource is first being created. The server / resource manager sets this value; what a client provides is irrelevant. This is equivalent to the HTTP Last-Modified and SHOULD have the same value on a [read](http://hl7.org/fhir/R4/http.html#read) interaction.","","","","","","","","",,,,,"",,,,"Meta.lastUpdated",0,1,"","ele-1:All FHIR elements must have a @value or children {hasValue() or (children().count() > id.count())}
","statutPrestation.dateStatut"
"Task.meta.source","Task.meta.source","","","",0,1,"","","Y","uri {[]} {[]}
","Identifies where the resource comes from","A uri that identifies the source system of the resource. This provides a minimal amount of [Provenance](http://hl7.org/fhir/R4/provenance.html#) information that can be used to track or differentiate the source of information in the resource. The source may identify another FHIR server, document, message, database, etc.","In the provenance resource, this corresponds to Provenance.entity.what[x]. The exact use of the source (and the implied Provenance.entity.role) is left to implementer discretion. Only one nominated source is allowed; for additional provenance details, a full Provenance resource should be used. 

This element can be used to indicate where the current master source of a resource that has a canonical URL if the resource is no longer hosted at the canonical URL.","","","","","","","","",,,,,"",,,,"Meta.source",0,1,"","ele-1:All FHIR elements must have a @value or children {hasValue() or (children().count() > id.count())}
"
"Task.meta.profile","Task.meta.profile","","","",0,*,"","","Y","canonical {[]} {[CanonicalType[http://hl7.org/fhir/StructureDefinition/StructureDefinition|4.0.1]]}
","Profiles this resource claims to conform to","A list of profiles (references to [StructureDefinition](http://hl7.org/fhir/R4/structuredefinition.html#) resources) that this resource claims to conform to. The URL is a reference to [StructureDefinition.url](http://hl7.org/fhir/R4/structuredefinition-definitions.html#StructureDefinition.url).","It is up to the server and/or other infrastructure of policy to determine whether/how these claims are verified and/or updated over time.  The list of profile URLs is a set.","","","","","","","","",,,,,"",,,,"Meta.profile",0,*,"","ele-1:All FHIR elements must have a @value or children {hasValue() or (children().count() > id.count())}
"
"Task.meta.security","Task.meta.security","","","",0,*,"","","Y","Coding {[]} {[]}
","Security Labels applied to this resource","Security labels applied to this resource. These tags connect specific resources to the overall security policy and infrastructure.","The security labels can be updated without changing the stated version of the resource. The list of security labels is a set. Uniqueness is based the system/code, and version and display are ignored.","","","","","","","","",,"extensible","Security Labels from the Healthcare Privacy and Security Classification System.","http://hl7.org/fhir/ValueSet/security-labels|4.0.1","",,,,"Meta.security",0,*,"","ele-1:All FHIR elements must have a @value or children {hasValue() or (children().count() > id.count())}
"
"Task.meta.tag","Task.meta.tag","","","",0,*,"","","Y","Coding {[]} {[]}
","Tags applied to this resource","Tags applied to this resource. Tags are intended to be used to identify and relate resources to process and workflow, and applications are not required to consider the tags when interpreting the meaning of a resource.","The tags can be updated without changing the stated version of the resource. The list of tags is a set. Uniqueness is based the system/code, and version and display are ignored.","","","","","","","","",,"example","Codes that represent various types of tags, commonly workflow-related; e.g. ""Needs review by Dr. Jones"".","http://hl7.org/fhir/ValueSet/common-tags|4.0.1","",,,,"Meta.tag",0,*,"","ele-1:All FHIR elements must have a @value or children {hasValue() or (children().count() > id.count())}
"
"Task.implicitRules","Task.implicitRules","","","",0,1,"","Y","Y","uri {[]} {[]}
","A set of rules under which this content was created","A reference to a set of rules that were followed when the resource was constructed, and which must be understood when processing the content. Often, this is a reference to an implementation guide that defines the special rules along with other profiles etc.","Asserting this rule set restricts the content to be only understood by a limited set of trading partners. This inherently limits the usefulness of the data in the long term. However, the existing health eco-system is highly fractured, and not yet ready to define, collect, and exchange data in a generally computable sense. Wherever possible, implementers and/or specification writers should avoid using this element. Often, when used, the URL is a reference to an implementation guide that defines these special rules as part of it's narrative along with other profiles, value sets, etc.","","","","","","","","",,,,,"",,,,"Resource.implicitRules",0,1,"","ele-1:All FHIR elements must have a @value or children {hasValue() or (children().count() > id.count())}
"
"Task.language","Task.language","","","",0,1,"","","","code {[]} {[]}
","Language of the resource content","The base language in which the resource is written.","Language is provided to support indexing and accessibility (typically, services such as text to speech use the language tag). The html language tag in the narrative applies  to the narrative. The language tag on the resource may be used to specify the language of other presentations generated from the data in the resource. Not all the content has to be in the base language. The Resource.language should not be assumed to apply to the narrative automatically. If a language is specified, it should it also be specified on the div element in the html (see rules in HTML5 for information about the relationship between xml:lang and the html lang attribute).","","","","","","","","",,"preferred","A human language.","http://hl7.org/fhir/ValueSet/languages|4.0.1","",,,,"Resource.language",0,1,"","ele-1:All FHIR elements must have a @value or children {hasValue() or (children().count() > id.count())}
"
"Task.text","Task.text","","narrative
htmlxhtmldisplay","",0,1,"","","","Narrative {[]} {[]}
","Text summary of the resource, for human interpretation","A human-readable narrative that contains a summary of the resource and can be used to represent the content of the resource to a human. The narrative need not encode all the structured data, but is required to contain sufficient detail to make it ""clinically safe"" for a human to just read the narrative. Resource definitions may define what content should be represented in the narrative to ensure clinical safety.","Contained resources do not have narrative. Resources that are not contained SHOULD have a narrative. In some cases, a resource may only have text with little or no additional discrete data (as long as all minOccurs=1 elements are satisfied).  This may be necessary for data from legacy systems where information is captured as a ""text blob"" or where text is additionally entered raw or narrated and encoded information is added later.","","","","","","","","",,,,,"",,,,"DomainResource.text",0,1,"","ele-1:All FHIR elements must have a @value or children {hasValue() or (children().count() > id.count())}
","Act.text?"
"Task.contained","Task.contained","","inline resources
anonymous resourcescontained resources","",0,*,"","","","Resource {[]} {[]}
","Contained, inline Resources","These resources do not have an independent existence apart from the resource that contains them - they cannot be identified independently, and nor can they have their own independent transaction scope.","This should never be done when the content can be identified properly, as once identification is lost, it is extremely difficult (and context dependent) to restore it again. Contained resources may have profiles and tags In their meta elements, but SHALL NOT have security labels.","","","","","","","","",,,,,"",,,,"DomainResource.contained",0,*,"","","N/A"
"Task.extension","Task.extension","","extensions
user content","",0,*,"","","","Extension {[]} {[]}
","Additional content defined by implementations","May be used to represent additional information that is not part of the basic definition of the resource. To make the use of extensions safe and manageable, there is a strict set of governance  applied to the definition and use of extensions. Though any implementer can define an extension, there is a set of requirements that SHALL be met as part of the definition of the extension.","There can be no stigma associated with the use of extensions by any application, project, or standard - regardless of the institution or jurisdiction that uses or defines the extensions.  The use of extensions is what allows the FHIR specification to retain a core level of simplicity for everyone.","","","","","","","","",,,,,"",,,,"DomainResource.extension",0,*,"","ele-1:All FHIR elements must have a @value or children {hasValue() or (children().count() > id.count())}
ext-1:Must have either extensions or value[x], not both {extension.exists() != value.exists()}","N/A"
"Task.modifierExtension","Task.modifierExtension","","extensions
user content","",0,*,"","Y","","Extension {[]} {[]}
","Extensions that cannot be ignored","May be used to represent additional information that is not part of the basic definition of the resource and that modifies the understanding of the element that contains it and/or the understanding of the containing element's descendants. Usually modifier elements provide negation or qualification. To make the use of extensions safe and manageable, there is a strict set of governance applied to the definition and use of extensions. Though any implementer is allowed to define an extension, there is a set of requirements that SHALL be met as part of the definition of the extension. Applications processing a resource are required to check for modifier extensions.

Modifier extensions SHALL NOT change the meaning of any elements on Resource or DomainResource (including cannot change the meaning of modifierExtension itself).","There can be no stigma associated with the use of extensions by any application, project, or standard - regardless of the institution or jurisdiction that uses or defines the extensions.  The use of extensions is what allows the FHIR specification to retain a core level of simplicity for everyone.","Modifier extensions allow for extensions that *cannot* be safely ignored to be clearly distinguished from the vast majority of extensions which can be safely ignored.  This promotes interoperability by eliminating the need for implementers to prohibit the presence of extensions. For further information, see the [definition of modifier extensions](http://hl7.org/fhir/R4/extensibility.html#modifierExtension).","","","","","","","",,,,,"",,,,"DomainResource.modifierExtension",0,*,"","ele-1:All FHIR elements must have a @value or children {hasValue() or (children().count() > id.count())}
ext-1:Must have either extensions or value[x], not both {extension.exists() != value.exists()}","N/A"
"Task.identifier","Task.identifier","","","",1,1,"","","","Identifier {[]} {[]}
","Identifiant de la prestation","The business identifier for this task.","","","","","","","","","",,,,,"",,,,"Task.identifier",0,*,"","ele-1:All FHIR elements must have a @value or children {hasValue() or (children().count() > id.count())}
","idPrestation","Request.identifier, Event.identifier",".id","FiveWs.identifier"
"Task.identifier.id","Task.identifier.id","","","",0,1,"","","","string {[]} {[]}
","Unique id for inter-element referencing","Unique id for the element within a resource (for internal references). This may be any string value that does not contain spaces.","","","","","","","","","",,,,,"",,,,"Element.id",0,1,"","","n/a"
"Task.identifier.extension","Task.identifier.extension","","extensions
user content","",0,*,"","","","Extension {[]} {[]}
","Additional content defined by implementations","May be used to represent additional information that is not part of the basic definition of the element. To make the use of extensions safe and manageable, there is a strict set of governance  applied to the definition and use of extensions. Though any implementer can define an extension, there is a set of requirements that SHALL be met as part of the definition of the extension.","There can be no stigma associated with the use of extensions by any application, project, or standard - regardless of the institution or jurisdiction that uses or defines the extensions.  The use of extensions is what allows the FHIR specification to retain a core level of simplicity for everyone.","","","","","","","","",,,,,"","value:url}
","Extensions are always sliced by (at least) url",,"open","Element.extension",0,*,"","ele-1:All FHIR elements must have a @value or children {hasValue() or (children().count() > id.count())}
ext-1:Must have either extensions or value[x], not both {extension.exists() != value.exists()}","n/a"
"Task.identifier.use","Task.identifier.use","","","",0,1,"","Y","Y","code {[]} {[]}
","usual | official | temp | secondary | old (If known)","The purpose of this identifier.","Applications can assume that an identifier is permanent unless it explicitly says that it is temporary.","Allows the appropriate identifier for a particular context of use to be selected from among a set of identifiers.","","","","","","","",,"required","Identifies the purpose for this identifier, if known .","http://hl7.org/fhir/ValueSet/identifier-use|4.0.1","",,,,"Identifier.use",0,1,"","ele-1:All FHIR elements must have a @value or children {hasValue() or (children().count() > id.count())}
","Role.code or implied by context","N/A"
"Task.identifier.type","Task.identifier.type","","","",0,1,"","","Y","CodeableConcept {[]} {[]}
","Description of identifier","A coded type for the identifier that can be used to determine which identifier to use for a specific purpose.","This element deals only with general categories of identifiers.  It SHOULD not be used for codes that correspond 1..1 with the Identifier.system. Some identifiers may fall into multiple categories due to common usage.   Where the system is known, a type is unnecessary because the type is always part of the system definition. However systems often need to handle identifiers where the system is not known. There is not a 1:1 relationship between type and system, since many different systems have the same type.","Allows users to make use of identifiers when the identifier system is not known.","","","","","","","",,"extensible","A coded type for an identifier that can be used to determine which identifier to use for a specific purpose.","http://hl7.org/fhir/ValueSet/identifier-type|4.0.1","",,,,"Identifier.type",0,1,"","ele-1:All FHIR elements must have a @value or children {hasValue() or (children().count() > id.count())}
","Role.code or implied by context","CX.5"
"Task.identifier.system","Task.identifier.system","","","",1,1,"","","Y","uri {[]} {[]}
","The namespace for the identifier value","Establishes the namespace for the value - that is, a URL that describes a set values that are unique.","Identifier.system is always case sensitive.","There are many sets  of identifiers.  To perform matching of two identifiers, we need to know what set we're dealing with. The system identifies a particular set of unique identifiers.","","","","<valueUri xmlns=""http://hl7.org/fhir"" value=""https://identifiant-medicosocial-prestation.esante.gouv.fr""/>","<valueUri xmlns=""http://hl7.org/fhir"" value=""http://www.acme.com/identifiers/patient""/>","","",,,,,"",,,,"Identifier.system",0,1,"","ele-1:All FHIR elements must have a @value or children {hasValue() or (children().count() > id.count())}
","II.root or Role.id.root","CX.4 / EI-2-4"
"Task.identifier.value","Task.identifier.value","","","",1,1,"","","Y","string {[]} {[]}
","The value that is unique","The portion of the identifier typically relevant to the user and which is unique within the context of the system.","If the value is a full URI, then the system SHALL be urn:ietf:rfc:3986.  The value's primary purpose is computational mapping.  As a result, it may be normalized for comparison purposes (e.g. removing non-significant whitespace, dashes, etc.)  A value formatted for human display can be conveyed using the [Rendered Value extension](http://hl7.org/fhir/R4/extension-rendered-value.html). Identifier.value is to be treated as case sensitive unless knowledge of the Identifier.system allows the processer to be confident that non-case-sensitive processing is safe.","","","","","","<valueString xmlns=""http://hl7.org/fhir"" value=""123456""/>","","",,,,,"",,,,"Identifier.value",0,1,"","ele-1:All FHIR elements must have a @value or children {hasValue() or (children().count() > id.count())}
","II.extension or II.root if system indicates OID or GUID (Or Role.id.extension or root)","CX.1 / EI.1"
"Task.identifier.period","Task.identifier.period","","","",0,1,"","","Y","Period {[]} {[]}
","Time period when id is/was valid for use","Time period during which identifier is/was valid for use.","","","","","","","","","",,,,,"",,,,"Identifier.period",0,1,"","ele-1:All FHIR elements must have a @value or children {hasValue() or (children().count() > id.count())}
","Role.effectiveTime or implied by context","CX.7 + CX.8"
"Task.identifier.assigner","Task.identifier.assigner","","","",0,1,"","","Y","Reference {[]} {[CanonicalType[http://hl7.org/fhir/StructureDefinition/Organization|4.0.1]]}
","Organization that issued id (may be just text)","Organization that issued/manages the identifier.","The Identifier.assigner may omit the .reference element and only contain a .display element reflecting the name or other textual information about the assigning organization.","","","","","","","","",,,,,"",,,,"Identifier.assigner",0,1,"","ele-1:All FHIR elements must have a @value or children {hasValue() or (children().count() > id.count())}
","II.assigningAuthorityName but note that this is an improper use by the definition of the field.  Also Role.scoper","CX.4 / (CX.4,CX.9,CX.10)"
"Task.instantiatesCanonical","Task.instantiatesCanonical","","","",0,1,"","","Y","canonical {[]} {[CanonicalType[http://hl7.org/fhir/StructureDefinition/ActivityDefinition|4.0.1]]}
","Formal definition of task","The URL pointing to a *FHIR*-defined protocol, guideline, orderset or other definition that is adhered to in whole or in part by this Task.","","Enables a formal definition of how he task is to be performed, enabling automation.","","","","","","","",,,,,"",,,,"Task.instantiatesCanonical",0,1,"","ele-1:All FHIR elements must have a @value or children {hasValue() or (children().count() > id.count())}
","Request.instantiatesCanonical, Event.instantiatesCanonical",".outboundRelationship[typeCode=DEFN].target"
"Task.instantiatesUri","Task.instantiatesUri","","","",0,1,"","","Y","uri {[]} {[]}
","Formal definition of task","The URL pointing to an *externally* maintained  protocol, guideline, orderset or other definition that is adhered to in whole or in part by this Task.","","Enables a formal definition of how he task is to be performed (e.g. using BPMN, BPEL, XPDL or other formal notation to be associated with a task), enabling automation.","","","","","","","",,,,,"",,,,"Task.instantiatesUri",0,1,"","ele-1:All FHIR elements must have a @value or children {hasValue() or (children().count() > id.count())}
","Event.instantiatesUrl",".outboundRelationship[typeCode=DEFN].target"
"Task.basedOn","Task.basedOn","","","",1,1,"","","Y","Reference {[]} {[CanonicalType[https://interop.esante.gouv.fr/ig/fhir/tddui/StructureDefinition/tddui-careplan-projet-personnalise]]}
","Request fulfilled by this task","BasedOn refers to a higher-level authorization that triggered the creation of the task.  It references a ""request"" resource such as a ServiceRequest, MedicationRequest, ServiceRequest, CarePlan, etc. which is distinct from the ""request"" resource the task is seeking to fulfill.  This latter resource is referenced by FocusOn.  For example, based on a ServiceRequest (= BasedOn), a task is created to fulfill a procedureRequest ( = FocusOn ) to collect a specimen from a patient.","","","","","","","","","",,,,,"",,,,"Task.basedOn",0,*,"","ele-1:All FHIR elements must have a @value or children {hasValue() or (children().count() > id.count())}
","ProjetPersonnalise","Request.basedOn, Event.basedOn",".outboundRelationship[typeCode=FLFS].target[moodCode=INT]"
"Task.groupIdentifier","Task.groupIdentifier","","","",0,1,"","","Y","Identifier {[]} {[]}
","Requisition or grouper id","An identifier that links together multiple tasks and other requests that were created in the same context.","","Billing and/or reporting can be linked to whether multiple requests were created as a single unit.","","","","","","","",,,,,"",,,,"Task.groupIdentifier",0,1,"","ele-1:All FHIR elements must have a @value or children {hasValue() or (children().count() > id.count())}
","Request.groupIdentifier",".inboundRelationship[typeCode=COMP].source[moodCode=INT].id"
"Task.partOf","Task.partOf","","","",0,1,"","","Y","Reference {[]} {[CanonicalType[https://interop.esante.gouv.fr/ig/fhir/tddui/StructureDefinition/tddui-task-action]]}
","Composite task","Task that this particular task is part of.","This should usually be 0..1.","Allows tasks to be broken down into sub-steps (and this division can occur independent of the original task).","","","","","","","",,,,,"",,,,"Task.partOf",0,*,"","ele-1:All FHIR elements must have a @value or children {hasValue() or (children().count() > id.count())}
","Action","Event.partOf",".inboundRelationship[typeCode=COMP].source[moodCode=INT]"
"Task.status","Task.status","","","",1,1,"","Y","Y","code {[]} {[]}
","Correspondance des statuts métier avec les codes FHIR : ENPREPARATION → draft, ACTIF → in-progress, TERMINE → completed, ANNULE → cancelled.","The current status of the task.","","These states enable coordination of task status with off-the-shelf workflow solutions that support automation of tasks.","","","","","","","",,"required","The current status of the task.","http://hl7.org/fhir/ValueSet/task-status|4.0.1","",,,,"Task.status",1,1,"","ele-1:All FHIR elements must have a @value or children {hasValue() or (children().count() > id.count())}
","statutPrestation.statut","Request.status, Event.status",".statusCode","FiveWs.status"
"Task.status.id","Task.status.id","","","",0,1,"","","","string {[]} {[]}
","xml:id (or equivalent in JSON)","unique id for the element within a resource (for internal references)","","","","","","","","","",,,,,"",,,,"Element.id",0,1,"",""
"Task.status.extension","Task.status.extension","","","",0,*,"","","","Extension {[]} {[]}
","Extension","An Extension","","","","","","","","","",,,,,"","value:url}
","",,"open","Element.extension",0,*,"","ele-1:All FHIR elements must have a @value or children {hasValue() or (children().count() > id.count())}
ext-1:Must have either extensions or value[x], not both {extension.exists() != value.exists()}"
"Task.status.extension:auteurStatut","Task.status.extension","auteurStatut","","",0,1,"","","","Extension {[CanonicalType[https://interop.esante.gouv.fr/ig/fhir/tddui/StructureDefinition/tddui-status-author]]} {[]}
","TDDUI Status Author","Extension permettant de représenter la profession du professionnel.","","","","","","","","","",,,,,"",,,,"Element.extension",0,*,"ele-1
","ele-1:All FHIR elements must have a @value or children {hasValue() or (children().count() > id.count())}
ext-1:Must have either extensions or value[x], not both {extension.exists() != value.exists()}","statutPrestation.auteur"
"Task.status.value","Task.status.value","","","",0,1,"","","","string {[]} {[]}
","Primitive value for code","Primitive value for code","","","","","","","","","",,,,,"",,,,"string.value",0,1,"",""
"Task.statusReason","Task.statusReason","","","",0,1,"","","Y","CodeableConcept {[]} {[]}
","Reason for current status","An explanation as to why this task is held, failed, was refused, etc.","This applies to the current status.  Look at the history of the task to see reasons for past statuses.","","","","","","","","",,"example","Codes to identify the reason for current status.  These will typically be specific to a particular workflow.","","",,,,"Task.statusReason",0,1,"","ele-1:All FHIR elements must have a @value or children {hasValue() or (children().count() > id.count())}
",".inboundRelationship[typeCode=SUBJ].source[classCode=CACT, moodCode=EVN, code=""status change""].reasonCode"
"Task.businessStatus","Task.businessStatus","","","",0,1,"","","Y","CodeableConcept {[]} {[]}
","E.g. ""Specimen collected"", ""IV prepped""","Contains business-specific nuances of the business state.","","There's often a need to track substates of a task - this is often variable by specific workflow implementation.","","","","","","","",,"example","The domain-specific business-contextual sub-state of the task.  For example: ""Blood drawn"", ""IV inserted"", ""Awaiting physician signature"", etc.","","",,,,"Task.businessStatus",0,1,"","ele-1:All FHIR elements must have a @value or children {hasValue() or (children().count() > id.count())}
",".inboundRelationship[typeCode=SUBJ].source[classCode=OBS, moodCode=EVN, code=""business status""]"
"Task.intent","Task.intent","","","",1,1,"","","Y","code {[]} {[]}
","unknown | proposal | plan | order | original-order | reflex-order | filler-order | instance-order | option","Indicates the ""level"" of actionability associated with the Task, i.e. i+R[9]Cs this a proposed task, a planned task, an actionable task, etc.","This element is immutable.  Proposed tasks, planned tasks, etc. must be distinct instances.

In most cases, Tasks will have an intent of ""order"".","","","","","","","","",,"required","Distinguishes whether the task is a proposal, plan or full order.","http://hl7.org/fhir/ValueSet/task-intent|4.0.1","",,,,"Task.intent",1,1,"","ele-1:All FHIR elements must have a @value or children {hasValue() or (children().count() > id.count())}
","Request.intent",".moodCode","FiveWs.class"
"Task.priority","Task.priority","","","",0,1,"","","","code {[]} {[]}
","routine | urgent | asap | stat","Indicates how quickly the Task should be addressed with respect to other requests.","","Used to identify the service level expected while performing a task.","","If missing, this task should be performed with normal priority","","","","","",,"required","The task's priority.","http://hl7.org/fhir/ValueSet/request-priority|4.0.1","",,,,"Task.priority",0,1,"","ele-1:All FHIR elements must have a @value or children {hasValue() or (children().count() > id.count())}
","Request.priority",".priorityCode","FiveWs.grade"
"Task.code","Task.code","","","",0,1,"","","Y","CodeableConcept {[]} {[]}
","Task Type","A name or code (or both) briefly describing what the task involves.","The title (eg ""My Tasks"", ""Outstanding Tasks for Patient X"") should go into the code.","","","","","","","","",,"example","Codes to identify what the task involves.  These will typically be specific to a particular workflow.","http://hl7.org/fhir/ValueSet/task-code|4.0.1","",,,,"Task.code",0,1,"","ele-1:All FHIR elements must have a @value or children {hasValue() or (children().count() > id.count())}
","Request.code, Event.code",".code","FiveWs.what[x]"
"Task.description","Task.description","","","",0,1,"","","Y","string {[]} {[]}
","Human-readable explanation of task","A free-text description of what is to be performed.","","","","","","","","","",,,,,"",,,,"Task.description",0,1,"","ele-1:All FHIR elements must have a @value or children {hasValue() or (children().count() > id.count())}
","descriptionPrestation",".text"
"Task.focus","Task.focus","","","",0,1,"","","Y","Reference {[]} {[CanonicalType[http://hl7.org/fhir/StructureDefinition/Resource|4.0.1]]}
","What task is acting on","The request being actioned or the resource being manipulated by this task.","If multiple resources need to be manipulated, use sub-tasks.  (This ensures that status can be tracked independently for each referenced resource.).","Used to identify the thing to be done.","","","","","","","",,,,,"",,,,"Task.focus",0,1,"","ele-1:All FHIR elements must have a @value or children {hasValue() or (children().count() > id.count())}
",".outboundRelationship[typeCode=SUBJ].target","FiveWs.what[x]"
"Task.for","Task.for","","Patient
","",0,1,"","","Y","Reference {[]} {[CanonicalType[http://hl7.org/fhir/StructureDefinition/Resource|4.0.1]]}
","Beneficiary of the Task","The entity who benefits from the performance of the service specified in the task (e.g., the patient).","","Used to track tasks outstanding for a beneficiary.  Do not use to track the task owner or creator (see owner and creator respectively).  This can also affect access control.","","","","","","","",,,,,"",,,,"Task.for",0,1,"","ele-1:All FHIR elements must have a @value or children {hasValue() or (children().count() > id.count())}
","Request.subject, Event.subject",".participation[typeCode=RCT].role","FiveWs.subject[x]","FiveWs.subject"
"Task.encounter","Task.encounter","","","",0,1,"","","Y","Reference {[]} {[CanonicalType[http://hl7.org/fhir/StructureDefinition/Encounter|4.0.1]]}
","Healthcare event during which this task originated","The healthcare event  (e.g. a patient and healthcare provider interaction) during which this task was created.","","For some tasks it may be important to know the link between the encounter the task originated within.","","","","","","","",,,,,"",,,,"Task.encounter",0,1,"","ele-1:All FHIR elements must have a @value or children {hasValue() or (children().count() > id.count())}
","Request.context, Event.context",".inboundRelationship[typeCode=COMP].source[classCode=PCPR, moodCode=EVN]","FiveWs.context"
"Task.executionPeriod","Task.executionPeriod","","","",0,1,"","","Y","Period {[]} {[]}
","Start and end time of execution","Identifies the time action was first taken against the task (start) and/or the time final action was taken against the task prior to marking it as completed (end).","","","","","","","","","",,,,,"",,,,"Task.executionPeriod",0,1,"","ele-1:All FHIR elements must have a @value or children {hasValue() or (children().count() > id.count())}
","Event.occurrence[x]",".effectiveTime","FiveWs.done[x]"
"Task.executionPeriod.id","Task.executionPeriod.id","","","",0,1,"","","","string {[]} {[]}
","Unique id for inter-element referencing","Unique id for the element within a resource (for internal references). This may be any string value that does not contain spaces.","","","","","","","","","",,,,,"",,,,"Element.id",0,1,"","","n/a"
"Task.executionPeriod.extension","Task.executionPeriod.extension","","extensions
user content","",0,*,"","","","Extension {[]} {[]}
","Additional content defined by implementations","May be used to represent additional information that is not part of the basic definition of the element. To make the use of extensions safe and manageable, there is a strict set of governance  applied to the definition and use of extensions. Though any implementer can define an extension, there is a set of requirements that SHALL be met as part of the definition of the extension.","There can be no stigma associated with the use of extensions by any application, project, or standard - regardless of the institution or jurisdiction that uses or defines the extensions.  The use of extensions is what allows the FHIR specification to retain a core level of simplicity for everyone.","","","","","","","","",,,,,"","value:url}
","Extensions are always sliced by (at least) url",,"open","Element.extension",0,*,"","ele-1:All FHIR elements must have a @value or children {hasValue() or (children().count() > id.count())}
ext-1:Must have either extensions or value[x], not both {extension.exists() != value.exists()}","n/a"
"Task.executionPeriod.start","Task.executionPeriod.start","","","",0,1,"","","Y","dateTime {[]} {[]}
","Starting time with inclusive boundary","The start of the period. The boundary is inclusive.","If the low element is missing, the meaning is that the low boundary is not known.","","","","","","","","",,,,,"",,,,"Period.start",0,1,"per-1
","ele-1:All FHIR elements must have a @value or children {hasValue() or (children().count() > id.count())}
","dateDebutPrestation","./low","DR.1"
"Task.executionPeriod.end","Task.executionPeriod.end","","","",0,1,"","","Y","dateTime {[]} {[]}
","End time with inclusive boundary, if not ongoing","The end of the period. If the end of the period is missing, it means no end was known or planned at the time the instance was created. The start may be in the past, and the end date in the future, which means that period is expected/planned to end at that time.","The high value includes any matching date/time. i.e. 2012-02-03T10:00:00 is in a period that has an end value of 2012-02-03.","","","If the end of the period is missing, it means that the period is ongoing","","","","","",,,,,"",,,,"Period.end",0,1,"per-1
","ele-1:All FHIR elements must have a @value or children {hasValue() or (children().count() > id.count())}
","dateFinPrestation","./high","DR.2"
"Task.authoredOn","Task.authoredOn","","Created Date
","",0,1,"","","","dateTime {[]} {[]}
","Task Creation Date","The date and time this task was created.","","Most often used along with lastUpdated to track duration of task to supporting monitoring and management.","","","","","","","",,,,,"",,,,"Task.authoredOn",0,1,"inv-1
","ele-1:All FHIR elements must have a @value or children {hasValue() or (children().count() > id.count())}
","Request.authoredOn",".participation[typeCode=AUT].time","FiveWs.recorded"
"Task.lastModified","Task.lastModified","","Update Date
","",0,1,"","","Y","dateTime {[]} {[]}
","Task Last Modified Date","The date and time of last modification to this task.","","Used along with history to track task activity and time in a particular task state.  This enables monitoring and management.","","","","","","","",,,,,"",,,,"Task.lastModified",0,1,"inv-1
","ele-1:All FHIR elements must have a @value or children {hasValue() or (children().count() > id.count())}
",".inboundRelationship[typeCode=SUBJ, ].source[classCode=CACT, moodCode=EVN].effectiveTime"
"Task.requester","Task.requester","","","",0,1,"","","Y","Reference {[]} {[CanonicalType[http://hl7.org/fhir/StructureDefinition/Device|4.0.1], CanonicalType[http://hl7.org/fhir/StructureDefinition/Organization|4.0.1], CanonicalType[http://hl7.org/fhir/StructureDefinition/Patient|4.0.1], CanonicalType[http://hl7.org/fhir/StructureDefinition/Practitioner|4.0.1], CanonicalType[http://hl7.org/fhir/StructureDefinition/PractitionerRole|4.0.1], CanonicalType[http://hl7.org/fhir/StructureDefinition/RelatedPerson|4.0.1]]}
","Who is asking for task to be done","The creator of the task.","","Identifies who created this task.  May be used by access control mechanisms (e.g., to ensure that only the creator can cancel a task).","","","","","","","",,,,,"",,,,"Task.requester",0,1,"","ele-1:All FHIR elements must have a @value or children {hasValue() or (children().count() > id.count())}
","Request.requester",".participation[typeCode=AUT].role","FiveWs.author"
"Task.performerType","Task.performerType","","","",0,*,"","","","CodeableConcept {[]} {[]}
","Requested performer","The kind of participant that should perform the task.","","Use to distinguish tasks on different activity queues.","","","","","","","",,"preferred","The type(s) of task performers allowed.","http://hl7.org/fhir/ValueSet/performer-role|4.0.1","",,,,"Task.performerType",0,*,"","ele-1:All FHIR elements must have a @value or children {hasValue() or (children().count() > id.count())}
","Event.performer.role, Request.performerType",".participation[typeCode=PRF].role.code","FiveWs.actor"
"Task.owner","Task.owner","","Performer
Executer","",0,1,"","","Y","Reference {[]} {[CanonicalType[http://hl7.org/fhir/StructureDefinition/Practitioner|4.0.1], CanonicalType[http://hl7.org/fhir/StructureDefinition/PractitionerRole|4.0.1], CanonicalType[http://hl7.org/fhir/StructureDefinition/Organization|4.0.1], CanonicalType[http://hl7.org/fhir/StructureDefinition/CareTeam|4.0.1], CanonicalType[http://hl7.org/fhir/StructureDefinition/HealthcareService|4.0.1], CanonicalType[http://hl7.org/fhir/StructureDefinition/Patient|4.0.1], CanonicalType[http://hl7.org/fhir/StructureDefinition/Device|4.0.1], CanonicalType[http://hl7.org/fhir/StructureDefinition/RelatedPerson|4.0.1]]}
","Responsible individual","Individual organization or Device currently responsible for task execution.","Tasks may be created with an owner not yet identified.","Identifies who is expected to perform this task.","","","","","","","",,,,,"",,,,"Task.owner",0,1,"","ele-1:All FHIR elements must have a @value or children {hasValue() or (children().count() > id.count())}
","Event.performer.actor, Request.performer",".participation[typeCode=PRF].role","FiveWs.actor"
"Task.location","Task.location","","","",0,1,"","","Y","Reference {[]} {[CanonicalType[http://hl7.org/fhir/StructureDefinition/Location|4.0.1]]}
","Where task occurs","Principal physical location where the this task is performed.","","Ties the event to where the records are likely kept and provides context around the event occurrence (e.g. if it occurred inside or outside a dedicated healthcare setting).","","","","","","","",,,,,"",,,,"Task.location",0,1,"","ele-1:All FHIR elements must have a @value or children {hasValue() or (children().count() > id.count())}
","Request.reasonCode, Event.reasonCode",".participation[typeCode=LOC].role","FiveWs.where[x]"
"Task.reasonCode","Task.reasonCode","","","",0,1,"","","","CodeableConcept {[]} {[]}
","Why task is needed","A description or code indicating why this task needs to be performed.","This should only be included if there is no focus or if it differs from the reason indicated on the focus.","","","","","","","","",,"example","Indicates why the task is needed.  E.g. Suspended because patient admitted to hospital.","","",,,,"Task.reasonCode",0,1,"","ele-1:All FHIR elements must have a @value or children {hasValue() or (children().count() > id.count())}
","Event.location",".reasonCode","FiveWs.why[x]","EVN.7"
"Task.reasonReference","Task.reasonReference","","","",0,1,"","","","Reference {[]} {[CanonicalType[http://hl7.org/fhir/StructureDefinition/Resource|4.0.1]]}
","Why task is needed","A resource reference indicating why this task needs to be performed.","Tasks might be justified based on an Observation, a Condition, a past or planned procedure, etc.   This should only be included if there is no focus or if it differs from the reason indicated on the focus.    Use the CodeableConcept text element in `Task.reasonCode` if the data is free (uncoded) text.","","","","","","","","",,,,,"",,,,"Task.reasonReference",0,1,"","ele-1:All FHIR elements must have a @value or children {hasValue() or (children().count() > id.count())}
","Request.reasonReference, Event.reasonReference",".outboundRelationship[typeCode=RSON].target","FiveWs.why[x]"
"Task.insurance","Task.insurance","","","",0,*,"","","","Reference {[]} {[CanonicalType[http://hl7.org/fhir/StructureDefinition/Coverage|4.0.1], CanonicalType[http://hl7.org/fhir/StructureDefinition/ClaimResponse|4.0.1]]}
","Associated insurance coverage","Insurance plans, coverage extensions, pre-authorizations and/or pre-determinations that may be relevant to the Task.","","","","","","","","","",,,,,"",,,,"Task.insurance",0,*,"","ele-1:All FHIR elements must have a @value or children {hasValue() or (children().count() > id.count())}
","Request.insurance",".outboundRelationship[typeCode=COVBY].target","IN1/IN2"
"Task.note","Task.note","","","",0,*,"","","","Annotation {[]} {[]}
","Comments made about the task","Free-text information captured about the task as it progresses.","","","","","","","","","",,,,,"",,,,"Task.note",0,*,"","ele-1:All FHIR elements must have a @value or children {hasValue() or (children().count() > id.count())}
","Request.note, Event.note",".inboundRelationship[typeCode=SUBJ, ].source[classCode=OBS, moodCode=EVN, code=""annotation""].value(string)"
"Task.relevantHistory","Task.relevantHistory","","Status History
","",0,*,"","","","Reference {[]} {[CanonicalType[http://hl7.org/fhir/StructureDefinition/Provenance|4.0.1]]}
","Key events in history of the Task","Links to Provenance records for past versions of this Task that identify key state transitions or updates that are likely to be relevant to a user looking at the current version of the task.","This element does not point to the Provenance associated with the *current* version of the resource - as it would be created after this version existed.  The Provenance for the current version can be retrieved with a _revinclude.","","","","","","","","",,,,,"",,,,"Task.relevantHistory",0,*,"","ele-1:All FHIR elements must have a @value or children {hasValue() or (children().count() > id.count())}
","Request.relevantHistory",".inboundRelationship(typeCode=SUBJ].source[classCode=CACT, moodCode=EVN]"
"Task.restriction","Task.restriction","","","",0,1,"","","","BackboneElement {[]} {[]}
","Constraints on fulfillment tasks","If the Task.focus is a request resource and the task is seeking fulfillment (i.e. is asking for the request to be actioned), this element identifies any limitations on what parts of the referenced request should be actioned.","","Sometimes when fulfillment is sought, you don't want full fulfillment.","","","","","","","",,,,,"",,,,"Task.restriction",0,1,"","ele-1:All FHIR elements must have a @value or children {hasValue() or (children().count() > id.count())}
","Instead of pointing to request, would point to component of request, having these characteristics"
"Task.restriction.id","Task.restriction.id","","","",0,1,"","","","string {[]} {[]}
","Unique id for inter-element referencing","Unique id for the element within a resource (for internal references). This may be any string value that does not contain spaces.","","","","","","","","","",,,,,"",,,,"Element.id",0,1,"","","n/a"
"Task.restriction.extension","Task.restriction.extension","","extensions
user content","",0,*,"","","","Extension {[]} {[]}
","Additional content defined by implementations","May be used to represent additional information that is not part of the basic definition of the element. To make the use of extensions safe and manageable, there is a strict set of governance  applied to the definition and use of extensions. Though any implementer can define an extension, there is a set of requirements that SHALL be met as part of the definition of the extension.","There can be no stigma associated with the use of extensions by any application, project, or standard - regardless of the institution or jurisdiction that uses or defines the extensions.  The use of extensions is what allows the FHIR specification to retain a core level of simplicity for everyone.","","","","","","","","",,,,,"",,,,"Element.extension",0,*,"","ele-1:All FHIR elements must have a @value or children {hasValue() or (children().count() > id.count())}
ext-1:Must have either extensions or value[x], not both {extension.exists() != value.exists()}","n/a"
"Task.restriction.modifierExtension","Task.restriction.modifierExtension","","extensions
user contentmodifiers","",0,*,"","Y","Y","Extension {[]} {[]}
","Extensions that cannot be ignored even if unrecognized","May be used to represent additional information that is not part of the basic definition of the element and that modifies the understanding of the element in which it is contained and/or the understanding of the containing element's descendants. Usually modifier elements provide negation or qualification. To make the use of extensions safe and manageable, there is a strict set of governance applied to the definition and use of extensions. Though any implementer can define an extension, there is a set of requirements that SHALL be met as part of the definition of the extension. Applications processing a resource are required to check for modifier extensions.

Modifier extensions SHALL NOT change the meaning of any elements on Resource or DomainResource (including cannot change the meaning of modifierExtension itself).","There can be no stigma associated with the use of extensions by any application, project, or standard - regardless of the institution or jurisdiction that uses or defines the extensions.  The use of extensions is what allows the FHIR specification to retain a core level of simplicity for everyone.","Modifier extensions allow for extensions that *cannot* be safely ignored to be clearly distinguished from the vast majority of extensions which can be safely ignored.  This promotes interoperability by eliminating the need for implementers to prohibit the presence of extensions. For further information, see the [definition of modifier extensions](http://hl7.org/fhir/R4/extensibility.html#modifierExtension).","","","","","","","",,,,,"",,,,"BackboneElement.modifierExtension",0,*,"","ele-1:All FHIR elements must have a @value or children {hasValue() or (children().count() > id.count())}
ext-1:Must have either extensions or value[x], not both {extension.exists() != value.exists()}","N/A"
"Task.restriction.repetitions","Task.restriction.repetitions","","","",0,1,"","","","positiveInt {[]} {[]}
","How many times to repeat","Indicates the number of times the requested action should occur.","","E.g. order that requests monthly lab tests, fulfillment is sought for 1.","","","","","","","",,,,,"",,,,"Task.restriction.repetitions",0,1,"","ele-1:All FHIR elements must have a @value or children {hasValue() or (children().count() > id.count())}
",".repeatNumber"
"Task.restriction.period","Task.restriction.period","","","",0,1,"","","","Period {[]} {[]}
","When fulfillment sought","Over what time-period is fulfillment sought.","Note that period.high is the due date representing the time by which the task should be completed.","E.g. order that authorizes 1 year's services.  Fulfillment is sought for next 3 months.","","","","","","","",,,,,"",,,,"Task.restriction.period",0,1,"","ele-1:All FHIR elements must have a @value or children {hasValue() or (children().count() > id.count())}
",".effectiveTime(IVL<TS>)"
"Task.restriction.recipient","Task.restriction.recipient","","","",0,*,"","","","Reference {[]} {[CanonicalType[http://hl7.org/fhir/StructureDefinition/Patient|4.0.1], CanonicalType[http://hl7.org/fhir/StructureDefinition/Practitioner|4.0.1], CanonicalType[http://hl7.org/fhir/StructureDefinition/PractitionerRole|4.0.1], CanonicalType[http://hl7.org/fhir/StructureDefinition/RelatedPerson|4.0.1], CanonicalType[http://hl7.org/fhir/StructureDefinition/Group|4.0.1], CanonicalType[http://hl7.org/fhir/StructureDefinition/Organization|4.0.1]]}
","For whom is fulfillment sought?","For requests that are targeted to more than on potential recipient/target, for whom is fulfillment sought?","","","","","","","","","",,,,,"",,,,"Task.restriction.recipient",0,*,"","ele-1:All FHIR elements must have a @value or children {hasValue() or (children().count() > id.count())}
",".participation[typeCode=SBJ].role"
"Task.input","Task.input","","Supporting Information
","",1,*,"","","","BackboneElement {[]} {[]}
","Information used to perform task","Additional information that may be needed in the execution of the task.","","Resources and data used to perform the task.  This data is used in the business logic of task execution, and is stored separately because it varies between workflows.","","","","","","","",,,,,"","pattern:type}
","",,"open","Task.input",0,*,"","ele-1:All FHIR elements must have a @value or children {hasValue() or (children().count() > id.count())}
","???"
"Task.input.id","Task.input.id","","","",0,1,"","","","string {[]} {[]}
","Unique id for inter-element referencing","Unique id for the element within a resource (for internal references). This may be any string value that does not contain spaces.","","","","","","","","","",,,,,"",,,,"Element.id",0,1,"","","n/a"
"Task.input.extension","Task.input.extension","","extensions
user content","",0,*,"","","","Extension {[]} {[]}
","Additional content defined by implementations","May be used to represent additional information that is not part of the basic definition of the element. To make the use of extensions safe and manageable, there is a strict set of governance  applied to the definition and use of extensions. Though any implementer can define an extension, there is a set of requirements that SHALL be met as part of the definition of the extension.","There can be no stigma associated with the use of extensions by any application, project, or standard - regardless of the institution or jurisdiction that uses or defines the extensions.  The use of extensions is what allows the FHIR specification to retain a core level of simplicity for everyone.","","","","","","","","",,,,,"",,,,"Element.extension",0,*,"","ele-1:All FHIR elements must have a @value or children {hasValue() or (children().count() > id.count())}
ext-1:Must have either extensions or value[x], not both {extension.exists() != value.exists()}","n/a"
"Task.input.modifierExtension","Task.input.modifierExtension","","extensions
user contentmodifiers","",0,*,"","Y","Y","Extension {[]} {[]}
","Extensions that cannot be ignored even if unrecognized","May be used to represent additional information that is not part of the basic definition of the element and that modifies the understanding of the element in which it is contained and/or the understanding of the containing element's descendants. Usually modifier elements provide negation or qualification. To make the use of extensions safe and manageable, there is a strict set of governance applied to the definition and use of extensions. Though any implementer can define an extension, there is a set of requirements that SHALL be met as part of the definition of the extension. Applications processing a resource are required to check for modifier extensions.

Modifier extensions SHALL NOT change the meaning of any elements on Resource or DomainResource (including cannot change the meaning of modifierExtension itself).","There can be no stigma associated with the use of extensions by any application, project, or standard - regardless of the institution or jurisdiction that uses or defines the extensions.  The use of extensions is what allows the FHIR specification to retain a core level of simplicity for everyone.","Modifier extensions allow for extensions that *cannot* be safely ignored to be clearly distinguished from the vast majority of extensions which can be safely ignored.  This promotes interoperability by eliminating the need for implementers to prohibit the presence of extensions. For further information, see the [definition of modifier extensions](http://hl7.org/fhir/R4/extensibility.html#modifierExtension).","","","","","","","",,,,,"",,,,"BackboneElement.modifierExtension",0,*,"","ele-1:All FHIR elements must have a @value or children {hasValue() or (children().count() > id.count())}
ext-1:Must have either extensions or value[x], not both {extension.exists() != value.exists()}","N/A"
"Task.input.type","Task.input.type","","Name
","",1,1,"","","","CodeableConcept {[]} {[]}
","Label for the input","A code or description indicating how the input is intended to be used as part of the task execution.","If referencing a BPMN workflow or Protocol, the ""system"" is the URL for the workflow definition and the code is the ""name"" of the required input.","Inputs are named to enable task automation to bind data and pass it from one task to the next.","","","","","","","",,"required","","https://interop.esante.gouv.fr/ig/fhir/tddui/ValueSet/tddui-task-input-prestation","",,,,"Task.input.type",1,1,"","ele-1:All FHIR elements must have a @value or children {hasValue() or (children().count() > id.count())}
","???"
"Task.input.value[x]","Task.input.value[x]","","","",1,1,"","","","base64Binary {[]} {[]}
boolean {[]} {[]}canonical {[]} {[]}code {[]} {[]}date {[]} {[]}dateTime {[]} {[]}decimal {[]} {[]}id {[]} {[]}instant {[]} {[]}integer {[]} {[]}markdown {[]} {[]}oid {[]} {[]}positiveInt {[]} {[]}string {[]} {[]}time {[]} {[]}unsignedInt {[]} {[]}uri {[]} {[]}url {[]} {[]}uuid {[]} {[]}Address {[]} {[]}Age {[]} {[]}Annotation {[]} {[]}Attachment {[]} {[]}CodeableConcept {[]} {[]}Coding {[]} {[]}ContactPoint {[]} {[]}Count {[]} {[]}Distance {[]} {[]}Duration {[]} {[]}HumanName {[]} {[]}Identifier {[]} {[]}Money {[]} {[]}Period {[]} {[]}Quantity {[]} {[]}Range {[]} {[]}Ratio {[]} {[]}Reference {[]} {[]}SampledData {[]} {[]}Signature {[]} {[]}Timing {[]} {[]}ContactDetail {[]} {[]}Contributor {[]} {[]}DataRequirement {[]} {[]}Expression {[]} {[]}ParameterDefinition {[]} {[]}RelatedArtifact {[]} {[]}TriggerDefinition {[]} {[]}UsageContext {[]} {[]}Dosage {[]} {[]}Meta {[]} {[]}","Content to use in performing the task","The value of the input parameter as a basic type.","","","","","","","","","",,,,,"",,,,"Task.input.value[x]",1,1,"","ele-1:All FHIR elements must have a @value or children {hasValue() or (children().count() > id.count())}
","???"
"Task.input:titre","Task.input","titre","Supporting Information
","",1,1,"","","","BackboneElement {[]} {[]}
","Titre de l’action","Additional information that may be needed in the execution of the task.","","Resources and data used to perform the task.  This data is used in the business logic of task execution, and is stored separately because it varies between workflows.","","","","","","","",,,,,"",,,,"Task.input",0,*,"","ele-1:All FHIR elements must have a @value or children {hasValue() or (children().count() > id.count())}
","titrePrestation","???"
"Task.input:titre.id","Task.input.id","","","",0,1,"","","","string {[]} {[]}
","Unique id for inter-element referencing","Unique id for the element within a resource (for internal references). This may be any string value that does not contain spaces.","","","","","","","","","",,,,,"",,,,"Element.id",0,1,"","","n/a"
"Task.input:titre.extension","Task.input.extension","","extensions
user content","",0,*,"","","","Extension {[]} {[]}
","Additional content defined by implementations","May be used to represent additional information that is not part of the basic definition of the element. To make the use of extensions safe and manageable, there is a strict set of governance  applied to the definition and use of extensions. Though any implementer can define an extension, there is a set of requirements that SHALL be met as part of the definition of the extension.","There can be no stigma associated with the use of extensions by any application, project, or standard - regardless of the institution or jurisdiction that uses or defines the extensions.  The use of extensions is what allows the FHIR specification to retain a core level of simplicity for everyone.","","","","","","","","",,,,,"",,,,"Element.extension",0,*,"","ele-1:All FHIR elements must have a @value or children {hasValue() or (children().count() > id.count())}
ext-1:Must have either extensions or value[x], not both {extension.exists() != value.exists()}","n/a"
"Task.input:titre.modifierExtension","Task.input.modifierExtension","","extensions
user contentmodifiers","",0,*,"","Y","Y","Extension {[]} {[]}
","Extensions that cannot be ignored even if unrecognized","May be used to represent additional information that is not part of the basic definition of the element and that modifies the understanding of the element in which it is contained and/or the understanding of the containing element's descendants. Usually modifier elements provide negation or qualification. To make the use of extensions safe and manageable, there is a strict set of governance applied to the definition and use of extensions. Though any implementer can define an extension, there is a set of requirements that SHALL be met as part of the definition of the extension. Applications processing a resource are required to check for modifier extensions.

Modifier extensions SHALL NOT change the meaning of any elements on Resource or DomainResource (including cannot change the meaning of modifierExtension itself).","There can be no stigma associated with the use of extensions by any application, project, or standard - regardless of the institution or jurisdiction that uses or defines the extensions.  The use of extensions is what allows the FHIR specification to retain a core level of simplicity for everyone.","Modifier extensions allow for extensions that *cannot* be safely ignored to be clearly distinguished from the vast majority of extensions which can be safely ignored.  This promotes interoperability by eliminating the need for implementers to prohibit the presence of extensions. For further information, see the [definition of modifier extensions](http://hl7.org/fhir/R4/extensibility.html#modifierExtension).","","","","","","","",,,,,"",,,,"BackboneElement.modifierExtension",0,*,"","ele-1:All FHIR elements must have a @value or children {hasValue() or (children().count() > id.count())}
ext-1:Must have either extensions or value[x], not both {extension.exists() != value.exists()}","N/A"
"Task.input:titre.type","Task.input.type","","Name
","",1,1,"","","","CodeableConcept {[]} {[]}
","Label for the input","A code or description indicating how the input is intended to be used as part of the task execution.","If referencing a BPMN workflow or Protocol, the ""system"" is the URL for the workflow definition and the code is the ""name"" of the required input.","Inputs are named to enable task automation to bind data and pass it from one task to the next.","","","","<valueCodeableConcept xmlns=""http://hl7.org/fhir"">
  <coding>
    <system value=""https://interop.esante.gouv.fr/ig/fhir/tddui/CodeSystem/tddui-task-input-prestation""/>
    <code value=""titre""/>
  </coding>
</valueCodeableConcept>","","","",,"required","","https://interop.esante.gouv.fr/ig/fhir/tddui/ValueSet/tddui-task-input-prestation","",,,,"Task.input.type",1,1,"","ele-1:All FHIR elements must have a @value or children {hasValue() or (children().count() > id.count())}
","???"
"Task.input:titre.value[x]","Task.input.value[x]","","","",1,1,"","","","string {[]} {[]}
","Content to use in performing the task","The value of the input parameter as a basic type.","","","","","","","","","",,,,,"",,,,"Task.input.value[x]",1,1,"","ele-1:All FHIR elements must have a @value or children {hasValue() or (children().count() > id.count())}
","???"
"Task.input:typePrestation","Task.input","typePrestation","Supporting Information
","",0,*,"","","","BackboneElement {[]} {[]}
","Type de la prestation.","Additional information that may be needed in the execution of the task.","","Resources and data used to perform the task.  This data is used in the business logic of task execution, and is stored separately because it varies between workflows.","","","","","","","",,,,,"",,,,"Task.input",0,*,"","ele-1:All FHIR elements must have a @value or children {hasValue() or (children().count() > id.count())}
","typePrestation","???"
"Task.input:typePrestation.id","Task.input.id","","","",0,1,"","","","string {[]} {[]}
","Unique id for inter-element referencing","Unique id for the element within a resource (for internal references). This may be any string value that does not contain spaces.","","","","","","","","","",,,,,"",,,,"Element.id",0,1,"","","n/a"
"Task.input:typePrestation.extension","Task.input.extension","","extensions
user content","",0,*,"","","","Extension {[]} {[]}
","Additional content defined by implementations","May be used to represent additional information that is not part of the basic definition of the element. To make the use of extensions safe and manageable, there is a strict set of governance  applied to the definition and use of extensions. Though any implementer can define an extension, there is a set of requirements that SHALL be met as part of the definition of the extension.","There can be no stigma associated with the use of extensions by any application, project, or standard - regardless of the institution or jurisdiction that uses or defines the extensions.  The use of extensions is what allows the FHIR specification to retain a core level of simplicity for everyone.","","","","","","","","",,,,,"",,,,"Element.extension",0,*,"","ele-1:All FHIR elements must have a @value or children {hasValue() or (children().count() > id.count())}
ext-1:Must have either extensions or value[x], not both {extension.exists() != value.exists()}","n/a"
"Task.input:typePrestation.modifierExtension","Task.input.modifierExtension","","extensions
user contentmodifiers","",0,*,"","Y","Y","Extension {[]} {[]}
","Extensions that cannot be ignored even if unrecognized","May be used to represent additional information that is not part of the basic definition of the element and that modifies the understanding of the element in which it is contained and/or the understanding of the containing element's descendants. Usually modifier elements provide negation or qualification. To make the use of extensions safe and manageable, there is a strict set of governance applied to the definition and use of extensions. Though any implementer can define an extension, there is a set of requirements that SHALL be met as part of the definition of the extension. Applications processing a resource are required to check for modifier extensions.

Modifier extensions SHALL NOT change the meaning of any elements on Resource or DomainResource (including cannot change the meaning of modifierExtension itself).","There can be no stigma associated with the use of extensions by any application, project, or standard - regardless of the institution or jurisdiction that uses or defines the extensions.  The use of extensions is what allows the FHIR specification to retain a core level of simplicity for everyone.","Modifier extensions allow for extensions that *cannot* be safely ignored to be clearly distinguished from the vast majority of extensions which can be safely ignored.  This promotes interoperability by eliminating the need for implementers to prohibit the presence of extensions. For further information, see the [definition of modifier extensions](http://hl7.org/fhir/R4/extensibility.html#modifierExtension).","","","","","","","",,,,,"",,,,"BackboneElement.modifierExtension",0,*,"","ele-1:All FHIR elements must have a @value or children {hasValue() or (children().count() > id.count())}
ext-1:Must have either extensions or value[x], not both {extension.exists() != value.exists()}","N/A"
"Task.input:typePrestation.type","Task.input.type","","Name
","",1,1,"","","","CodeableConcept {[]} {[]}
","Label for the input","A code or description indicating how the input is intended to be used as part of the task execution.","If referencing a BPMN workflow or Protocol, the ""system"" is the URL for the workflow definition and the code is the ""name"" of the required input.","Inputs are named to enable task automation to bind data and pass it from one task to the next.","","","","<valueCodeableConcept xmlns=""http://hl7.org/fhir"">
  <coding>
    <system value=""https://interop.esante.gouv.fr/ig/fhir/tddui/CodeSystem/tddui-task-input-prestation""/>
    <code value=""typePrestation""/>
  </coding>
</valueCodeableConcept>","","","",,"required","","https://interop.esante.gouv.fr/ig/fhir/tddui/ValueSet/tddui-task-input-prestation","",,,,"Task.input.type",1,1,"","ele-1:All FHIR elements must have a @value or children {hasValue() or (children().count() > id.count())}
","???"
"Task.input:typePrestation.value[x]","Task.input.value[x]","","","",1,1,"","","","CodeableConcept {[]} {[]}
","Content to use in performing the task","The value of the input parameter as a basic type.","","","","","","","","","",,"required","","https://interop.esante.gouv.fr/ig/fhir/tddui/ValueSet/tddui-serafin","",,,,"Task.input.value[x]",1,1,"","ele-1:All FHIR elements must have a @value or children {hasValue() or (children().count() > id.count())}
","???"
"Task.input:evaluation","Task.input","evaluation","Supporting Information
","",0,1,"","","","BackboneElement {[]} {[]}
","Évaluation","Additional information that may be needed in the execution of the task.","","Resources and data used to perform the task.  This data is used in the business logic of task execution, and is stored separately because it varies between workflows.","","","","","","","",,,,,"",,,,"Task.input",0,*,"","ele-1:All FHIR elements must have a @value or children {hasValue() or (children().count() > id.count())}
","evaluationPrestation","???"
"Task.input:evaluation.id","Task.input.id","","","",0,1,"","","","string {[]} {[]}
","Unique id for inter-element referencing","Unique id for the element within a resource (for internal references). This may be any string value that does not contain spaces.","","","","","","","","","",,,,,"",,,,"Element.id",0,1,"","","n/a"
"Task.input:evaluation.extension","Task.input.extension","","extensions
user content","",0,*,"","","","Extension {[]} {[]}
","Additional content defined by implementations","May be used to represent additional information that is not part of the basic definition of the element. To make the use of extensions safe and manageable, there is a strict set of governance  applied to the definition and use of extensions. Though any implementer can define an extension, there is a set of requirements that SHALL be met as part of the definition of the extension.","There can be no stigma associated with the use of extensions by any application, project, or standard - regardless of the institution or jurisdiction that uses or defines the extensions.  The use of extensions is what allows the FHIR specification to retain a core level of simplicity for everyone.","","","","","","","","",,,,,"",,,,"Element.extension",0,*,"","ele-1:All FHIR elements must have a @value or children {hasValue() or (children().count() > id.count())}
ext-1:Must have either extensions or value[x], not both {extension.exists() != value.exists()}","n/a"
"Task.input:evaluation.modifierExtension","Task.input.modifierExtension","","extensions
user contentmodifiers","",0,*,"","Y","Y","Extension {[]} {[]}
","Extensions that cannot be ignored even if unrecognized","May be used to represent additional information that is not part of the basic definition of the element and that modifies the understanding of the element in which it is contained and/or the understanding of the containing element's descendants. Usually modifier elements provide negation or qualification. To make the use of extensions safe and manageable, there is a strict set of governance applied to the definition and use of extensions. Though any implementer can define an extension, there is a set of requirements that SHALL be met as part of the definition of the extension. Applications processing a resource are required to check for modifier extensions.

Modifier extensions SHALL NOT change the meaning of any elements on Resource or DomainResource (including cannot change the meaning of modifierExtension itself).","There can be no stigma associated with the use of extensions by any application, project, or standard - regardless of the institution or jurisdiction that uses or defines the extensions.  The use of extensions is what allows the FHIR specification to retain a core level of simplicity for everyone.","Modifier extensions allow for extensions that *cannot* be safely ignored to be clearly distinguished from the vast majority of extensions which can be safely ignored.  This promotes interoperability by eliminating the need for implementers to prohibit the presence of extensions. For further information, see the [definition of modifier extensions](http://hl7.org/fhir/R4/extensibility.html#modifierExtension).","","","","","","","",,,,,"",,,,"BackboneElement.modifierExtension",0,*,"","ele-1:All FHIR elements must have a @value or children {hasValue() or (children().count() > id.count())}
ext-1:Must have either extensions or value[x], not both {extension.exists() != value.exists()}","N/A"
"Task.input:evaluation.type","Task.input.type","","Name
","",1,1,"","","","CodeableConcept {[]} {[]}
","Label for the input","A code or description indicating how the input is intended to be used as part of the task execution.","If referencing a BPMN workflow or Protocol, the ""system"" is the URL for the workflow definition and the code is the ""name"" of the required input.","Inputs are named to enable task automation to bind data and pass it from one task to the next.","","","","<valueCodeableConcept xmlns=""http://hl7.org/fhir"">
  <coding>
    <system value=""https://interop.esante.gouv.fr/ig/fhir/tddui/CodeSystem/tddui-task-input-prestation""/>
    <code value=""evaluation""/>
  </coding>
</valueCodeableConcept>","","","",,"required","","https://interop.esante.gouv.fr/ig/fhir/tddui/ValueSet/tddui-task-input-prestation","",,,,"Task.input.type",1,1,"","ele-1:All FHIR elements must have a @value or children {hasValue() or (children().count() > id.count())}
","???"
"Task.input:evaluation.value[x]","Task.input.value[x]","","","",1,1,"","","","Reference {[]} {[CanonicalType[https://interop.esante.gouv.fr/ig/fhir/tddui/StructureDefinition/tddui-questionnaire-response]]}
","Content to use in performing the task","The value of the input parameter as a basic type.","","","","","","","","","",,,,,"",,,,"Task.input.value[x]",1,1,"","ele-1:All FHIR elements must have a @value or children {hasValue() or (children().count() > id.count())}
","???"
"Task.input:pieceJointe","Task.input","pieceJointe","Supporting Information
","",0,*,"","","","BackboneElement {[]} {[]}
","Pièce jointe associée","Additional information that may be needed in the execution of the task.","","Resources and data used to perform the task.  This data is used in the business logic of task execution, and is stored separately because it varies between workflows.","","","","","","","",,,,,"",,,,"Task.input",0,*,"","ele-1:All FHIR elements must have a @value or children {hasValue() or (children().count() > id.count())}
","pieceJointePrestation","???"
"Task.input:pieceJointe.id","Task.input.id","","","",0,1,"","","","string {[]} {[]}
","Unique id for inter-element referencing","Unique id for the element within a resource (for internal references). This may be any string value that does not contain spaces.","","","","","","","","","",,,,,"",,,,"Element.id",0,1,"","","n/a"
"Task.input:pieceJointe.extension","Task.input.extension","","extensions
user content","",0,*,"","","","Extension {[]} {[]}
","Additional content defined by implementations","May be used to represent additional information that is not part of the basic definition of the element. To make the use of extensions safe and manageable, there is a strict set of governance  applied to the definition and use of extensions. Though any implementer can define an extension, there is a set of requirements that SHALL be met as part of the definition of the extension.","There can be no stigma associated with the use of extensions by any application, project, or standard - regardless of the institution or jurisdiction that uses or defines the extensions.  The use of extensions is what allows the FHIR specification to retain a core level of simplicity for everyone.","","","","","","","","",,,,,"",,,,"Element.extension",0,*,"","ele-1:All FHIR elements must have a @value or children {hasValue() or (children().count() > id.count())}
ext-1:Must have either extensions or value[x], not both {extension.exists() != value.exists()}","n/a"
"Task.input:pieceJointe.modifierExtension","Task.input.modifierExtension","","extensions
user contentmodifiers","",0,*,"","Y","Y","Extension {[]} {[]}
","Extensions that cannot be ignored even if unrecognized","May be used to represent additional information that is not part of the basic definition of the element and that modifies the understanding of the element in which it is contained and/or the understanding of the containing element's descendants. Usually modifier elements provide negation or qualification. To make the use of extensions safe and manageable, there is a strict set of governance applied to the definition and use of extensions. Though any implementer can define an extension, there is a set of requirements that SHALL be met as part of the definition of the extension. Applications processing a resource are required to check for modifier extensions.

Modifier extensions SHALL NOT change the meaning of any elements on Resource or DomainResource (including cannot change the meaning of modifierExtension itself).","There can be no stigma associated with the use of extensions by any application, project, or standard - regardless of the institution or jurisdiction that uses or defines the extensions.  The use of extensions is what allows the FHIR specification to retain a core level of simplicity for everyone.","Modifier extensions allow for extensions that *cannot* be safely ignored to be clearly distinguished from the vast majority of extensions which can be safely ignored.  This promotes interoperability by eliminating the need for implementers to prohibit the presence of extensions. For further information, see the [definition of modifier extensions](http://hl7.org/fhir/R4/extensibility.html#modifierExtension).","","","","","","","",,,,,"",,,,"BackboneElement.modifierExtension",0,*,"","ele-1:All FHIR elements must have a @value or children {hasValue() or (children().count() > id.count())}
ext-1:Must have either extensions or value[x], not both {extension.exists() != value.exists()}","N/A"
"Task.input:pieceJointe.type","Task.input.type","","Name
","",1,1,"","","","CodeableConcept {[]} {[]}
","Label for the input","A code or description indicating how the input is intended to be used as part of the task execution.","If referencing a BPMN workflow or Protocol, the ""system"" is the URL for the workflow definition and the code is the ""name"" of the required input.","Inputs are named to enable task automation to bind data and pass it from one task to the next.","","","","<valueCodeableConcept xmlns=""http://hl7.org/fhir"">
  <coding>
    <system value=""https://interop.esante.gouv.fr/ig/fhir/tddui/CodeSystem/tddui-task-input-prestation""/>
    <code value=""pieceJointe""/>
  </coding>
</valueCodeableConcept>","","","",,"required","","https://interop.esante.gouv.fr/ig/fhir/tddui/ValueSet/tddui-task-input-prestation","",,,,"Task.input.type",1,1,"","ele-1:All FHIR elements must have a @value or children {hasValue() or (children().count() > id.count())}
","???"
"Task.input:pieceJointe.value[x]","Task.input.value[x]","","","",1,1,"","","","Reference {[]} {[CanonicalType[https://interop.esante.gouv.fr/ig/fhir/tddui/StructureDefinition/tddui-document-reference]]}
","Content to use in performing the task","The value of the input parameter as a basic type.","","","","","","","","","",,,,,"",,,,"Task.input.value[x]",1,1,"","ele-1:All FHIR elements must have a @value or children {hasValue() or (children().count() > id.count())}
","???"
"Task.output","Task.output","","","",0,*,"","","","BackboneElement {[]} {[]}
","Information produced as part of task","Outputs produced by the Task.","","Resources and data produced during the execution the task.  This data is generated by the business logic of task execution, and is stored separately because it varies between workflows.","","","","","","","",,,,,"",,,,"Task.output",0,*,"","ele-1:All FHIR elements must have a @value or children {hasValue() or (children().count() > id.count())}
","???"
"Task.output.id","Task.output.id","","","",0,1,"","","","string {[]} {[]}
","Unique id for inter-element referencing","Unique id for the element within a resource (for internal references). This may be any string value that does not contain spaces.","","","","","","","","","",,,,,"",,,,"Element.id",0,1,"","","n/a"
"Task.output.extension","Task.output.extension","","extensions
user content","",0,*,"","","","Extension {[]} {[]}
","Additional content defined by implementations","May be used to represent additional information that is not part of the basic definition of the element. To make the use of extensions safe and manageable, there is a strict set of governance  applied to the definition and use of extensions. Though any implementer can define an extension, there is a set of requirements that SHALL be met as part of the definition of the extension.","There can be no stigma associated with the use of extensions by any application, project, or standard - regardless of the institution or jurisdiction that uses or defines the extensions.  The use of extensions is what allows the FHIR specification to retain a core level of simplicity for everyone.","","","","","","","","",,,,,"",,,,"Element.extension",0,*,"","ele-1:All FHIR elements must have a @value or children {hasValue() or (children().count() > id.count())}
ext-1:Must have either extensions or value[x], not both {extension.exists() != value.exists()}","n/a"
"Task.output.modifierExtension","Task.output.modifierExtension","","extensions
user contentmodifiers","",0,*,"","Y","Y","Extension {[]} {[]}
","Extensions that cannot be ignored even if unrecognized","May be used to represent additional information that is not part of the basic definition of the element and that modifies the understanding of the element in which it is contained and/or the understanding of the containing element's descendants. Usually modifier elements provide negation or qualification. To make the use of extensions safe and manageable, there is a strict set of governance applied to the definition and use of extensions. Though any implementer can define an extension, there is a set of requirements that SHALL be met as part of the definition of the extension. Applications processing a resource are required to check for modifier extensions.

Modifier extensions SHALL NOT change the meaning of any elements on Resource or DomainResource (including cannot change the meaning of modifierExtension itself).","There can be no stigma associated with the use of extensions by any application, project, or standard - regardless of the institution or jurisdiction that uses or defines the extensions.  The use of extensions is what allows the FHIR specification to retain a core level of simplicity for everyone.","Modifier extensions allow for extensions that *cannot* be safely ignored to be clearly distinguished from the vast majority of extensions which can be safely ignored.  This promotes interoperability by eliminating the need for implementers to prohibit the presence of extensions. For further information, see the [definition of modifier extensions](http://hl7.org/fhir/R4/extensibility.html#modifierExtension).","","","","","","","",,,,,"",,,,"BackboneElement.modifierExtension",0,*,"","ele-1:All FHIR elements must have a @value or children {hasValue() or (children().count() > id.count())}
ext-1:Must have either extensions or value[x], not both {extension.exists() != value.exists()}","N/A"
"Task.output.type","Task.output.type","","Name
","",1,1,"","","","CodeableConcept {[]} {[]}
","Label for output","The name of the Output parameter.","","Outputs are named to enable task automation to bind data and pass it from one task to the next.","","","","","","","",,"example","Codes to identify types of input parameters.  These will typically be specific to a particular workflow.  E.g. ""Identified issues"", ""Preliminary results"", ""Filler order"", ""Final results"", etc.","","",,,,"Task.output.type",1,1,"","ele-1:All FHIR elements must have a @value or children {hasValue() or (children().count() > id.count())}
","???"
"Task.output.value[x]","Task.output.value[x]","","","",1,1,"","","","base64Binary {[]} {[]}
boolean {[]} {[]}canonical {[]} {[]}code {[]} {[]}date {[]} {[]}dateTime {[]} {[]}decimal {[]} {[]}id {[]} {[]}instant {[]} {[]}integer {[]} {[]}markdown {[]} {[]}oid {[]} {[]}positiveInt {[]} {[]}string {[]} {[]}time {[]} {[]}unsignedInt {[]} {[]}uri {[]} {[]}url {[]} {[]}uuid {[]} {[]}Address {[]} {[]}Age {[]} {[]}Annotation {[]} {[]}Attachment {[]} {[]}CodeableConcept {[]} {[]}Coding {[]} {[]}ContactPoint {[]} {[]}Count {[]} {[]}Distance {[]} {[]}Duration {[]} {[]}HumanName {[]} {[]}Identifier {[]} {[]}Money {[]} {[]}Period {[]} {[]}Quantity {[]} {[]}Range {[]} {[]}Ratio {[]} {[]}Reference {[]} {[]}SampledData {[]} {[]}Signature {[]} {[]}Timing {[]} {[]}ContactDetail {[]} {[]}Contributor {[]} {[]}DataRequirement {[]} {[]}Expression {[]} {[]}ParameterDefinition {[]} {[]}RelatedArtifact {[]} {[]}TriggerDefinition {[]} {[]}UsageContext {[]} {[]}Dosage {[]} {[]}Meta {[]} {[]}","Result of output","The value of the Output parameter as a basic type.","","Task outputs can take any form.","","","","","","","",,,,,"",,,,"Task.output.value[x]",1,1,"","ele-1:All FHIR elements must have a @value or children {hasValue() or (children().count() > id.count())}
","???"
