{
  "resourceType" : "CodeSystem",
  "id" : "TRE-R334-TypeLitSupplementaire",
  "text" : {
    "status" : "generated",
    "div" : "<div xmlns=\"http://www.w3.org/1999/xhtml\"><p class=\"res-header-id\"><b>Generated Narrative: CodeSystem TRE-R334-TypeLitSupplementaire</b></p><a name=\"TRE-R334-TypeLitSupplementaire\"> </a><a name=\"hcTRE-R334-TypeLitSupplementaire\"> </a><a name=\"TRE-R334-TypeLitSupplementaire-en-US\"> </a><p><b>Properties</b></p><p><b>This code system defines the following properties for its concepts</b></p><table class=\"grid\"><tr><td><b>Name</b></td><td><b>Code</b></td><td><b>Type</b></td><td><b>Description</b></td></tr><tr><td>dateValid</td><td>dateValid</td><td>dateTime</td><td>date de validité d'un code concept</td></tr><tr><td>dateMaj</td><td>dateMaj</td><td>dateTime</td><td>Date de mise à jour d'un code concept</td></tr><tr><td>dateFin</td><td>dateFin</td><td>dateTime</td><td>Date de fin d'exploitation d'un code concept</td></tr></table><p><b>Concepts</b></p><p>This  code system <code>https://mos.esante.gouv.fr/NOS/TRE_R334-TypeLitSupplementaire/FHIR/TRE-R334-TypeLitSupplementaire</code> defines the following codes:</p><table class=\"codes\"><tr><td style=\"white-space:nowrap\"><b>Code</b></td><td><b>Display</b></td><td><b>dateValid</b></td><td><b>dateMaj</b></td></tr><tr><td style=\"white-space:nowrap\">01<a name=\"TRE-R334-TypeLitSupplementaire-01\"> </a></td><td>Mobilisé</td><td>2022-05-27T12:00:00+01:00</td><td>2022-05-27T12:00:00+01:00</td></tr><tr><td style=\"white-space:nowrap\">02<a name=\"TRE-R334-TypeLitSupplementaire-02\"> </a></td><td>Mobilisable sans ressources humaines</td><td>2022-05-27T12:00:00+01:00</td><td>2022-05-27T12:00:00+01:00</td></tr><tr><td style=\"white-space:nowrap\">03<a name=\"TRE-R334-TypeLitSupplementaire-03\"> </a></td><td>Mobilisable avec ressources humaines</td><td>2022-05-27T12:00:00+01:00</td><td>2022-05-27T12:00:00+01:00</td></tr></table></div>"
  },
  "extension" : [{
    "url" : "http://hl7.org/fhir/StructureDefinition/resource-effectivePeriod",
    "valuePeriod" : {
      "start" : "2022-05-27T12:00:00+01:00"
    }
  }],
  "url" : "https://mos.esante.gouv.fr/NOS/TRE_R334-TypeLitSupplementaire/FHIR/TRE-R334-TypeLitSupplementaire",
  "identifier" : [{
    "value" : "urn:oid:1.2.250.1.213.3.3.217"
  }],
  "version" : "1.3.0",
  "name" : "TRE_R334-TypeLitSupplementaire",
  "status" : "active",
  "date" : "2023-12-15T12:00:00+01:00",
  "publisher" : "ANS",
  "contact" : [{
    "name" : "ANS",
    "telecom" : [{
      "system" : "url",
      "value" : "https://esante.gouv.fr"
    }]
  }],
  "description" : "Permet d'indiquer le statut de lits supplémentaires, pour identifier le nombre de lits supplémentaires déjà mobilisés et, par typologie de mobilisation possible, le nombre de lits qui ne le sont pas encore",
  "content" : "complete",
  "property" : [{
    "code" : "dateValid",
    "description" : "date de validité d'un code concept",
    "type" : "dateTime"
  },
  {
    "code" : "dateMaj",
    "description" : "Date de mise à jour d'un code concept",
    "type" : "dateTime"
  },
  {
    "code" : "dateFin",
    "description" : "Date de fin d'exploitation d'un code concept",
    "type" : "dateTime"
  }],
  "concept" : [{
    "code" : "01",
    "display" : "Mobilisé",
    "designation" : [{
      "use" : {
        "code" : "LibelleCourt"
      },
      "value" : "Mobilisé"
    },
    {
      "use" : {
        "code" : "LibelleAdapte"
      },
      "value" : "Mobilisé"
    }],
    "property" : [{
      "code" : "dateValid",
      "valueDateTime" : "2022-05-27T12:00:00+01:00"
    },
    {
      "code" : "dateMaj",
      "valueDateTime" : "2022-05-27T12:00:00+01:00"
    }]
  },
  {
    "code" : "02",
    "display" : "Mobilisable sans ressources humaines",
    "designation" : [{
      "use" : {
        "code" : "LibelleCourt"
      },
      "value" : "Mobilisable sans RH"
    },
    {
      "use" : {
        "code" : "LibelleAdapte"
      },
      "value" : "Mobilisable sans ressources humaines"
    }],
    "property" : [{
      "code" : "dateValid",
      "valueDateTime" : "2022-05-27T12:00:00+01:00"
    },
    {
      "code" : "dateMaj",
      "valueDateTime" : "2022-05-27T12:00:00+01:00"
    }]
  },
  {
    "code" : "03",
    "display" : "Mobilisable avec ressources humaines",
    "designation" : [{
      "use" : {
        "code" : "LibelleCourt"
      },
      "value" : "Mobilisable avec RH"
    },
    {
      "use" : {
        "code" : "LibelleAdapte"
      },
      "value" : "Mobilisable avec ressources humaines"
    }],
    "property" : [{
      "code" : "dateValid",
      "valueDateTime" : "2022-05-27T12:00:00+01:00"
    },
    {
      "code" : "dateMaj",
      "valueDateTime" : "2022-05-27T12:00:00+01:00"
    }]
  }]
}