{"resourceType":"ValueSet","id":"tddui-care-plan-supporting-info","meta":{"profile":["http://hl7.org/fhir/StructureDefinition/shareablevalueset"]},"text":{"status":"generated","div":"<div xmlns=\"http://www.w3.org/1999/xhtml\"><p class=\"res-header-id\"><b>Narratif généré : EnsembleValeurs tddui-care-plan-supporting-info</b></p><a name=\"tddui-care-plan-supporting-info\"> </a><a name=\"hctddui-care-plan-supporting-info\"> </a><div style=\"display: inline-block; background-color: #d9e0e7; padding: 6px; margin: 4px; border: 1px solid #8da1b4; border-radius: 5px; line-height: 60%\"><p style=\"margin-bottom: 0px\"/><p style=\"margin-bottom: 0px\">Profil: <a href=\"http://hl7.org/fhir/R4/shareablevalueset.html\">Shareable ValueSet</a></p></div><p>Ce jeu de valeur (ValueSet) inclut les codes selon les règles suivantes :</p><ul><li>Importe tous les codes contenu dans <a href=\"ValueSet-tddui-discriminator.html\">TDDUI Discriminator</a></li></ul><p>Ce jeu de valeur (ValueSet) exclut les codes selon les règles suivantes :</p><ul><li>Exclut ce(s) code(s) tel qu'il(s) est (sont) défini(s) dans <a href=\"CodeSystem-tddui-discriminator.html\"><code>https://interop.esante.gouv.fr/ig/fhir/tddui/CodeSystem/tddui-discriminator</code></a><span title=\"La version n'est pas explicitement indiquée, ce qui signifie quelle est fixée à la version fournie dans cette spécification\"> version &#x1F4E6;2.2.0</span><table class=\"none\"><tr><td style=\"white-space:nowrap\"><b>Code</b></td><td><b>Affichage</b></td></tr><tr><td><a href=\"CodeSystem-tddui-discriminator.html#tddui-discriminator-titreObjectif\">titreObjectif</a></td><td style=\"color: #cccccc\">Titre de l'objectif</td></tr><tr><td><a href=\"CodeSystem-tddui-discriminator.html#tddui-discriminator-avisUsagerObjectif\">avisUsagerObjectif</a></td><td style=\"color: #cccccc\">Avis de l'usager sur l'objectif</td></tr><tr><td><a href=\"CodeSystem-tddui-discriminator.html#tddui-discriminator-strategieMiseEnOeuvreObjectif\">strategieMiseEnOeuvreObjectif</a></td><td style=\"color: #cccccc\">Stratégie de mise en œuvre de l'objectif</td></tr><tr><td><a href=\"CodeSystem-tddui-discriminator.html#tddui-discriminator-origineAttente\">origineAttente</a></td><td style=\"color: #cccccc\">Acteur (personne physique ou personne morale) qui a un lien avec l'usager ou l'usager elle-même qui définit son attente.</td></tr><tr><td><a href=\"CodeSystem-tddui-discriminator.html#tddui-discriminator-commentaireAttente\">commentaireAttente</a></td><td style=\"color: #cccccc\">Permet de compléter ou éclairer la description de l'attente.</td></tr></table></li></ul></div>"},"url":"https://interop.esante.gouv.fr/ig/fhir/tddui/ValueSet/tddui-care-plan-supporting-info","version":"2.2.0","name":"TDDUICarePlanSupportingInfo","title":"TDDUI CarePlan supportingInfo","status":"active","experimental":false,"date":"2026-02-06T14:53:05+00:00","publisher":"ANS","contact":[{"name":"ANS","telecom":[{"system":"url","value":"https://esante.gouv.fr"}]}],"description":"ValueSet définissant les types de notes pour l'élément CarePlan.supportingInfo.","jurisdiction":[{"coding":[{"system":"urn:iso:std:iso:3166","code":"FR","display":"FRANCE"}]}],"compose":{"include":[{"valueSet":["https://interop.esante.gouv.fr/ig/fhir/tddui/ValueSet/tddui-discriminator"]}],"exclude":[{"system":"https://interop.esante.gouv.fr/ig/fhir/tddui/CodeSystem/tddui-discriminator","concept":[{"code":"titreObjectif"},{"code":"avisUsagerObjectif"},{"code":"strategieMiseEnOeuvreObjectif"},{"code":"origineAttente"},{"code":"commentaireAttente"}]}]}}