{
  "resourceType" : "ValueSet",
  "id" : "JDV-J38-ModeAcces-CISIS",
  "text" : {
    "status" : "generated",
    "div" : "<div xmlns=\"http://www.w3.org/1999/xhtml\"><ul><li>Include these codes as defined in <a href=\"CodeSystem-TRE-R248-ModeAcces.html\"><code>https://mos.esante.gouv.fr/NOS/TRE_R248_ModeAcces/FHIR/TRE-R248-ModeAcces</code></a><table class=\"none\"><tr><td style=\"white-space:nowrap\"><b>Code</b></td><td><b>Display</b></td></tr><tr><td><a href=\"CodeSystem-TRE-R248-ModeAcces.html#TRE-R248-ModeAcces-normal\">normal</a></td><td>Accès normal</td></tr><tr><td><a href=\"CodeSystem-TRE-R248-ModeAcces.html#TRE-R248-ModeAcces-bris_de_glace\">bris_de_glace</a></td><td>Accès en bris de glace</td></tr><tr><td><a href=\"CodeSystem-TRE-R248-ModeAcces.html#TRE-R248-ModeAcces-centre_15\">centre_15</a></td><td>Accès par un centre de régulation médicale</td></tr></table></li></ul></div>"
  },
  "extension" : [{
    "url" : "http://hl7.org/fhir/StructureDefinition/resource-effectivePeriod",
    "valuePeriod" : {
      "start" : "2017-10-13T12:00:00+01:00"
    }
  }],
  "url" : "https://mos.esante.gouv.fr/NOS/JDV_J38_ModeAcces-CISIS/FHIR/JDV-J38-ModeAcces-CISIS",
  "identifier" : [{
    "value" : "urn:oid:1.2.250.1.213.1.1.4.248"
  }],
  "version" : "1.1.0",
  "name" : "JDV_J38_ModeAcces-CISIS",
  "status" : "active",
  "date" : "2020-04-24T12:00:00+01:00",
  "publisher" : "ANS",
  "contact" : [{
    "name" : "ANS",
    "telecom" : [{
      "system" : "url",
      "value" : "https://esante.gouv.fr"
    }]
  }],
  "description" : "Mode d'accès pour accéder à un SI santé avec données patients - CI-SIS",
  "compose" : {
    "include" : [{
      "system" : "https://mos.esante.gouv.fr/NOS/TRE_R248_ModeAcces/FHIR/TRE-R248-ModeAcces",
      "concept" : [{
        "code" : "normal",
        "display" : "Accès normal",
        "designation" : [{
          "use" : {
            "code" : "OID"
          },
          "value" : "urn:oid:1.2.250.1.213.1.1.4.336"
        }]
      },
      {
        "code" : "bris_de_glace",
        "display" : "Accès en bris de glace",
        "designation" : [{
          "use" : {
            "code" : "OID"
          },
          "value" : "urn:oid:1.2.250.1.213.1.1.4.336"
        }]
      },
      {
        "code" : "centre_15",
        "display" : "Accès par un centre de régulation médicale",
        "designation" : [{
          "use" : {
            "code" : "OID"
          },
          "value" : "urn:oid:1.2.250.1.213.1.1.4.336"
        }]
      }]
    }]
  }
}