{
  "resourceType" : "ValueSet",
  "id" : "e63c61e0-bc27-45d0-a526-af85d40b2301-27",
  "url" : "http://hl7.org/fhir/comparison/ValueSet/e63c61e0-bc27-45d0-a526-af85d40b2301-27",
  "name" : "Intersectionfr-practioner-identifier-typeAndFRCoreValueSetPractitionerIdentifierType",
  "title" : "Intersection of null And FR Core ValueSet Practitioner identifier type",
  "status" : "active",
  "date" : "2024-06-05T13:23:59+00:00",
  "compose" : {
    "include" : [{
      "concept" : [{
        "code" : "EI",
        "display" : "Identifiant d'employé"
      }]
    },
    {
      "concept" : [{
        "code" : "1",
        "display" : "Id cabinet ADELI/n° registre"
      },
      {
        "code" : "3",
        "display" : "FINESS/n° de registre"
      },
      {
        "code" : "4",
        "display" : "SIREN/n° de registre"
      },
      {
        "code" : "5",
        "display" : "SIRET/n° de registre"
      },
      {
        "code" : "6",
        "display" : "Id cabinet RPPS/n° de registre"
      }]
    }]
  }
}