{"resourceType":"CodeSystem","id":"TRE-R297-AgregatDisciplineEnseignNiv3","text":{"status":"generated","div":"<div xmlns=\"http://www.w3.org/1999/xhtml\"><p class=\"res-header-id\"><b>Generated Narrative: CodeSystem TRE-R297-AgregatDisciplineEnseignNiv3</b></p><a name=\"TRE-R297-AgregatDisciplineEnseignNiv3\"> </a><a name=\"hcTRE-R297-AgregatDisciplineEnseignNiv3\"> </a><a name=\"TRE-R297-AgregatDisciplineEnseignNiv3-en-US\"> </a><p><b>Properties</b></p><p><b>This code system defines the following properties for its concepts</b></p><table class=\"grid\"><tr><td><b>Name</b></td><td><b>Code</b></td><td><b>Type</b></td><td><b>Description</b></td></tr><tr><td>dateValid</td><td>dateValid</td><td>dateTime</td><td>date de validité d'un code concept</td></tr><tr><td>dateMaj</td><td>dateMaj</td><td>dateTime</td><td>Date de mise à jour d'un code concept</td></tr><tr><td>dateFin</td><td>dateFin</td><td>dateTime</td><td>Date de fin d'exploitation d'un code concept</td></tr></table><p><b>Concepts</b></p><p>This  code system <code>https://mos.esante.gouv.fr/NOS/TRE_R297-AgregatDisciplineEnseignNiv3/FHIR/TRE-R297-AgregatDisciplineEnseignNiv3</code> defines the following codes:</p><table class=\"codes\"><tr><td style=\"white-space:nowrap\"><b>Code</b></td><td><b>Display</b></td><td><b>dateValid</b></td><td><b>dateMaj</b></td></tr><tr><td style=\"white-space:nowrap\">2210<a name=\"TRE-R297-AgregatDisciplineEnseignNiv3-2210\"> </a></td><td>Formation des Personnels Sanitaires</td><td>2020-06-26T12:00:00+01:00</td><td>2020-06-26T12:00:00+01:00</td></tr><tr><td style=\"white-space:nowrap\">2220<a name=\"TRE-R297-AgregatDisciplineEnseignNiv3-2220\"> </a></td><td>Formation des Personnels Sociaux</td><td>2020-06-26T12:00:00+01:00</td><td>2020-06-26T12:00:00+01:00</td></tr><tr><td style=\"white-space:nowrap\">2230<a name=\"TRE-R297-AgregatDisciplineEnseignNiv3-2230\"> </a></td><td>Formation des Personnels Administratifs San. et Soc</td><td>2020-06-26T12:00:00+01:00</td><td>2020-06-26T12:00:00+01:00</td></tr><tr><td style=\"white-space:nowrap\">2240<a name=\"TRE-R297-AgregatDisciplineEnseignNiv3-2240\"> </a></td><td>Formation de cadre de santé</td><td>2020-06-26T12:00:00+01:00</td><td>2020-06-26T12:00:00+01:00</td></tr></table></div>"},"extension":[{"url":"http://hl7.org/fhir/StructureDefinition/resource-effectivePeriod","valuePeriod":{"start":"2020-06-26T12:00:00+01:00"}}],"url":"https://mos.esante.gouv.fr/NOS/TRE_R297-AgregatDisciplineEnseignNiv3/FHIR/TRE-R297-AgregatDisciplineEnseignNiv3","identifier":[{"value":"urn:oid:1.2.250.1.213.1.6.1.197"}],"version":"1.3.0","name":"TRE_R297-AgregatDisciplineEnseignNiv3","status":"active","date":"2023-12-15T12:00:00+01:00","publisher":"ANS","contact":[{"name":"ANS","telecom":[{"system":"url","value":"https://esante.gouv.fr"}]}],"description":"Agrégats de disciplines pour l'enseignement niveau 3","content":"complete","property":[{"code":"dateValid","description":"date de validité d'un code concept","type":"dateTime"},{"code":"dateMaj","description":"Date de mise à jour d'un code concept","type":"dateTime"},{"code":"dateFin","description":"Date de fin d'exploitation d'un code concept","type":"dateTime"}],"concept":[{"code":"2210","display":"Formation des Personnels Sanitaires","designation":[{"use":{"code":"LibelleCourt"},"value":"Formation Personnels Sanit."},{"use":{"code":"LibelleAdapte"},"value":"Formation des Personnels Sanitaires"}],"property":[{"code":"dateValid","valueDateTime":"2020-06-26T12:00:00+01:00"},{"code":"dateMaj","valueDateTime":"2020-06-26T12:00:00+01:00"}]},{"code":"2220","display":"Formation des Personnels Sociaux","designation":[{"use":{"code":"LibelleCourt"},"value":"Formation Personnels Soc."},{"use":{"code":"LibelleAdapte"},"value":"Formation des Personnels Sociaux"}],"property":[{"code":"dateValid","valueDateTime":"2020-06-26T12:00:00+01:00"},{"code":"dateMaj","valueDateTime":"2020-06-26T12:00:00+01:00"}]},{"code":"2230","display":"Formation des Personnels Administratifs San. et Soc","designation":[{"use":{"code":"LibelleCourt"},"value":"Form.Person.Admin.San.Soc."},{"use":{"code":"LibelleAdapte"},"value":"Formation des Personnels Administratifs San. et Soc"}],"property":[{"code":"dateValid","valueDateTime":"2020-06-26T12:00:00+01:00"},{"code":"dateMaj","valueDateTime":"2020-06-26T12:00:00+01:00"}]},{"code":"2240","display":"Formation de cadre de santé","designation":[{"use":{"code":"LibelleCourt"},"value":"Formation de cadre de santé"},{"use":{"code":"LibelleAdapte"},"value":"Formation de cadre de santé"}],"property":[{"code":"dateValid","valueDateTime":"2020-06-26T12:00:00+01:00"},{"code":"dateMaj","valueDateTime":"2020-06-26T12:00:00+01:00"}]}]}