{"resourceType":"CodeSystem","id":"TRE-R294-AgregatClienteleNiv3","text":{"status":"generated","div":"<div xmlns=\"http://www.w3.org/1999/xhtml\"><p><b>Properties</b></p><p><b>This code system defines the following properties for its concepts</b></p><table class=\"grid\"><tr><td><b>Name</b></td><td><b>Code</b></td><td><b>Type</b></td><td><b>Description</b></td></tr><tr><td>dateValid</td><td>dateValid</td><td>dateTime</td><td>date de validité d'un code concept</td></tr><tr><td>dateMaj</td><td>dateMaj</td><td>dateTime</td><td>Date de mise à jour d'un code concept</td></tr><tr><td>dateFin</td><td>dateFin</td><td>dateTime</td><td>Date de fin d'exploitation d'un code concept</td></tr></table><p><b>Concepts</b></p><p>This  code system <code>https://mos.esante.gouv.fr/NOS/TRE_R294-AgregatClienteleNiv3/FHIR/TRE-R294-AgregatClienteleNiv3</code> defines the following codes:</p><table class=\"codes\"><tr><td style=\"white-space:nowrap\"><b>Code</b></td><td><b>Display</b></td><td><b>dateValid</b></td><td><b>dateMaj</b></td><td><b>dateFin</b></td></tr><tr><td style=\"white-space:nowrap\">1100<a name=\"TRE-R294-AgregatClienteleNiv3-1100\"> </a></td><td>Tous Types de Déficiences</td><td>2020-06-26T12:00:00+01:00</td><td>2020-06-26T12:00:00+01:00</td><td/></tr><tr><td style=\"white-space:nowrap\">1200<a name=\"TRE-R294-AgregatClienteleNiv3-1200\"> </a></td><td>Déficiences Intellectuelles</td><td>2020-06-26T12:00:00+01:00</td><td>2020-06-26T12:00:00+01:00</td><td/></tr><tr><td style=\"white-space:nowrap\">1300<a name=\"TRE-R294-AgregatClienteleNiv3-1300\"> </a></td><td>Troubles du Comportement, Handicap psychique ou cognitif</td><td>2020-06-26T12:00:00+01:00</td><td>2020-06-26T12:00:00+01:00</td><td/></tr><tr><td style=\"white-space:nowrap\">1500<a name=\"TRE-R294-AgregatClienteleNiv3-1500\"> </a></td><td>Déficiences Motrices</td><td>2020-06-26T12:00:00+01:00</td><td>2020-06-26T12:00:00+01:00</td><td/></tr><tr><td style=\"white-space:nowrap\">1600<a name=\"TRE-R294-AgregatClienteleNiv3-1600\"> </a></td><td>Polyhandicap</td><td>2020-06-26T12:00:00+01:00</td><td>2020-06-26T12:00:00+01:00</td><td/></tr><tr><td style=\"white-space:nowrap\">1700<a name=\"TRE-R294-AgregatClienteleNiv3-1700\"> </a></td><td>Déficiences Auditives</td><td>2020-06-26T12:00:00+01:00</td><td>2020-06-26T12:00:00+01:00</td><td/></tr><tr><td style=\"white-space:nowrap\">1800<a name=\"TRE-R294-AgregatClienteleNiv3-1800\"> </a></td><td>Déficiences Visuelles</td><td>2020-06-26T12:00:00+01:00</td><td>2020-06-26T12:00:00+01:00</td><td/></tr><tr><td style=\"white-space:nowrap\">1900<a name=\"TRE-R294-AgregatClienteleNiv3-1900\"> </a></td><td>Surdi-Cécité</td><td>2020-06-26T12:00:00+01:00</td><td>2020-06-26T12:00:00+01:00</td><td/></tr><tr><td style=\"white-space:nowrap\">2100<a name=\"TRE-R294-AgregatClienteleNiv3-2100\"> </a></td><td>Personnes Agées</td><td>2020-06-26T12:00:00+01:00</td><td>2020-06-26T12:00:00+01:00</td><td/></tr><tr><td style=\"white-space:nowrap\">3100<a name=\"TRE-R294-AgregatClienteleNiv3-3100\"> </a></td><td>Enfants et Adolescents (Aide Soc Justice)</td><td>2020-06-26T12:00:00+01:00</td><td>2020-06-26T12:00:00+01:00</td><td/></tr><tr><td style=\"white-space:nowrap\">4100<a name=\"TRE-R294-AgregatClienteleNiv3-4100\"> </a></td><td>Autres Enfants</td><td>2020-06-26T12:00:00+01:00</td><td>2020-06-26T12:00:00+01:00</td><td/></tr><tr><td style=\"white-space:nowrap\">5100<a name=\"TRE-R294-AgregatClienteleNiv3-5100\"> </a></td><td>Adultes en Difficulté d'Insertion Sociale</td><td>2020-06-26T12:00:00+01:00</td><td>2020-06-26T12:00:00+01:00</td><td/></tr><tr><td style=\"white-space:nowrap\">5200<a name=\"TRE-R294-AgregatClienteleNiv3-5200\"> </a></td><td>Familles en Difficulté d'Insertion Sociale</td><td>2020-06-26T12:00:00+01:00</td><td>2020-06-26T12:00:00+01:00</td><td/></tr><tr><td style=\"white-space:nowrap\">5300<a name=\"TRE-R294-AgregatClienteleNiv3-5300\"> </a></td><td>Personnes et Familles Protégées</td><td>2020-06-26T12:00:00+01:00</td><td>2020-06-26T12:00:00+01:00</td><td/></tr><tr><td style=\"white-space:nowrap\">6100<a name=\"TRE-R294-AgregatClienteleNiv3-6100\"> </a></td><td>Autres Catégories de Clientèles</td><td>2020-06-26T12:00:00+01:00</td><td>2020-06-26T12:00:00+01:00</td><td/></tr><tr><td style=\"white-space:nowrap\">6200<a name=\"TRE-R294-AgregatClienteleNiv3-6200\"> </a></td><td>Clientèles transverses</td><td>2021-05-28T12:00:00+01:00</td><td>2021-05-28T12:00:00+01:00</td><td/></tr><tr><td style=\"white-space:nowrap\">7100<a name=\"TRE-R294-AgregatClienteleNiv3-7100\"> </a></td><td>Toute Population</td><td>2020-06-26T12:00:00+01:00</td><td>2020-06-26T12:00:00+01:00</td><td/></tr><tr><td style=\"white-space:nowrap\">8100<a name=\"TRE-R294-AgregatClienteleNiv3-8100\"> </a></td><td>Troubles Psychopathologiques</td><td>2021-11-26T12:00:00+01:00</td><td>2021-11-26T12:00:00+01:00</td><td>2021-11-26T12:00:00+01:00</td></tr><tr><td style=\"white-space:nowrap\">8200<a name=\"TRE-R294-AgregatClienteleNiv3-8200\"> </a></td><td>Epilepsies</td><td>2020-06-26T12:00:00+01:00</td><td>2020-06-26T12:00:00+01:00</td><td/></tr><tr><td style=\"white-space:nowrap\">8300<a name=\"TRE-R294-AgregatClienteleNiv3-8300\"> </a></td><td>Maladie Invalidante de Longue Durée</td><td>2020-06-26T12:00:00+01:00</td><td>2020-06-26T12:00:00+01:00</td><td/></tr><tr><td style=\"white-space:nowrap\">8400<a name=\"TRE-R294-AgregatClienteleNiv3-8400\"> </a></td><td>Personnes ayant des pratiques addictives</td><td>2020-06-26T12:00:00+01:00</td><td>2020-06-26T12:00:00+01:00</td><td/></tr></table></div>"},"extension":[{"url":"http://hl7.org/fhir/StructureDefinition/resource-effectivePeriod","valuePeriod":{"start":"2020-06-26T12:00:00+01:00"}}],"url":"https://mos.esante.gouv.fr/NOS/TRE_R294-AgregatClienteleNiv3/FHIR/TRE-R294-AgregatClienteleNiv3","identifier":[{"value":"urn:oid:1.2.250.1.213.1.6.1.193"}],"version":"1.4.0","name":"TRE_R294-AgregatClienteleNiv3","status":"active","date":"2023-12-15T12:00:00+01:00","publisher":"ANS","contact":[{"name":"ANS","telecom":[{"system":"url","value":"https://esante.gouv.fr"}]}],"description":"Agrégats de clientèle niveau 3","content":"complete","property":[{"code":"dateValid","description":"date de validité d'un code concept","type":"dateTime"},{"code":"dateMaj","description":"Date de mise à jour d'un code concept","type":"dateTime"},{"code":"dateFin","description":"Date de fin d'exploitation d'un code concept","type":"dateTime"}],"concept":[{"code":"1100","display":"Tous Types de Déficiences","designation":[{"use":{"code":"LibelleCourt"},"value":"Tous Types de Déficiences"},{"use":{"code":"LibelleAdapte"},"value":"Tous Types de Déficiences"}],"property":[{"code":"dateValid","valueDateTime":"2020-06-26T12:00:00+01:00"},{"code":"dateMaj","valueDateTime":"2020-06-26T12:00:00+01:00"}]},{"code":"1200","display":"Déficiences Intellectuelles","designation":[{"use":{"code":"LibelleCourt"},"value":"Déficiences Intellectuelles"},{"use":{"code":"LibelleAdapte"},"value":"Déficiences Intellectuelles"}],"property":[{"code":"dateValid","valueDateTime":"2020-06-26T12:00:00+01:00"},{"code":"dateMaj","valueDateTime":"2020-06-26T12:00:00+01:00"}]},{"code":"1300","display":"Troubles du Comportement, Handicap psychique ou cognitif","designation":[{"use":{"code":"LibelleCourt"},"value":"Trbls.Comp.Hand.Psych.Cogn"},{"use":{"code":"LibelleAdapte"},"value":"Troubles du Comportement, Handicap psychique ou cognitif"}],"property":[{"code":"dateValid","valueDateTime":"2020-06-26T12:00:00+01:00"},{"code":"dateMaj","valueDateTime":"2020-06-26T12:00:00+01:00"}]},{"code":"1500","display":"Déficiences Motrices","designation":[{"use":{"code":"LibelleCourt"},"value":"Déficiences Motrices"},{"use":{"code":"LibelleAdapte"},"value":"Déficiences Motrices"}],"property":[{"code":"dateValid","valueDateTime":"2020-06-26T12:00:00+01:00"},{"code":"dateMaj","valueDateTime":"2020-06-26T12:00:00+01:00"}]},{"code":"1600","display":"Polyhandicap","designation":[{"use":{"code":"LibelleCourt"},"value":"Polyhandicap"},{"use":{"code":"LibelleAdapte"},"value":"Polyhandicap"}],"property":[{"code":"dateValid","valueDateTime":"2020-06-26T12:00:00+01:00"},{"code":"dateMaj","valueDateTime":"2020-06-26T12:00:00+01:00"}]},{"code":"1700","display":"Déficiences Auditives","designation":[{"use":{"code":"LibelleCourt"},"value":"Déficiences Auditives"},{"use":{"code":"LibelleAdapte"},"value":"Déficiences Auditives"}],"property":[{"code":"dateValid","valueDateTime":"2020-06-26T12:00:00+01:00"},{"code":"dateMaj","valueDateTime":"2020-06-26T12:00:00+01:00"}]},{"code":"1800","display":"Déficiences Visuelles","designation":[{"use":{"code":"LibelleCourt"},"value":"Déficiences Visuelles"},{"use":{"code":"LibelleAdapte"},"value":"Déficiences Visuelles"}],"property":[{"code":"dateValid","valueDateTime":"2020-06-26T12:00:00+01:00"},{"code":"dateMaj","valueDateTime":"2020-06-26T12:00:00+01:00"}]},{"code":"1900","display":"Surdi-Cécité","designation":[{"use":{"code":"LibelleCourt"},"value":"Surdi-Cécité"},{"use":{"code":"LibelleAdapte"},"value":"Surdi-Cécité"}],"property":[{"code":"dateValid","valueDateTime":"2020-06-26T12:00:00+01:00"},{"code":"dateMaj","valueDateTime":"2020-06-26T12:00:00+01:00"}]},{"code":"2100","display":"Personnes Agées","designation":[{"use":{"code":"LibelleCourt"},"value":"Personnes Agées"},{"use":{"code":"LibelleAdapte"},"value":"Personnes Agées"}],"property":[{"code":"dateValid","valueDateTime":"2020-06-26T12:00:00+01:00"},{"code":"dateMaj","valueDateTime":"2020-06-26T12:00:00+01:00"}]},{"code":"3100","display":"Enfants et Adolescents (Aide Soc Justice)","designation":[{"use":{"code":"LibelleCourt"},"value":"Enfants et Adolescents"},{"use":{"code":"LibelleAdapte"},"value":"Enfants et Adolescents (Aide Soc Justice)"}],"property":[{"code":"dateValid","valueDateTime":"2020-06-26T12:00:00+01:00"},{"code":"dateMaj","valueDateTime":"2020-06-26T12:00:00+01:00"}]},{"code":"4100","display":"Autres Enfants","designation":[{"use":{"code":"LibelleCourt"},"value":"Autres Enfants"},{"use":{"code":"LibelleAdapte"},"value":"Autres Enfants"}],"property":[{"code":"dateValid","valueDateTime":"2020-06-26T12:00:00+01:00"},{"code":"dateMaj","valueDateTime":"2020-06-26T12:00:00+01:00"}]},{"code":"5100","display":"Adultes en Difficulté d'Insertion Sociale","designation":[{"use":{"code":"LibelleCourt"},"value":"Adultes Dif.Insert.Soc."},{"use":{"code":"LibelleAdapte"},"value":"Adultes en Difficulté d'Insertion Sociale"}],"property":[{"code":"dateValid","valueDateTime":"2020-06-26T12:00:00+01:00"},{"code":"dateMaj","valueDateTime":"2020-06-26T12:00:00+01:00"}]},{"code":"5200","display":"Familles en Difficulté d'Insertion Sociale","designation":[{"use":{"code":"LibelleCourt"},"value":"Familles Dif.Insert.Soc."},{"use":{"code":"LibelleAdapte"},"value":"Familles en Difficulté d'Insertion Sociale"}],"property":[{"code":"dateValid","valueDateTime":"2020-06-26T12:00:00+01:00"},{"code":"dateMaj","valueDateTime":"2020-06-26T12:00:00+01:00"}]},{"code":"5300","display":"Personnes et Familles Protégées","designation":[{"use":{"code":"LibelleCourt"},"value":"Personnes Fam.Prot."},{"use":{"code":"LibelleAdapte"},"value":"Personnes et Familles Protégées"}],"property":[{"code":"dateValid","valueDateTime":"2020-06-26T12:00:00+01:00"},{"code":"dateMaj","valueDateTime":"2020-06-26T12:00:00+01:00"}]},{"code":"6100","display":"Autres Catégories de Clientèles","designation":[{"use":{"code":"LibelleCourt"},"value":"Autres Cat.Clientèles"},{"use":{"code":"LibelleAdapte"},"value":"Autres Catégories de Clientèles"}],"property":[{"code":"dateValid","valueDateTime":"2020-06-26T12:00:00+01:00"},{"code":"dateMaj","valueDateTime":"2020-06-26T12:00:00+01:00"}]},{"code":"6200","display":"Clientèles transverses","designation":[{"use":{"code":"LibelleCourt"},"value":"Clientèles trsvers."},{"use":{"code":"LibelleAdapte"},"value":"Clientèles transverses"}],"property":[{"code":"dateValid","valueDateTime":"2021-05-28T12:00:00+01:00"},{"code":"dateMaj","valueDateTime":"2021-05-28T12:00:00+01:00"}]},{"code":"7100","display":"Toute Population","designation":[{"use":{"code":"LibelleCourt"},"value":"Toute Population"},{"use":{"code":"LibelleAdapte"},"value":"Toute Population"}],"property":[{"code":"dateValid","valueDateTime":"2020-06-26T12:00:00+01:00"},{"code":"dateMaj","valueDateTime":"2020-06-26T12:00:00+01:00"}]},{"code":"8100","display":"Troubles Psychopathologiques","designation":[{"use":{"code":"LibelleCourt"},"value":"Troubles Psycho."},{"use":{"code":"LibelleAdapte"},"value":"Troubles Psychopathologiques"}],"property":[{"code":"dateValid","valueDateTime":"2021-11-26T12:00:00+01:00"},{"code":"dateFin","valueDateTime":"2021-11-26T12:00:00+01:00"},{"code":"dateMaj","valueDateTime":"2021-11-26T12:00:00+01:00"}]},{"code":"8200","display":"Epilepsies","designation":[{"use":{"code":"LibelleCourt"},"value":"Epilepsies"},{"use":{"code":"LibelleAdapte"},"value":"Epilepsies"}],"property":[{"code":"dateValid","valueDateTime":"2020-06-26T12:00:00+01:00"},{"code":"dateMaj","valueDateTime":"2020-06-26T12:00:00+01:00"}]},{"code":"8300","display":"Maladie Invalidante de Longue Durée","designation":[{"use":{"code":"LibelleCourt"},"value":"Maladie Inval Longue Durée"},{"use":{"code":"LibelleAdapte"},"value":"Maladie Invalidante de Longue Durée"}],"property":[{"code":"dateValid","valueDateTime":"2020-06-26T12:00:00+01:00"},{"code":"dateMaj","valueDateTime":"2020-06-26T12:00:00+01:00"}]},{"code":"8400","display":"Personnes ayant des pratiques addictives","designation":[{"use":{"code":"LibelleCourt"},"value":"Personnes pratiques.addict"},{"use":{"code":"LibelleAdapte"},"value":"Personnes ayant des pratiques addictives"}],"property":[{"code":"dateValid","valueDateTime":"2020-06-26T12:00:00+01:00"},{"code":"dateMaj","valueDateTime":"2020-06-26T12:00:00+01:00"}]}]}