{"resourceType":"CodeSystem","id":"TRE-R14-TypeDiplome","text":{"status":"generated","div":"<div xmlns=\"http://www.w3.org/1999/xhtml\"><p><b>Properties</b></p><p><b>This code system  defines the following properties for its concepts</b></p><table class=\"grid\"><tr><td><b>Code</b></td><td><b>Type</b></td><td><b>Description</b></td></tr><tr><td>dateValid</td><td>dateTime</td><td>date de validité d'un code concept</td></tr><tr><td>dateMaj</td><td>dateTime</td><td>Date de mise à jour d'un code concept</td></tr><tr><td>dateFin</td><td>dateTime</td><td>Date de fin d'exploitation d'un code concept</td></tr></table><p><b>Concepts</b></p><p>This  code system <code>https://mos.esante.gouv.fr/NOS/TRE_R14-TypeDiplome/FHIR/TRE-R14-TypeDiplome</code> defines the following codes:</p><table class=\"codes\"><tr><td style=\"white-space:nowrap\"><b>Code</b></td><td><b>Display</b></td><td><b>dateValid</b></td><td><b>dateMaj</b></td><td><b>dateFin</b></td></tr><tr><td style=\"white-space:nowrap\">ATT<a name=\"TRE-R14-TypeDiplome-ATT\"> </a></td><td>Attestation</td><td>2007-07-25T15:04:42+01:00</td><td>2008-02-28T00:00:00+01:00</td><td/></tr><tr><td style=\"white-space:nowrap\">AU<a name=\"TRE-R14-TypeDiplome-AU\"> </a></td><td>Autre type de diplôme</td><td>2007-07-25T15:04:42+01:00</td><td>2016-09-01T00:00:00+01:00</td><td/></tr><tr><td style=\"white-space:nowrap\">CAPA<a name=\"TRE-R14-TypeDiplome-CAPA\"> </a></td><td>Capacité</td><td>2007-07-25T15:04:42+01:00</td><td>2008-02-28T00:00:00+01:00</td><td/></tr><tr><td style=\"white-space:nowrap\">CES<a name=\"TRE-R14-TypeDiplome-CES\"> </a></td><td>Certficat d'études spéciales</td><td>2007-07-25T15:04:42+01:00</td><td>2016-09-01T00:00:00+01:00</td><td/></tr><tr><td style=\"white-space:nowrap\">CQ<a name=\"TRE-R14-TypeDiplome-CQ\"> </a></td><td>Commission de qualification</td><td>2007-07-25T00:00:00+01:00</td><td>2023-04-28T12:00:00+01:00</td><td>2023-04-28T12:00:00+01:00</td></tr><tr><td style=\"white-space:nowrap\">D2C<a name=\"TRE-R14-TypeDiplome-D2C\"> </a></td><td>Diplôme de 2ième cycle non qualifiant</td><td>2017-03-22T12:00:00+01:00</td><td>2017-03-22T12:00:00+01:00</td><td/></tr><tr><td style=\"white-space:nowrap\">DAU<a name=\"TRE-R14-TypeDiplome-DAU\"> </a></td><td>Diplôme d'un pays hors UE et hors EEE</td><td>2007-07-25T15:04:42+01:00</td><td>2016-09-01T00:00:00+01:00</td><td/></tr><tr><td style=\"white-space:nowrap\">DE<a name=\"TRE-R14-TypeDiplome-DE\"> </a></td><td>Diplôme d'Etat français</td><td>2007-07-25T15:04:42+01:00</td><td>2016-09-01T00:00:00+01:00</td><td/></tr><tr><td style=\"white-space:nowrap\">DEEE<a name=\"TRE-R14-TypeDiplome-DEEE\"> </a></td><td>Diplôme d'un pays de l'UE ou de l'EEE</td><td>2007-07-25T15:04:42+01:00</td><td>2016-09-01T00:00:00+01:00</td><td/></tr><tr><td style=\"white-space:nowrap\">DEES<a name=\"TRE-R14-TypeDiplome-DEES\"> </a></td><td>Diplôme européen d'études spécialisées</td><td>2007-07-25T15:04:42+01:00</td><td>2016-09-01T00:00:00+01:00</td><td/></tr><tr><td style=\"white-space:nowrap\">DES<a name=\"TRE-R14-TypeDiplome-DES\"> </a></td><td>Diplôme d'études spécialisées</td><td>2007-07-25T15:04:42+01:00</td><td>2016-09-01T00:00:00+01:00</td><td/></tr><tr><td style=\"white-space:nowrap\">DESC1<a name=\"TRE-R14-TypeDiplome-DESC1\"> </a></td><td>Diplôme d'études spécialisées complémentaire groupe 1</td><td>2007-07-25T15:04:42+01:00</td><td>2016-09-01T00:00:00+01:00</td><td/></tr><tr><td style=\"white-space:nowrap\">DESC2<a name=\"TRE-R14-TypeDiplome-DESC2\"> </a></td><td>Diplôme d'études spécialisées complémentaire groupe 2</td><td>2007-07-25T15:04:42+01:00</td><td>2016-09-01T00:00:00+01:00</td><td/></tr><tr><td style=\"white-space:nowrap\">DU<a name=\"TRE-R14-TypeDiplome-DU\"> </a></td><td>Diplôme d'université (DU) ou inter-universitaire (DIU)</td><td>2007-07-25T15:04:42+01:00</td><td>2016-09-01T00:00:00+01:00</td><td/></tr><tr><td style=\"white-space:nowrap\">FST<a name=\"TRE-R14-TypeDiplome-FST\"> </a></td><td>Formation Spécialisée Transversale (FST)</td><td>2023-03-31T12:00:00+01:00</td><td>2023-03-31T12:00:00+01:00</td><td/></tr></table></div>"},"extension":[{"url":"http://hl7.org/fhir/StructureDefinition/resource-effectivePeriod","valuePeriod":{"start":"2013-06-28T00:00:00+01:00"}}],"url":"https://mos.esante.gouv.fr/NOS/TRE_R14-TypeDiplome/FHIR/TRE-R14-TypeDiplome","identifier":[{"value":"urn:oid:1.2.250.1.213.1.6.1.36"}],"version":"1.2.0","name":"TRE_R14-TypeDiplome","status":"active","date":"2023-12-15T12:00:00+01:00","publisher":"ANS","contact":[{"name":"ANS","telecom":[{"system":"url","value":"https://esante.gouv.fr"}]}],"description":"Type de diplôme","content":"complete","property":[{"code":"dateValid","description":"date de validité d'un code concept","type":"dateTime"},{"code":"dateMaj","description":"Date de mise à jour d'un code concept","type":"dateTime"},{"code":"dateFin","description":"Date de fin d'exploitation d'un code concept","type":"dateTime"}],"concept":[{"code":"ATT","display":"Attestation","designation":[{"use":{"code":"LibelleCourt"},"value":"Attestation"},{"use":{"code":"LibelleAdapte"},"value":"Attestation"}],"property":[{"code":"dateValid","valueDateTime":"2007-07-25T15:04:42+01:00"},{"code":"dateMaj","valueDateTime":"2008-02-28T00:00:00+01:00"}]},{"code":"AU","display":"Autre type de diplôme","designation":[{"use":{"code":"LibelleCourt"},"value":"Autre type de diplôme"},{"use":{"code":"LibelleAdapte"},"value":"Autre type de diplôme"}],"property":[{"code":"dateValid","valueDateTime":"2007-07-25T15:04:42+01:00"},{"code":"dateMaj","valueDateTime":"2016-09-01T00:00:00+01:00"}]},{"code":"CAPA","display":"Capacité","designation":[{"use":{"code":"LibelleCourt"},"value":"Capacité"},{"use":{"code":"LibelleAdapte"},"value":"Capacité"}],"property":[{"code":"dateValid","valueDateTime":"2007-07-25T15:04:42+01:00"},{"code":"dateMaj","valueDateTime":"2008-02-28T00:00:00+01:00"}]},{"code":"CES","display":"Certficat d'études spéciales","designation":[{"use":{"code":"LibelleCourt"},"value":"Certficat d'études spéciales"},{"use":{"code":"LibelleAdapte"},"value":"Certficat d'études spéciales"}],"property":[{"code":"dateValid","valueDateTime":"2007-07-25T15:04:42+01:00"},{"code":"dateMaj","valueDateTime":"2016-09-01T00:00:00+01:00"}]},{"code":"CQ","display":"Commission de qualification","designation":[{"use":{"code":"LibelleCourt"},"value":"Commission de qualification"},{"use":{"code":"LibelleAdapte"},"value":"Commission de qualification"}],"property":[{"code":"dateValid","valueDateTime":"2007-07-25T00:00:00+01:00"},{"code":"dateFin","valueDateTime":"2023-04-28T12:00:00+01:00"},{"code":"dateMaj","valueDateTime":"2023-04-28T12:00:00+01:00"}]},{"code":"D2C","display":"Diplôme de 2ième cycle non qualifiant","designation":[{"use":{"code":"LibelleCourt"},"value":"Diplôme 2ième cycle NQ"},{"use":{"code":"LibelleAdapte"},"value":"Diplôme de 2ième cycle non qualifiant"}],"property":[{"code":"dateValid","valueDateTime":"2017-03-22T12:00:00+01:00"},{"code":"dateMaj","valueDateTime":"2017-03-22T12:00:00+01:00"}]},{"code":"DAU","display":"Diplôme d'un pays hors UE et hors EEE","designation":[{"use":{"code":"LibelleCourt"},"value":"Diplôme pays hors EU, hors EEE"},{"use":{"code":"LibelleAdapte"},"value":"Diplôme d'un pays hors UE et hors EEE"}],"property":[{"code":"dateValid","valueDateTime":"2007-07-25T15:04:42+01:00"},{"code":"dateMaj","valueDateTime":"2016-09-01T00:00:00+01:00"}]},{"code":"DE","display":"Diplôme d'Etat français","designation":[{"use":{"code":"LibelleCourt"},"value":"Diplôme Etat français"},{"use":{"code":"LibelleAdapte"},"value":"Diplôme d'Etat français"}],"property":[{"code":"dateValid","valueDateTime":"2007-07-25T15:04:42+01:00"},{"code":"dateMaj","valueDateTime":"2016-09-01T00:00:00+01:00"}]},{"code":"DEEE","display":"Diplôme d'un pays de l'UE ou de l'EEE","designation":[{"use":{"code":"LibelleCourt"},"value":"Diplôme pays EU ou EEE"},{"use":{"code":"LibelleAdapte"},"value":"Diplôme d'un pays de l'UE ou de l'EEE"}],"property":[{"code":"dateValid","valueDateTime":"2007-07-25T15:04:42+01:00"},{"code":"dateMaj","valueDateTime":"2016-09-01T00:00:00+01:00"}]},{"code":"DEES","display":"Diplôme européen d'études spécialisées","designation":[{"use":{"code":"LibelleCourt"},"value":"Dip européen études spé"},{"use":{"code":"LibelleAdapte"},"value":"Diplôme européen d'études spécialisées"}],"property":[{"code":"dateValid","valueDateTime":"2007-07-25T15:04:42+01:00"},{"code":"dateMaj","valueDateTime":"2016-09-01T00:00:00+01:00"}]},{"code":"DES","display":"Diplôme d'études spécialisées","designation":[{"use":{"code":"LibelleCourt"},"value":"Dip études spécialisées"},{"use":{"code":"LibelleAdapte"},"value":"Diplôme d'études spécialisées"}],"property":[{"code":"dateValid","valueDateTime":"2007-07-25T15:04:42+01:00"},{"code":"dateMaj","valueDateTime":"2016-09-01T00:00:00+01:00"}]},{"code":"DESC1","display":"Diplôme d'études spécialisées complémentaire groupe 1","designation":[{"use":{"code":"LibelleCourt"},"value":"Dip études spé complém grpe 1"},{"use":{"code":"LibelleAdapte"},"value":"Diplôme d'études spécialisées complémentaire groupe 1"}],"property":[{"code":"dateValid","valueDateTime":"2007-07-25T15:04:42+01:00"},{"code":"dateMaj","valueDateTime":"2016-09-01T00:00:00+01:00"}]},{"code":"DESC2","display":"Diplôme d'études spécialisées complémentaire groupe 2","designation":[{"use":{"code":"LibelleCourt"},"value":"Dip études spé complém grpe 2"},{"use":{"code":"LibelleAdapte"},"value":"Diplôme d'études spécialisées complémentaire groupe 2"}],"property":[{"code":"dateValid","valueDateTime":"2007-07-25T15:04:42+01:00"},{"code":"dateMaj","valueDateTime":"2016-09-01T00:00:00+01:00"}]},{"code":"DU","display":"Diplôme d'université (DU) ou inter-universitaire (DIU)","designation":[{"use":{"code":"LibelleCourt"},"value":"Dip univ (DU) inter-univ (DIU)"},{"use":{"code":"LibelleAdapte"},"value":"Diplôme d'université (DU) ou inter-universitaire (DIU)"}],"property":[{"code":"dateValid","valueDateTime":"2007-07-25T15:04:42+01:00"},{"code":"dateMaj","valueDateTime":"2016-09-01T00:00:00+01:00"}]},{"code":"FST","display":"Formation Spécialisée Transversale (FST)","designation":[{"use":{"code":"LibelleCourt"},"value":"Form Spécialisée Transversale"},{"use":{"code":"LibelleAdapte"},"value":"Formation Spécialisée Transversale (FST)"}],"property":[{"code":"dateValid","valueDateTime":"2023-03-31T12:00:00+01:00"},{"code":"dateMaj","valueDateTime":"2023-03-31T12:00:00+01:00"}]}]}