{"resourceType":"ValueSet","id":"JDV-J48-ProfessionNonPS-CISIS","text":{"status":"extensions","div":"<div xmlns=\"http://www.w3.org/1999/xhtml\"><p class=\"res-header-id\"><b>Generated Narrative: ValueSet JDV-J48-ProfessionNonPS-CISIS</b></p><a name=\"JDV-J48-ProfessionNonPS-CISIS\"> </a><a name=\"hcJDV-J48-ProfessionNonPS-CISIS\"> </a><a name=\"JDV-J48-ProfessionNonPS-CISIS-en-US\"> </a><p>This value set includes codes based on the following rules:</p><ul><li>Include these codes as defined in <a href=\"CodeSystem-TRE-R95-UsagerTitre.html\"><code>https://mos.esante.gouv.fr/NOS/TRE_R95-UsagerTitre/FHIR/TRE-R95-UsagerTitre</code></a><table class=\"none\"><tr><td style=\"white-space:nowrap\"><b>Code</b></td><td><b>Display</b></td></tr><tr><td><a href=\"CodeSystem-TRE-R95-UsagerTitre.html#TRE-R95-UsagerTitre-71\">71</a></td><td>Ostéopathe</td></tr><tr><td><a href=\"CodeSystem-TRE-R95-UsagerTitre.html#TRE-R95-UsagerTitre-72\">72</a></td><td>Psychothérapeute</td></tr><tr><td><a href=\"CodeSystem-TRE-R95-UsagerTitre.html#TRE-R95-UsagerTitre-73\">73</a></td><td>Chiropracteur</td></tr><tr><td><a href=\"CodeSystem-TRE-R95-UsagerTitre.html#TRE-R95-UsagerTitre-93\">93</a></td><td>Psychologue</td></tr><tr><td><a href=\"CodeSystem-TRE-R95-UsagerTitre.html#TRE-R95-UsagerTitre-97\">97</a></td><td>Conseiller en génétique</td></tr></table></li><li>Include these codes as defined in <a href=\"CodeSystem-TRE-R94-ProfessionSocial.html\"><code>https://mos.esante.gouv.fr/NOS/TRE_R94-ProfessionSocial/FHIR/TRE-R94-ProfessionSocial</code></a><table class=\"none\"><tr><td style=\"white-space:nowrap\"><b>Code</b></td><td><b>Display</b></td></tr><tr><td><a href=\"CodeSystem-TRE-R94-ProfessionSocial.html#TRE-R94-ProfessionSocial-41\">41</a></td><td>Assistant de service social</td></tr><tr><td><a href=\"CodeSystem-TRE-R94-ProfessionSocial.html#TRE-R94-ProfessionSocial-42\">42</a></td><td>Auxiliaire de vie sociale</td></tr><tr><td><a href=\"CodeSystem-TRE-R94-ProfessionSocial.html#TRE-R94-ProfessionSocial-43\">43</a></td><td>Technicien de l'intervention sociale et familiale</td></tr><tr><td><a href=\"CodeSystem-TRE-R94-ProfessionSocial.html#TRE-R94-ProfessionSocial-44\">44</a></td><td>Conseiller en économie sociale et familiale</td></tr><tr><td><a href=\"CodeSystem-TRE-R94-ProfessionSocial.html#TRE-R94-ProfessionSocial-45\">45</a></td><td>Médiateur familial</td></tr><tr><td><a href=\"CodeSystem-TRE-R94-ProfessionSocial.html#TRE-R94-ProfessionSocial-46\">46</a></td><td>Assistant familial</td></tr><tr><td><a href=\"CodeSystem-TRE-R94-ProfessionSocial.html#TRE-R94-ProfessionSocial-47\">47</a></td><td>Aide médico-psychologique (AMP)</td></tr><tr><td><a href=\"CodeSystem-TRE-R94-ProfessionSocial.html#TRE-R94-ProfessionSocial-48\">48</a></td><td>Moniteur éducateur</td></tr><tr><td><a href=\"CodeSystem-TRE-R94-ProfessionSocial.html#TRE-R94-ProfessionSocial-49\">49</a></td><td>Educateur de jeunes enfants</td></tr><tr><td><a href=\"CodeSystem-TRE-R94-ProfessionSocial.html#TRE-R94-ProfessionSocial-51\">51</a></td><td>Educateur spécialisé</td></tr><tr><td><a href=\"CodeSystem-TRE-R94-ProfessionSocial.html#TRE-R94-ProfessionSocial-52\">52</a></td><td>Educateur technique spécialisé</td></tr><tr><td><a href=\"CodeSystem-TRE-R94-ProfessionSocial.html#TRE-R94-ProfessionSocial-53\">53</a></td><td>Accompagnant éducatif et social</td></tr></table></li><li>Include these codes as defined in <a href=\"CodeSystem-TRE-R85-RolePriseCharge.html\"><code>https://mos.esante.gouv.fr/NOS/TRE_R85-RolePriseCharge/FHIR/TRE-R85-RolePriseCharge</code></a><table class=\"none\"><tr><td style=\"white-space:nowrap\"><b>Code</b></td><td><b>Display</b></td><td><b>Definition</b></td></tr><tr><td><a href=\"CodeSystem-TRE-R85-RolePriseCharge.html#TRE-R85-RolePriseCharge-300\">300</a></td><td>Assistant de service social (PAERPA)</td><td/></tr><tr><td><a href=\"CodeSystem-TRE-R85-RolePriseCharge.html#TRE-R85-RolePriseCharge-301\">301</a></td><td>Coordination territoriale d'appui (PAERPA)</td><td/></tr><tr><td><a href=\"CodeSystem-TRE-R85-RolePriseCharge.html#TRE-R85-RolePriseCharge-302\">302</a></td><td>Aide et accompagnement à domicile (PAERPA)</td><td/></tr><tr><td><a href=\"CodeSystem-TRE-R85-RolePriseCharge.html#TRE-R85-RolePriseCharge-303\">303</a></td><td>Avocat participant aux processus de soins sans consentement (eSSS)</td><td/></tr><tr><td><a href=\"CodeSystem-TRE-R85-RolePriseCharge.html#TRE-R85-RolePriseCharge-304\">304</a></td><td>Assistant de service social (Expérimentation MAIA)</td><td/></tr><tr><td><a href=\"CodeSystem-TRE-R85-RolePriseCharge.html#TRE-R85-RolePriseCharge-305\">305</a></td><td>Psychologue (Expérimentation MAIA)</td><td/></tr><tr><td><a href=\"CodeSystem-TRE-R85-RolePriseCharge.html#TRE-R85-RolePriseCharge-306\">306</a></td><td>Psychothérapeute (Expérimentation MAIA)</td><td/></tr><tr><td><a href=\"CodeSystem-TRE-R85-RolePriseCharge.html#TRE-R85-RolePriseCharge-307\">307</a></td><td>Mandataire judiciaire à la protection des majeurs (MJPM)</td><td/></tr><tr><td><a href=\"CodeSystem-TRE-R85-RolePriseCharge.html#TRE-R85-RolePriseCharge-308\">308</a></td><td>Pilote MAIA</td><td/></tr><tr><td><a href=\"CodeSystem-TRE-R85-RolePriseCharge.html#TRE-R85-RolePriseCharge-309\">309</a></td><td>Gestionnaire de cas MAIA</td><td/></tr><tr><td><a href=\"CodeSystem-TRE-R85-RolePriseCharge.html#TRE-R85-RolePriseCharge-310\">310</a></td><td>Equipe médico-sociale APA</td><td/></tr><tr><td><a href=\"CodeSystem-TRE-R85-RolePriseCharge.html#TRE-R85-RolePriseCharge-311\">311</a></td><td>Autre acteur mettant en oeuvre la méthode MAIA</td><td/></tr><tr><td><a href=\"CodeSystem-TRE-R85-RolePriseCharge.html#TRE-R85-RolePriseCharge-312\">312</a></td><td>Autre professionnel</td><td>Code destiné aux professionnels sans obligation d'enregistrement dans le RPPS et pour lesquels la situation métier ne correspond à aucun autre code de la TRE.</td></tr><tr><td><a href=\"CodeSystem-TRE-R85-RolePriseCharge.html#TRE-R85-RolePriseCharge-313\">313</a></td><td>Aide-soignant</td><td>CSP Articles L4391-1 à L4391-6 https://www.insee.fr/fr/metadonnees/pcsese2017/rubriqueRegroupee/526a?champRecherche=true</td></tr><tr><td><a href=\"CodeSystem-TRE-R85-RolePriseCharge.html#TRE-R85-RolePriseCharge-314\">314</a></td><td>Ambulancier</td><td>CSP Articles L4393-1 à L4393-7 https://www.insee.fr/fr/metadonnees/pcsese2017/rubriqueRegroupee/526e?champRecherche=true</td></tr><tr><td><a href=\"CodeSystem-TRE-R85-RolePriseCharge.html#TRE-R85-RolePriseCharge-315\">315</a></td><td>Auxiliaire de puériculture</td><td>CSP Articles L4392-1 à L4392-6 https://www.insee.fr/fr/metadonnees/pcsese2017/rubriqueRegroupee/526c?champRecherche=true</td></tr><tr><td><a href=\"CodeSystem-TRE-R85-RolePriseCharge.html#TRE-R85-RolePriseCharge-316\">316</a></td><td>Préparateur en pharmacie hospitalière</td><td>CSP Articles L4241-1 à L4241-18 https://www.insee.fr/fr/metadonnees/pcsese2017/rubriqueRegroupee/526b?champRecherche=true</td></tr><tr><td><a href=\"CodeSystem-TRE-R85-RolePriseCharge.html#TRE-R85-RolePriseCharge-317\">317</a></td><td>Préparateur en pharmacie (officine)</td><td>CSP Articles L4241-1 à L4241-18 https://www.insee.fr/fr/metadonnees/pcsese2017/rubriqueRegroupee/433d?champRecherche=true</td></tr><tr><td><a href=\"CodeSystem-TRE-R85-RolePriseCharge.html#TRE-R85-RolePriseCharge-318\">318</a></td><td>Auxiliaire de vie sociale</td><td>CASF Article D451-92 https://www.insee.fr/fr/metadonnees/pcsese2017/rubriqueRegroupee/563b?champRecherche=true</td></tr><tr><td><a href=\"CodeSystem-TRE-R85-RolePriseCharge.html#TRE-R85-RolePriseCharge-319\">319</a></td><td>Technicien de l'intervention sociale et familiale</td><td>https://www.insee.fr/fr/metadonnees/pcsese2017/rubriqueRegroupee/526a?champRecherche=true</td></tr><tr><td><a href=\"CodeSystem-TRE-R85-RolePriseCharge.html#TRE-R85-RolePriseCharge-320\">320</a></td><td>Conseiller en économie sociale et familiale</td><td>CASF Articles D451-81 à D451-87 https://www.insee.fr/fr/metadonnees/pcsese2017/rubriqueRegroupee/563b?champRecherche=true</td></tr><tr><td><a href=\"CodeSystem-TRE-R85-RolePriseCharge.html#TRE-R85-RolePriseCharge-321\">321</a></td><td>Médiateur familial</td><td>CASF Articles D451-57-1 à D451-57-2 https://www.insee.fr/fr/metadonnees/pcsese2017/rubriqueRegroupee/434c?champRecherche=true</td></tr><tr><td><a href=\"CodeSystem-TRE-R85-RolePriseCharge.html#TRE-R85-RolePriseCharge-322\">322</a></td><td>Assistant familial</td><td>CASF Articles R451-66 à R451-72 https://www.insee.fr/fr/metadonnees/pcsese2017/rubriqueRegroupee/434c?champRecherche=true</td></tr><tr><td><a href=\"CodeSystem-TRE-R85-RolePriseCharge.html#TRE-R85-RolePriseCharge-323\">323</a></td><td>Aide médico-psychologique (AMP)</td><td>CASF Articles D451-100 à D451-104 https://www.insee.fr/fr/metadonnees/pcsese2017/rubriqueRegroupee/434c?champRecherche=true</td></tr><tr><td><a href=\"CodeSystem-TRE-R85-RolePriseCharge.html#TRE-R85-RolePriseCharge-324\">324</a></td><td>Moniteur éducateur</td><td>CASF Article D451-92 https://www.insee.fr/fr/metadonnees/pcsese2017/rubriqueRegroupee/526d?champRecherche=true</td></tr><tr><td><a href=\"CodeSystem-TRE-R85-RolePriseCharge.html#TRE-R85-RolePriseCharge-325\">325</a></td><td>Educateur de jeunes enfants</td><td>CASF Articles D451-73 à D451-78 https://www.insee.fr/fr/metadonnees/pcsese2017/rubriqueRegroupee/434e?champRecherche=true</td></tr><tr><td><a href=\"CodeSystem-TRE-R85-RolePriseCharge.html#TRE-R85-RolePriseCharge-326\">326</a></td><td>Educateur spécialisé</td><td>CASF Articles D451-47 à D451-47-1 https://www.insee.fr/fr/metadonnees/pcsese2017/rubriqueRegroupee/434g?champRecherche=true</td></tr><tr><td><a href=\"CodeSystem-TRE-R85-RolePriseCharge.html#TRE-R85-RolePriseCharge-327\">327</a></td><td>Educateur technique spécialisé</td><td>CASF Articles D451-41 à D451-41-1 https://www.insee.fr/fr/metadonnees/pcsese2017/rubriqueRegroupee/434f?champRecherche=true</td></tr><tr><td><a href=\"CodeSystem-TRE-R85-RolePriseCharge.html#TRE-R85-RolePriseCharge-328\">328</a></td><td>Accompagnant éducatif et social</td><td>CASF Articles D451-52 à D451-52-1 https://www.insee.fr/fr/metadonnees/pcsese2017/rubriqueRegroupee/434f?champRecherche=true</td></tr><tr><td><a href=\"CodeSystem-TRE-R85-RolePriseCharge.html#TRE-R85-RolePriseCharge-329\">329</a></td><td>Conseiller en génétique</td><td>CASF Articles D451-88 à D451-93 https://www.insee.fr/fr/metadonnees/pcsese2017/rubriqueRegroupee/422e?champRecherche=true</td></tr><tr><td><a href=\"CodeSystem-TRE-R85-RolePriseCharge.html#TRE-R85-RolePriseCharge-331\">331</a></td><td>Secrétaire médicale</td><td/></tr><tr><td><a href=\"CodeSystem-TRE-R85-RolePriseCharge.html#TRE-R85-RolePriseCharge-332\">332</a></td><td>Assistant médical</td><td/></tr><tr><td><a href=\"CodeSystem-TRE-R85-RolePriseCharge.html#TRE-R85-RolePriseCharge-333\">333</a></td><td>Responsable de secteur</td><td/></tr><tr><td><a href=\"CodeSystem-TRE-R85-RolePriseCharge.html#TRE-R85-RolePriseCharge-334\">334</a></td><td>Biologiste médical ni médecin ni pharmacien</td><td/></tr><tr><td><a href=\"CodeSystem-TRE-R85-RolePriseCharge.html#TRE-R85-RolePriseCharge-335\">335</a></td><td>Gestionnaire alertes et urgences sanitaires</td><td/></tr><tr><td><a href=\"CodeSystem-TRE-R85-RolePriseCharge.html#TRE-R85-RolePriseCharge-350\">350</a></td><td>Aide à domicile</td><td>CSP Articles L1132-1 à L1132-7</td></tr><tr><td><a href=\"CodeSystem-TRE-R85-RolePriseCharge.html#TRE-R85-RolePriseCharge-351\">351</a></td><td>Assistant(e) maternel(le)</td><td/></tr></table></li></ul></div>"},"extension":[{"url":"http://hl7.org/fhir/StructureDefinition/resource-effectivePeriod","valuePeriod":{"start":"2018-03-30T12:00:00+01:00"}}],"url":"https://mos.esante.gouv.fr/NOS/JDV_J48-ProfessionNonPS-CISIS/FHIR/JDV-J48-ProfessionNonPS-CISIS","identifier":[{"value":"urn:oid:1.2.250.1.213.1.1.5.123"}],"version":"1.3.0","name":"JDV_J48-ProfessionNonPS-CISIS","status":"active","date":"2024-04-26T12:00:00+01:00","publisher":"ANS","contact":[{"name":"ANS","telecom":[{"system":"url","value":"https://esante.gouv.fr"}]}],"description":"Jeux de Valeurs des professions/spécialités des Non Ps","compose":{"include":[{"system":"https://mos.esante.gouv.fr/NOS/TRE_R95-UsagerTitre/FHIR/TRE-R95-UsagerTitre","concept":[{"code":"71","display":"Ostéopathe","designation":[{"use":{"code":"OID"},"value":"urn:oid:1.2.250.1.213.1.6.1.109"}]},{"code":"72","display":"Psychothérapeute","designation":[{"use":{"code":"OID"},"value":"urn:oid:1.2.250.1.213.1.6.1.109"}]},{"code":"73","display":"Chiropracteur","designation":[{"use":{"code":"OID"},"value":"urn:oid:1.2.250.1.213.1.6.1.109"}]},{"code":"93","display":"Psychologue","designation":[{"use":{"code":"OID"},"value":"urn:oid:1.2.250.1.213.1.6.1.109"}]},{"code":"97","display":"Conseiller en génétique","designation":[{"use":{"code":"OID"},"value":"urn:oid:1.2.250.1.213.1.6.1.109"}]}]},{"system":"https://mos.esante.gouv.fr/NOS/TRE_R94-ProfessionSocial/FHIR/TRE-R94-ProfessionSocial","concept":[{"code":"41","display":"Assistant de service social","designation":[{"use":{"code":"OID"},"value":"urn:oid:1.2.250.1.213.1.6.1.4"}]},{"code":"42","display":"Auxiliaire de vie sociale","designation":[{"use":{"code":"OID"},"value":"urn:oid:1.2.250.1.213.1.6.1.4"}]},{"code":"43","display":"Technicien de l'intervention sociale et familiale","designation":[{"use":{"code":"OID"},"value":"urn:oid:1.2.250.1.213.1.6.1.4"}]},{"code":"44","display":"Conseiller en économie sociale et familiale","designation":[{"use":{"code":"OID"},"value":"urn:oid:1.2.250.1.213.1.6.1.4"}]},{"code":"45","display":"Médiateur familial","designation":[{"use":{"code":"OID"},"value":"urn:oid:1.2.250.1.213.1.6.1.4"}]},{"code":"46","display":"Assistant familial","designation":[{"use":{"code":"OID"},"value":"urn:oid:1.2.250.1.213.1.6.1.4"}]},{"code":"47","display":"Aide médico-psychologique (AMP)","designation":[{"use":{"code":"OID"},"value":"urn:oid:1.2.250.1.213.1.6.1.4"}]},{"code":"48","display":"Moniteur éducateur","designation":[{"use":{"code":"OID"},"value":"urn:oid:1.2.250.1.213.1.6.1.4"}]},{"code":"49","display":"Educateur de jeunes enfants","designation":[{"use":{"code":"OID"},"value":"urn:oid:1.2.250.1.213.1.6.1.4"}]},{"code":"51","display":"Educateur spécialisé","designation":[{"use":{"code":"OID"},"value":"urn:oid:1.2.250.1.213.1.6.1.4"}]},{"code":"52","display":"Educateur technique spécialisé","designation":[{"use":{"code":"OID"},"value":"urn:oid:1.2.250.1.213.1.6.1.4"}]},{"code":"53","display":"Accompagnant éducatif et social","designation":[{"use":{"code":"OID"},"value":"urn:oid:1.2.250.1.213.1.6.1.4"}]}]},{"system":"https://mos.esante.gouv.fr/NOS/TRE_R85-RolePriseCharge/FHIR/TRE-R85-RolePriseCharge","concept":[{"code":"300","display":"Assistant de service social (PAERPA)","designation":[{"use":{"code":"OID"},"value":"urn:oid:1.2.250.1.213.1.6.1.107"}]},{"code":"301","display":"Coordination territoriale d'appui (PAERPA)","designation":[{"use":{"code":"OID"},"value":"urn:oid:1.2.250.1.213.1.6.1.107"}]},{"code":"302","display":"Aide et accompagnement à domicile (PAERPA)","designation":[{"use":{"code":"OID"},"value":"urn:oid:1.2.250.1.213.1.6.1.107"}]},{"code":"303","display":"Avocat participant aux processus de soins sans consentement (eSSS)","designation":[{"use":{"code":"OID"},"value":"urn:oid:1.2.250.1.213.1.6.1.107"}]},{"code":"304","display":"Assistant de service social (Expérimentation MAIA)","designation":[{"use":{"code":"OID"},"value":"urn:oid:1.2.250.1.213.1.6.1.107"}]},{"code":"305","display":"Psychologue (Expérimentation MAIA)","designation":[{"use":{"code":"OID"},"value":"urn:oid:1.2.250.1.213.1.6.1.107"}]},{"code":"306","display":"Psychothérapeute (Expérimentation MAIA)","designation":[{"use":{"code":"OID"},"value":"urn:oid:1.2.250.1.213.1.6.1.107"}]},{"code":"307","display":"Mandataire judiciaire à la protection des majeurs (MJPM)","designation":[{"use":{"code":"OID"},"value":"urn:oid:1.2.250.1.213.1.6.1.107"}]},{"code":"308","display":"Pilote MAIA","designation":[{"use":{"code":"OID"},"value":"urn:oid:1.2.250.1.213.1.6.1.107"}]},{"code":"309","display":"Gestionnaire de cas MAIA","designation":[{"use":{"code":"OID"},"value":"urn:oid:1.2.250.1.213.1.6.1.107"}]},{"code":"310","display":"Equipe médico-sociale APA","designation":[{"use":{"code":"OID"},"value":"urn:oid:1.2.250.1.213.1.6.1.107"}]},{"code":"311","display":"Autre acteur mettant en oeuvre la méthode MAIA","designation":[{"use":{"code":"OID"},"value":"urn:oid:1.2.250.1.213.1.6.1.107"}]},{"code":"312","display":"Autre professionnel","designation":[{"use":{"code":"OID"},"value":"urn:oid:1.2.250.1.213.1.6.1.107"}]},{"code":"313","display":"Aide-soignant","designation":[{"use":{"code":"OID"},"value":"urn:oid:1.2.250.1.213.1.6.1.107"}]},{"code":"314","display":"Ambulancier","designation":[{"use":{"code":"OID"},"value":"urn:oid:1.2.250.1.213.1.6.1.107"}]},{"code":"315","display":"Auxiliaire de puériculture","designation":[{"use":{"code":"OID"},"value":"urn:oid:1.2.250.1.213.1.6.1.107"}]},{"code":"316","display":"Préparateur en pharmacie hospitalière","designation":[{"use":{"code":"OID"},"value":"urn:oid:1.2.250.1.213.1.6.1.107"}]},{"code":"317","display":"Préparateur en pharmacie (officine)","designation":[{"use":{"code":"OID"},"value":"urn:oid:1.2.250.1.213.1.6.1.107"}]},{"code":"318","display":"Auxiliaire de vie sociale","designation":[{"use":{"code":"OID"},"value":"urn:oid:1.2.250.1.213.1.6.1.107"}]},{"code":"319","display":"Technicien de l'intervention sociale et familiale","designation":[{"use":{"code":"OID"},"value":"urn:oid:1.2.250.1.213.1.6.1.107"}]},{"code":"320","display":"Conseiller en économie sociale et familiale","designation":[{"use":{"code":"OID"},"value":"urn:oid:1.2.250.1.213.1.6.1.107"}]},{"code":"321","display":"Médiateur familial","designation":[{"use":{"code":"OID"},"value":"urn:oid:1.2.250.1.213.1.6.1.107"}]},{"code":"322","display":"Assistant familial","designation":[{"use":{"code":"OID"},"value":"urn:oid:1.2.250.1.213.1.6.1.107"}]},{"code":"323","display":"Aide médico-psychologique (AMP)","designation":[{"use":{"code":"OID"},"value":"urn:oid:1.2.250.1.213.1.6.1.107"}]},{"code":"324","display":"Moniteur éducateur","designation":[{"use":{"code":"OID"},"value":"urn:oid:1.2.250.1.213.1.6.1.107"}]},{"code":"325","display":"Educateur de jeunes enfants","designation":[{"use":{"code":"OID"},"value":"urn:oid:1.2.250.1.213.1.6.1.107"}]},{"code":"326","display":"Educateur spécialisé","designation":[{"use":{"code":"OID"},"value":"urn:oid:1.2.250.1.213.1.6.1.107"}]},{"code":"327","display":"Educateur technique spécialisé","designation":[{"use":{"code":"OID"},"value":"urn:oid:1.2.250.1.213.1.6.1.107"}]},{"code":"328","display":"Accompagnant éducatif et social","designation":[{"use":{"code":"OID"},"value":"urn:oid:1.2.250.1.213.1.6.1.107"}]},{"code":"329","display":"Conseiller en génétique","designation":[{"use":{"code":"OID"},"value":"urn:oid:1.2.250.1.213.1.6.1.107"}]},{"code":"331","display":"Secrétaire médicale","designation":[{"use":{"code":"OID"},"value":"urn:oid:1.2.250.1.213.1.6.1.107"}]},{"code":"332","display":"Assistant médical","designation":[{"use":{"code":"OID"},"value":"urn:oid:1.2.250.1.213.1.6.1.107"}]},{"code":"333","display":"Responsable de secteur","designation":[{"use":{"code":"OID"},"value":"urn:oid:1.2.250.1.213.1.6.1.107"}]},{"code":"334","display":"Biologiste médical ni médecin ni pharmacien","designation":[{"use":{"code":"OID"},"value":"urn:oid:1.2.250.1.213.1.6.1.107"}]},{"code":"335","display":"Gestionnaire alertes et urgences sanitaires","designation":[{"use":{"code":"OID"},"value":"urn:oid:1.2.250.1.213.1.6.1.107"}]},{"code":"350","display":"Aide à domicile","designation":[{"use":{"code":"OID"},"value":"urn:oid:1.2.250.1.213.1.6.1.107"}]},{"code":"351","display":"Assistant(e) maternel(le)","designation":[{"use":{"code":"OID"},"value":"urn:oid:1.2.250.1.213.1.6.1.107"}]}]}]}}