{"resourceType":"ValueSet","id":"JDV-J22-RestrictionAudienceVIHF-CISIS","text":{"status":"generated","div":"<div xmlns=\"http://www.w3.org/1999/xhtml\"><ul><li>Include these codes as defined in <a href=\"CodeSystem-TRE-A07-StatutVisibiliteDocument.html\"><code>https://mos.esante.gouv.fr/NOS/TRE_A07-StatutVisibiliteDocument/FHIR/TRE-A07-StatutVisibiliteDocument</code></a><table class=\"none\"><tr><td style=\"white-space:nowrap\"><b>Code</b></td><td><b>Display</b></td></tr><tr><td><a href=\"CodeSystem-TRE-A07-StatutVisibiliteDocument.html#TRE-A07-StatutVisibiliteDocument-INVISIBLE_REPRESENTANTS_LEGAUX\">INVISIBLE_REPRESENTANTS_LEGAUX</a></td><td>Non visible par les représentants légaux du patient</td></tr></table></li></ul></div>"},"extension":[{"url":"http://hl7.org/fhir/StructureDefinition/resource-effectivePeriod","valuePeriod":{"start":"2017-07-07T10:00:00+01:00"}}],"url":"https://mos.esante.gouv.fr/NOS/JDV_J22-RestrictionAudienceVIHF-CISIS/FHIR/JDV-J22-RestrictionAudienceVIHF-CISIS","identifier":[{"value":"urn:oid:1.2.250.1.213.1.1.5.469"}],"version":"1.5.0","name":"JDV_J22-RestrictionAudienceVIHF-CISIS","status":"active","date":"2020-04-24T12:00:00+01:00","publisher":"ANS","contact":[{"name":"ANS","telecom":[{"system":"url","value":"https://esante.gouv.fr"}]}],"description":"Restriction d'audience pour les traces des VIHF","compose":{"include":[{"system":"https://mos.esante.gouv.fr/NOS/TRE_A07-StatutVisibiliteDocument/FHIR/TRE-A07-StatutVisibiliteDocument","concept":[{"code":"INVISIBLE_REPRESENTANTS_LEGAUX","display":"Non visible par les représentants légaux du patient","designation":[{"use":{"code":"OID"},"value":"urn:oid:1.2.250.1.213.1.1.4.13"}]}]}]}}