{"resourceType":"ValueSet","id":"JDV-J143-AdministrativeGender-CISIS","text":{"status":"generated","div":"<div xmlns=\"http://www.w3.org/1999/xhtml\"><p class=\"res-header-id\"><b>Generated Narrative: ValueSet JDV-J143-AdministrativeGender-CISIS</b></p><a name=\"JDV-J143-AdministrativeGender-CISIS\"> </a><a name=\"hcJDV-J143-AdministrativeGender-CISIS\"> </a><a name=\"JDV-J143-AdministrativeGender-CISIS-en-US\"> </a><ul><li>Include these codes as defined in <a href=\"CodeSystem-TRE-R303-HL7v3AdministrativeGender.html\"><code>https://mos.esante.gouv.fr/NOS/TRE_R303-HL7v3AdministrativeGender/FHIR/TRE-R303-HL7v3AdministrativeGender</code></a><table class=\"none\"><tr><td style=\"white-space:nowrap\"><b>Code</b></td><td><b>Display</b></td></tr><tr><td><a href=\"CodeSystem-TRE-R303-HL7v3AdministrativeGender.html#TRE-R303-HL7v3AdministrativeGender-F\">F</a></td><td>Féminin</td></tr><tr><td><a href=\"CodeSystem-TRE-R303-HL7v3AdministrativeGender.html#TRE-R303-HL7v3AdministrativeGender-M\">M</a></td><td>Masculin</td></tr><tr><td><a href=\"CodeSystem-TRE-R303-HL7v3AdministrativeGender.html#TRE-R303-HL7v3AdministrativeGender-UN\">UN</a></td><td>Inconnu</td></tr></table></li></ul></div>"},"extension":[{"url":"http://hl7.org/fhir/StructureDefinition/resource-effectivePeriod","valuePeriod":{"start":"2021-03-26T12:00:00+01:00"}}],"url":"https://mos.esante.gouv.fr/NOS/JDV_J143-AdministrativeGender-CISIS/FHIR/JDV-J143-AdministrativeGender-CISIS","identifier":[{"value":"urn:oid:1.2.250.1.213.1.1.5.590"}],"version":"1.3.0","name":"JDV_J143-AdministrativeGender-CISIS","status":"active","date":"2021-03-26T12:00:00+01:00","publisher":"ANS","contact":[{"name":"ANS","telecom":[{"system":"url","value":"https://esante.gouv.fr"}]}],"description":"Sexe administratif CI-SIS","compose":{"include":[{"system":"https://mos.esante.gouv.fr/NOS/TRE_R303-HL7v3AdministrativeGender/FHIR/TRE-R303-HL7v3AdministrativeGender","concept":[{"code":"F","display":"Féminin","designation":[{"use":{"code":"OID"},"value":"urn:oid:2.16.840.1.113883.5.1"}]},{"code":"M","display":"Masculin","designation":[{"use":{"code":"OID"},"value":"urn:oid:2.16.840.1.113883.5.1"}]},{"code":"UN","display":"Inconnu","designation":[{"use":{"code":"OID"},"value":"urn:oid:2.16.840.1.113883.5.1"}]}]}]}}