<?xml version="1.0" encoding="UTF-8"?>

<ConceptMap xmlns="http://hl7.org/fhir">
  <id value="ConceptMap-mos-cdl"/>
  <text>
    <status value="generated"/><div xmlns="http://www.w3.org/1999/xhtml"><p class="res-header-id"><b>Generated Narrative: ConceptMap ConceptMap-mos-cdl</b></p><a name="ConceptMap-mos-cdl"> </a><a name="hcConceptMap-mos-cdl"> </a><a name="ConceptMap-mos-cdl-en-US"> </a><p>Mapping from https://mos.esante.gouv.fr to https://hl7.fr/ig/fhir/core</p><br/><p><b>Group 1 </b>Mapping from <code>https://mos.esante.gouv.fr/12.html</code> to <a href="https://hl7.fr/ig/fhir/core/2.0.1/StructureDefinition-fr-core-related-person.html">FR Core Related Person Profile</a></p><table class="grid"><tr><td><b>Source Code</b></td><td><b>Relationship</b></td><td><b>Target Code</b></td></tr><tr><td>Contact.IdContact</td><td><a href="http://hl7.org/fhir/extensions/5.1.0/CodeSystem-concept-map-equivalence.html#relatedto" title="relatedto">is related to</a></td><td>RelatedPerson.identifier</td></tr><tr><td>Contact.adresse</td><td><a href="http://hl7.org/fhir/extensions/5.1.0/CodeSystem-concept-map-equivalence.html#relatedto" title="relatedto">is related to</a></td><td>RelatedPerson.address</td></tr><tr><td>Contact.telecommunication</td><td><a href="http://hl7.org/fhir/extensions/5.1.0/CodeSystem-concept-map-equivalence.html#relatedto" title="relatedto">is related to</a></td><td>RelatedPerson.telecom</td></tr><tr><td>PersonnePhysique.nomFamille</td><td><a href="http://hl7.org/fhir/extensions/5.1.0/CodeSystem-concept-map-equivalence.html#relatedto" title="relatedto">is related to</a></td><td>RelatedPerson.name.family</td></tr><tr><td>PersonnePhysique.prenomUsuel</td><td><a href="http://hl7.org/fhir/extensions/5.1.0/CodeSystem-concept-map-equivalence.html#relatedto" title="relatedto">is related to</a></td><td>RelatedPerson.name.given</td></tr></table><hr/><p><b>Group 2 </b>Mapping from <code>https://mos.esante.gouv.fr/12.html</code> to <a href="https://hl7.fr/ig/fhir/core/2.0.1/StructureDefinition-fr-core-practitioner.html">FR Core Practitioner Profile</a></p><table class="grid"><tr><td><b>Source Code</b></td><td><b>Relationship</b></td><td><b>Target Code</b></td></tr><tr><td>Professionnel.idPP</td><td><a href="http://hl7.org/fhir/extensions/5.1.0/CodeSystem-concept-map-equivalence.html#relatedto" title="relatedto">is related to</a></td><td>Practitioner.identifier</td></tr><tr><td>Professionnel.adresseCorrespondance</td><td><a href="http://hl7.org/fhir/extensions/5.1.0/CodeSystem-concept-map-equivalence.html#relatedto" title="relatedto">is related to</a></td><td>Practitioner.address</td></tr><tr><td>Professionnel.telecommunication</td><td><a href="http://hl7.org/fhir/extensions/5.1.0/CodeSystem-concept-map-equivalence.html#relatedto" title="relatedto">is related to</a></td><td>Practitioner.telecom</td></tr><tr><td>PersonnePhysique.nomFamille</td><td><a href="http://hl7.org/fhir/extensions/5.1.0/CodeSystem-concept-map-equivalence.html#relatedto" title="relatedto">is related to</a></td><td>Practitioner.name.family</td></tr><tr><td>PersonnePhysique.prenomUsuel</td><td><a href="http://hl7.org/fhir/extensions/5.1.0/CodeSystem-concept-map-equivalence.html#relatedto" title="relatedto">is related to</a></td><td>Practitioner.name.given</td></tr></table><hr/><p><b>Group 3 </b>Mapping from <code>https://mos.esante.gouv.fr/12.html</code> to <code>https://hl7.fr/ig/fhir/core/StructureDefinition/fr-core-practitioner-role</code></p><table class="grid"><tr><td><b>Source Code</b></td><td><b>Relationship</b></td><td><b>Target Code</b></td></tr><tr><td>ExerciceProfessionnel.profession</td><td><a href="http://hl7.org/fhir/extensions/5.1.0/CodeSystem-concept-map-equivalence.html#relatedto" title="relatedto">is related to</a></td><td>PractitionerRole.code</td></tr></table><hr/><p><b>Group 4 </b>Mapping from <code>https://mos.esante.gouv.fr/12.html</code> to <a href="https://hl7.fr/ig/fhir/core/2.0.1/StructureDefinition-fr-core-organization.html">FR Core Organization Profile</a></p><table class="grid"><tr><td><b>Source Code</b></td><td><b>Relationship</b></td><td><b>Target Code</b></td></tr><tr><td>EntiteGeographique.numFINESS</td><td><a href="http://hl7.org/fhir/extensions/5.1.0/CodeSystem-concept-map-equivalence.html#relatedto" title="relatedto">is related to</a></td><td>Organization.identifier</td></tr><tr><td>EntiteGeographique.secteurActivite</td><td><a href="http://hl7.org/fhir/extensions/5.1.0/CodeSystem-concept-map-equivalence.html#relatedto" title="relatedto">is related to</a></td><td>Organization.type</td></tr><tr><td>EntiteGeographique.adresseEG</td><td><a href="http://hl7.org/fhir/extensions/5.1.0/CodeSystem-concept-map-equivalence.html#relatedto" title="relatedto">is related to</a></td><td>Organization.address</td></tr><tr><td>EntiteGeographique.telecommunication</td><td><a href="http://hl7.org/fhir/extensions/5.1.0/CodeSystem-concept-map-equivalence.html#relatedto" title="relatedto">is related to</a></td><td>Organization.telecom</td></tr><tr><td>EntiteGeographique.denominationEG</td><td><a href="http://hl7.org/fhir/extensions/5.1.0/CodeSystem-concept-map-equivalence.html#relatedto" title="relatedto">is related to</a></td><td>Organization.name</td></tr></table><hr/><p><b>Group 5 </b>Mapping from <code>https://mos.esante.gouv.fr/12.html</code> to <a href="https://hl7.fr/ig/fhir/core/2.0.1/StructureDefinition-fr-core-patient.html">FR Core Patient Profile</a></p><table class="grid"><tr><td><b>Source Code</b></td><td><b>Relationship</b></td><td><b>Target Code</b></td></tr><tr><td>PersonnePriseEnCharge.idPersonnePriseEnCharge</td><td><a href="http://hl7.org/fhir/extensions/5.1.0/CodeSystem-concept-map-equivalence.html#relatedto" title="relatedto">is related to</a></td><td>Patient.identifier</td></tr><tr><td>PersonnePriseEnCharge.adresseCorrespondance</td><td><a href="http://hl7.org/fhir/extensions/5.1.0/CodeSystem-concept-map-equivalence.html#relatedto" title="relatedto">is related to</a></td><td>Patient.address</td></tr><tr><td>PersonnePriseEnCharge.telecommunication</td><td><a href="http://hl7.org/fhir/extensions/5.1.0/CodeSystem-concept-map-equivalence.html#relatedto" title="relatedto">is related to</a></td><td>Patient.telecom</td></tr><tr><td>Patient.idPatient</td><td><a href="http://hl7.org/fhir/extensions/5.1.0/CodeSystem-concept-map-equivalence.html#relatedto" title="relatedto">is related to</a></td><td>Patient.identifier</td></tr><tr><td>Patient.adresseCorrespondance</td><td><a href="http://hl7.org/fhir/extensions/5.1.0/CodeSystem-concept-map-equivalence.html#relatedto" title="relatedto">is related to</a></td><td>Patient.address</td></tr><tr><td>Patient.telecommunication</td><td><a href="http://hl7.org/fhir/extensions/5.1.0/CodeSystem-concept-map-equivalence.html#relatedto" title="relatedto">is related to</a></td><td>Patient.telecom</td></tr><tr><td>PersonnePhysique.nomFamille</td><td><a href="http://hl7.org/fhir/extensions/5.1.0/CodeSystem-concept-map-equivalence.html#relatedto" title="relatedto">is related to</a></td><td>Patient.name.family</td></tr><tr><td>PersonnePhysique.telecommunication</td><td><a href="http://hl7.org/fhir/extensions/5.1.0/CodeSystem-concept-map-equivalence.html#relatedto" title="relatedto">is related to</a></td><td>Patient.name.given</td></tr></table><hr/><p><b>Group 6 </b>Mapping from <code>https://mos.esante.gouv.fr/12.html</code> to <a href="http://hl7.org/fhir/R4/device.html">Device</a></p><table class="grid"><tr><td><b>Source Code</b></td><td><b>Relationship</b></td><td><b>Target Code</b></td></tr><tr><td>RessourceMaterielle.libelle</td><td><a href="http://hl7.org/fhir/extensions/5.1.0/CodeSystem-concept-map-equivalence.html#relatedto" title="relatedto">is related to</a></td><td>Device.deviceName.name</td></tr><tr><td>RessourceMaterielle.reference</td><td><a href="http://hl7.org/fhir/extensions/5.1.0/CodeSystem-concept-map-equivalence.html#relatedto" title="relatedto">is related to</a></td><td>Device.modelNumber</td></tr></table></div>
  </text>
  <url value="https://interop.esante.gouv.fr/ig/fhir/cdl/ConceptMap/ConceptMap-mos-cdl"/>
  <version value="3.0.0"/>
  <name value="ConceptMapMOS2CDL"/>
  <title value="MOS to FHIR CDL"/>
  <status value="draft"/>
  <experimental value="true"/>
  <date value="2025-02-06T16:22:12+00:00"/>
  <publisher value="ANS"/>
  <contact>
    <name value="ANS"/>
    <telecom>
      <system value="url"/>
      <value value="https://esante.gouv.fr"/>
    </telecom>
  </contact>
  <description value="Mapping entre le MOS et les profils cahiers de liaison pour les profils qui ne sont pas présents dans ce guide."/>
  <purpose value="Donner un indice fonctionnel du mapping entre FHIR et MOS."/>
  <sourceUri value="https://mos.esante.gouv.fr"/>
  <targetUri value="https://hl7.fr/ig/fhir/core"/>
  <group>
    <source value="https://mos.esante.gouv.fr/12.html"/>
    <target value="https://hl7.fr/ig/fhir/core/StructureDefinition/fr-core-related-person"/>
    <element>
      <code value="Contact.IdContact"/>
      <display value="Contact.IdContact"/>
      <target>
        <code value="RelatedPerson.identifier"/>
        <display value="RelatedPerson.identifier"/>
        <equivalence value="relatedto"/>
      </target>
    </element>
    <element>
      <code value="Contact.adresse"/>
      <display value="Contact.adresse"/>
      <target>
        <code value="RelatedPerson.address"/>
        <display value="RelatedPerson.address"/>
        <equivalence value="relatedto"/>
      </target>
    </element>
    <element>
      <code value="Contact.telecommunication"/>
      <display value="Contact.telecommunication"/>
      <target>
        <code value="RelatedPerson.telecom"/>
        <display value="RelatedPerson.telecom"/>
        <equivalence value="relatedto"/>
      </target>
    </element>
    <element>
      <code value="PersonnePhysique.nomFamille"/>
      <display value="PersonnePhysique.nomFamille"/>
      <target>
        <code value="RelatedPerson.name.family"/>
        <display value="RelatedPerson.name.family"/>
        <equivalence value="relatedto"/>
      </target>
    </element>
    <element>
      <code value="PersonnePhysique.prenomUsuel"/>
      <display value="PersonnePhysique.prenomUsuel"/>
      <target>
        <code value="RelatedPerson.name.given"/>
        <display value="RelatedPerson.name.given"/>
        <equivalence value="relatedto"/>
      </target>
    </element>
  </group>
  <group>
    <source value="https://mos.esante.gouv.fr/12.html"/>
    <target value="https://hl7.fr/ig/fhir/core/StructureDefinition/fr-core-practitioner"/>
    <element>
      <code value="Professionnel.idPP"/>
      <display value="Professionnel.idPP"/>
      <target>
        <code value="Practitioner.identifier"/>
        <display value="Practitioner.identifier"/>
        <equivalence value="relatedto"/>
      </target>
    </element>
    <element>
      <code value="Professionnel.adresseCorrespondance"/>
      <display value="Professionnel.adresseCorrespondance"/>
      <target>
        <code value="Practitioner.address"/>
        <display value="Practitioner.address"/>
        <equivalence value="relatedto"/>
      </target>
    </element>
    <element>
      <code value="Professionnel.telecommunication"/>
      <display value="Professionnel.telecommunication"/>
      <target>
        <code value="Practitioner.telecom"/>
        <display value="Practitioner.telecom"/>
        <equivalence value="relatedto"/>
      </target>
    </element>
    <element>
      <code value="PersonnePhysique.nomFamille"/>
      <display value="PersonnePhysique.nomFamille"/>
      <target>
        <code value="Practitioner.name.family"/>
        <display value="Practitioner.name.family"/>
        <equivalence value="relatedto"/>
      </target>
    </element>
    <element>
      <code value="PersonnePhysique.prenomUsuel"/>
      <display value="PersonnePhysique.prenomUsuel"/>
      <target>
        <code value="Practitioner.name.given"/>
        <display value="Practitioner.name.given"/>
        <equivalence value="relatedto"/>
      </target>
    </element>
  </group>
  <group>
    <source value="https://mos.esante.gouv.fr/12.html"/>
    <target value="https://hl7.fr/ig/fhir/core/StructureDefinition/fr-core-practitioner-role"/>
    <element>
      <code value="ExerciceProfessionnel.profession"/>
      <display value="ExerciceProfessionnel.profession"/>
      <target>
        <code value="PractitionerRole.code"/>
        <display value="PractitionerRole.code"/>
        <equivalence value="relatedto"/>
      </target>
    </element>
  </group>
  <group>
    <source value="https://mos.esante.gouv.fr/12.html"/>
    <target value="https://hl7.fr/ig/fhir/core/StructureDefinition/fr-core-organization"/>
    <element>
      <code value="EntiteGeographique.numFINESS"/>
      <display value="EntiteGeographique.numFINESS"/>
      <target>
        <code value="Organization.identifier"/>
        <display value="Organization.identifier"/>
        <equivalence value="relatedto"/>
      </target>
    </element>
    <element>
      <code value="EntiteGeographique.secteurActivite"/>
      <display value="EntiteGeographique.secteurActivite"/>
      <target>
        <code value="Organization.type"/>
        <display value="Organization.type"/>
        <equivalence value="relatedto"/>
      </target>
    </element>
    <element>
      <code value="EntiteGeographique.adresseEG"/>
      <display value="EntiteGeographique.adresseEG"/>
      <target>
        <code value="Organization.address"/>
        <display value="Organization.address"/>
        <equivalence value="relatedto"/>
      </target>
    </element>
    <element>
      <code value="EntiteGeographique.telecommunication"/>
      <display value="EntiteGeographique.telecommunication"/>
      <target>
        <code value="Organization.telecom"/>
        <display value="Organization.telecom"/>
        <equivalence value="relatedto"/>
      </target>
    </element>
    <element>
      <code value="EntiteGeographique.denominationEG"/>
      <display value="EntiteGeographique.denominationEG"/>
      <target>
        <code value="Organization.name"/>
        <display value="Organization.name"/>
        <equivalence value="relatedto"/>
      </target>
    </element>
  </group>
  <group>
    <source value="https://mos.esante.gouv.fr/12.html"/>
    <target value="https://hl7.fr/ig/fhir/core/StructureDefinition/fr-core-patient"/>
    <element>
      <code value="PersonnePriseEnCharge.idPersonnePriseEnCharge"/>
      <display value="PersonnePriseEnCharge.idPersonnePriseEnCharge"/>
      <target>
        <code value="Patient.identifier"/>
        <display value="Patient.identifier"/>
        <equivalence value="relatedto"/>
      </target>
    </element>
    <element>
      <code value="PersonnePriseEnCharge.adresseCorrespondance"/>
      <display value="PersonnePriseEnCharge.adresseCorrespondance"/>
      <target>
        <code value="Patient.address"/>
        <display value="Patient.address"/>
        <equivalence value="relatedto"/>
      </target>
    </element>
    <element>
      <code value="PersonnePriseEnCharge.telecommunication"/>
      <display value="PersonnePriseEnCharge.telecommunication"/>
      <target>
        <code value="Patient.telecom"/>
        <display value="Patient.telecom"/>
        <equivalence value="relatedto"/>
      </target>
    </element>
    <element>
      <code value="Patient.idPatient"/>
      <display value="Patient.idPatient"/>
      <target>
        <code value="Patient.identifier"/>
        <display value="Patient.identifier"/>
        <equivalence value="relatedto"/>
      </target>
    </element>
    <element>
      <code value="Patient.adresseCorrespondance"/>
      <display value="Patient.adresseCorrespondance"/>
      <target>
        <code value="Patient.address"/>
        <display value="Patient.address"/>
        <equivalence value="relatedto"/>
      </target>
    </element>
    <element>
      <code value="Patient.telecommunication"/>
      <display value="Patient.telecommunication"/>
      <target>
        <code value="Patient.telecom"/>
        <display value="Patient.telecom"/>
        <equivalence value="relatedto"/>
      </target>
    </element>
    <element>
      <code value="PersonnePhysique.nomFamille"/>
      <display value="PersonnePhysique.nomFamille"/>
      <target>
        <code value="Patient.name.family"/>
        <display value="Patient.name.family"/>
        <equivalence value="relatedto"/>
      </target>
    </element>
    <element>
      <code value="PersonnePhysique.telecommunication"/>
      <display value="PersonnePhysique.telecommunication"/>
      <target>
        <code value="Patient.name.given"/>
        <display value="Patient.name.given"/>
        <equivalence value="relatedto"/>
      </target>
    </element>
  </group>
  <group>
    <source value="https://mos.esante.gouv.fr/12.html"/>
    <target value="http://hl7.org/fhir/StructureDefinition/Device"/>
    <element>
      <code value="RessourceMaterielle.libelle"/>
      <display value="RessourceMaterielle.libelle"/>
      <target>
        <code value="Device.deviceName.name"/>
        <display value="Device.deviceName.name"/>
        <equivalence value="relatedto"/>
      </target>
    </element>
    <element>
      <code value="RessourceMaterielle.reference"/>
      <display value="RessourceMaterielle.reference"/>
      <target>
        <code value="Device.modelNumber"/>
        <display value="Device.modelNumber"/>
        <equivalence value="relatedto"/>
      </target>
    </element>
  </group>
</ConceptMap>