{
  "resourceType" : "CodeSystem",
  "id" : "f14f0083-0577-465a-875d-0c8dd872a397-6",
  "url" : "http://hl7.org/fhir/comparison/CodeSystem/f14f0083-0577-465a-875d-0c8dd872a397-6",
  "name" : "IntersectionAsCsorganizationTypesAndAsCsorganizationTypes",
  "title" : "Intersection of AS CodeSystem OrganizationTypes And AS CodeSystem OrganizationTypes",
  "status" : "active",
  "date" : "2024-04-10T12:31:08+00:00",
  "jurisdiction" : [{
    "coding" : [{
      "system" : "urn:iso:std:iso:3166",
      "code" : "FR",
      "display" : "FRANCE"
    }]
  }],
  "concept" : [{
    "code" : "activiteINSEE",
    "display" : "Activité INSEE",
    "definition" : "Activité INSEE"
  },
  {
    "code" : "statutJuridiqueINSEE",
    "display" : "Statut Juridique INSEE",
    "definition" : "Statut Juridique INSEE"
  },
  {
    "code" : "sphParticipation",
    "display" : "sph Participation",
    "definition" : "Participation au service public hospitalier"
  },
  {
    "code" : "typeEtablissement",
    "display" : "Type d'établissement",
    "definition" : "Type d'établissement"
  }]
}