{
  "resourceType" : "ValueSet",
  "id" : "f14f0083-0577-465a-875d-0c8dd872a397-47",
  "url" : "http://hl7.org/fhir/comparison/ValueSet/f14f0083-0577-465a-875d-0c8dd872a397-47",
  "name" : "Unionfr-organization-identifier-typeAndIdentifier Type Codes",
  "title" : "Union of null And IdentifierType",
  "status" : "active",
  "date" : "2024-04-10T12:31:08+00:00",
  "compose" : {
    "include" : [{
      "concept" : [{
        "code" : "FINEJ",
        "display" : "FINESS d'entité juridique"
      },
      {
        "code" : "FINEG",
        "display" : "FINESS d'entité géographique"
      },
      {
        "code" : "SIREN",
        "display" : "Identification de l'organisation au SIREN"
      },
      {
        "code" : "SIRET",
        "display" : "Identification de l'organisation au SIRET"
      },
      {
        "code" : "IDNST",
        "display" : "Identification nationale de structure définie par l’ASIP-SANTE dans le CI_SIS"
      },
      {
        "code" : "INTRN",
        "display" : "Identifiant interne"
      },
      {
        "code" : "EXTRN",
        "display" : "Identifiant externe"
      },
      {
        "code" : "DL"
      },
      {
        "code" : "PPN"
      },
      {
        "code" : "BRN"
      },
      {
        "code" : "MR"
      },
      {
        "code" : "MCN"
      },
      {
        "code" : "EN"
      },
      {
        "code" : "TAX"
      },
      {
        "code" : "NIIP"
      },
      {
        "code" : "PRN"
      },
      {
        "code" : "MD"
      },
      {
        "code" : "DR"
      },
      {
        "code" : "ACSN"
      },
      {
        "code" : "UDI"
      },
      {
        "code" : "SNO"
      },
      {
        "code" : "SB"
      },
      {
        "code" : "PLAC"
      },
      {
        "code" : "FILL"
      },
      {
        "code" : "JHN"
      }]
    }]
  }
}