{"resourceType":"CodeSystem","id":"TRE-R276-FormeActivite","text":{"status":"generated","div":"<div xmlns=\"http://www.w3.org/1999/xhtml\"><p><b>Properties</b></p><p><b>This code system  defines the following properties for its concepts</b></p><table class=\"grid\"><tr><td><b>Code</b></td><td><b>Type</b></td><td><b>Description</b></td></tr><tr><td>dateValid</td><td>dateTime</td><td>date de validité d'un code concept</td></tr><tr><td>dateMaj</td><td>dateTime</td><td>Date de mise à jour d'un code concept</td></tr><tr><td>dateFin</td><td>dateTime</td><td>Date de fin d'exploitation d'un code concept</td></tr></table><p><b>Concepts</b></p><p>This  code system <code>https://mos.esante.gouv.fr/NOS/TRE_R276-FormeActivite/FHIR/TRE-R276-FormeActivite</code> defines the following codes:</p><table class=\"codes\"><tr><td style=\"white-space:nowrap\"><b>Code</b></td><td><b>Display</b></td><td><b>dateValid</b></td><td><b>dateMaj</b></td></tr><tr><td style=\"white-space:nowrap\">00<a name=\"TRE-R276-FormeActivite-00\"> </a></td><td>Pas de forme</td><td>2018-07-27T12:00:00+01:00</td><td>2018-07-27T12:00:00+01:00</td></tr><tr><td style=\"white-space:nowrap\">01<a name=\"TRE-R276-FormeActivite-01\"> </a></td><td>Hospitalisation complète (24 heures consécutives ou plus)</td><td>2018-07-27T12:00:00+01:00</td><td>2018-07-27T12:00:00+01:00</td></tr><tr><td style=\"white-space:nowrap\">02<a name=\"TRE-R276-FormeActivite-02\"> </a></td><td>Hospitalisation à temps partiel de jour ou de nuit</td><td>2018-07-27T12:00:00+01:00</td><td>2018-07-27T12:00:00+01:00</td></tr><tr><td style=\"white-space:nowrap\">03<a name=\"TRE-R276-FormeActivite-03\"> </a></td><td>Hospitalisation à temps partiel de jour</td><td>2018-07-27T12:00:00+01:00</td><td>2018-07-27T12:00:00+01:00</td></tr><tr><td style=\"white-space:nowrap\">04<a name=\"TRE-R276-FormeActivite-04\"> </a></td><td>Hospitalisation à temps partiel de nuit</td><td>2018-07-27T12:00:00+01:00</td><td>2018-07-27T12:00:00+01:00</td></tr><tr><td style=\"white-space:nowrap\">05<a name=\"TRE-R276-FormeActivite-05\"> </a></td><td>Hospitalisation à domicile (au domicile du patient)</td><td>2018-07-27T12:00:00+01:00</td><td>2018-07-27T12:00:00+01:00</td></tr><tr><td style=\"white-space:nowrap\">06<a name=\"TRE-R276-FormeActivite-06\"> </a></td><td>Anesthésie ambulatoire</td><td>2018-07-27T12:00:00+01:00</td><td>2018-07-27T12:00:00+01:00</td></tr><tr><td style=\"white-space:nowrap\">07<a name=\"TRE-R276-FormeActivite-07\"> </a></td><td>Chirurgie ambulatoire</td><td>2018-07-27T12:00:00+01:00</td><td>2018-07-27T12:00:00+01:00</td></tr><tr><td style=\"white-space:nowrap\">08<a name=\"TRE-R276-FormeActivite-08\"> </a></td><td>Consultation extérieure indifférenciée</td><td>2018-07-27T12:00:00+01:00</td><td>2018-07-27T12:00:00+01:00</td></tr><tr><td style=\"white-space:nowrap\">09<a name=\"TRE-R276-FormeActivite-09\"> </a></td><td>Placement familial thérapeutique</td><td>2018-07-27T12:00:00+01:00</td><td>2018-07-27T12:00:00+01:00</td></tr><tr><td style=\"white-space:nowrap\">10<a name=\"TRE-R276-FormeActivite-10\"> </a></td><td>Appartement thérapeutique</td><td>2018-07-27T12:00:00+01:00</td><td>2018-07-27T12:00:00+01:00</td></tr><tr><td style=\"white-space:nowrap\">13<a name=\"TRE-R276-FormeActivite-13\"> </a></td><td>Saisonnier</td><td>2018-07-27T12:00:00+01:00</td><td>2018-07-27T12:00:00+01:00</td></tr><tr><td style=\"white-space:nowrap\">14<a name=\"TRE-R276-FormeActivite-14\"> </a></td><td>Non saisonnier</td><td>2018-07-27T12:00:00+01:00</td><td>2018-07-27T12:00:00+01:00</td></tr><tr><td style=\"white-space:nowrap\">15<a name=\"TRE-R276-FormeActivite-15\"> </a></td><td>Forme non précisée</td><td>2018-07-27T12:00:00+01:00</td><td>2018-07-27T12:00:00+01:00</td></tr><tr><td style=\"white-space:nowrap\">20<a name=\"TRE-R276-FormeActivite-20\"> </a></td><td>Personne décédée présentant un arrêt cardiaque et respiratoire persistant</td><td>2018-07-27T12:00:00+01:00</td><td>2018-07-27T12:00:00+01:00</td></tr><tr><td style=\"white-space:nowrap\">21<a name=\"TRE-R276-FormeActivite-21\"> </a></td><td>Personne décédée assist par ventil mécanique avec une fonct hémodynamique</td><td>2018-07-27T12:00:00+01:00</td><td>2018-07-27T12:00:00+01:00</td></tr><tr><td style=\"white-space:nowrap\">22<a name=\"TRE-R276-FormeActivite-22\"> </a></td><td>Personne vivante</td><td>2018-07-27T12:00:00+01:00</td><td>2018-07-27T12:00:00+01:00</td></tr><tr><td style=\"white-space:nowrap\">24<a name=\"TRE-R276-FormeActivite-24\"> </a></td><td>Centre correspondant</td><td>2019-12-13T12:00:00+01:00</td><td>2019-12-13T12:00:00+01:00</td></tr><tr><td style=\"white-space:nowrap\">25<a name=\"TRE-R276-FormeActivite-25\"> </a></td><td>Centre de référence</td><td>2019-12-13T12:00:00+01:00</td><td>2019-12-13T12:00:00+01:00</td></tr><tr><td style=\"white-space:nowrap\">27<a name=\"TRE-R276-FormeActivite-27\"> </a></td><td>Consultations gériatriques avancées</td><td>2019-12-13T12:00:00+01:00</td><td>2019-12-13T12:00:00+01:00</td></tr><tr><td style=\"white-space:nowrap\">28<a name=\"TRE-R276-FormeActivite-28\"> </a></td><td>Equipe mobile</td><td>2019-12-13T12:00:00+01:00</td><td>2019-12-13T12:00:00+01:00</td></tr><tr><td style=\"white-space:nowrap\">30<a name=\"TRE-R276-FormeActivite-30\"> </a></td><td>Centre</td><td>2019-12-13T12:00:00+01:00</td><td>2019-12-13T12:00:00+01:00</td></tr><tr><td style=\"white-space:nowrap\">31<a name=\"TRE-R276-FormeActivite-31\"> </a></td><td>Centre ressources</td><td>2019-12-13T12:00:00+01:00</td><td>2019-12-13T12:00:00+01:00</td></tr><tr><td style=\"white-space:nowrap\">32<a name=\"TRE-R276-FormeActivite-32\"> </a></td><td>Centre spécialisé</td><td>2019-12-13T12:00:00+01:00</td><td>2019-12-13T12:00:00+01:00</td></tr><tr><td style=\"white-space:nowrap\">33<a name=\"TRE-R276-FormeActivite-33\"> </a></td><td>CMP</td><td>2019-12-13T12:00:00+01:00</td><td>2019-12-13T12:00:00+01:00</td></tr><tr><td style=\"white-space:nowrap\">34<a name=\"TRE-R276-FormeActivite-34\"> </a></td><td>Consultations</td><td>2019-12-13T12:00:00+01:00</td><td>2019-12-13T12:00:00+01:00</td></tr><tr><td style=\"white-space:nowrap\">35<a name=\"TRE-R276-FormeActivite-35\"> </a></td><td>Consultations mémoire</td><td>2019-12-13T12:00:00+01:00</td><td>2019-12-13T12:00:00+01:00</td></tr><tr><td style=\"white-space:nowrap\">36<a name=\"TRE-R276-FormeActivite-36\"> </a></td><td>Equipe de liaison</td><td>2019-12-13T12:00:00+01:00</td><td>2019-12-13T12:00:00+01:00</td></tr><tr><td style=\"white-space:nowrap\">37<a name=\"TRE-R276-FormeActivite-37\"> </a></td><td>H.A.D.</td><td>2019-12-13T12:00:00+01:00</td><td>2019-12-13T12:00:00+01:00</td></tr><tr><td style=\"white-space:nowrap\">38<a name=\"TRE-R276-FormeActivite-38\"> </a></td><td>Ligne d'astreinte PDSES Nuit totale</td><td>2019-12-13T12:00:00+01:00</td><td>2019-12-13T12:00:00+01:00</td></tr><tr><td style=\"white-space:nowrap\">39<a name=\"TRE-R276-FormeActivite-39\"> </a></td><td>Ligne d'astreinte PDSES Première partie de nuit</td><td>2019-12-13T12:00:00+01:00</td><td>2019-12-13T12:00:00+01:00</td></tr><tr><td style=\"white-space:nowrap\">40<a name=\"TRE-R276-FormeActivite-40\"> </a></td><td>Ligne de garde PDSES Nuit totale</td><td>2019-12-13T12:00:00+01:00</td><td>2019-12-13T12:00:00+01:00</td></tr><tr><td style=\"white-space:nowrap\">41<a name=\"TRE-R276-FormeActivite-41\"> </a></td><td>Pôle d'évaluation</td><td>2019-12-13T12:00:00+01:00</td><td>2019-12-13T12:00:00+01:00</td></tr><tr><td style=\"white-space:nowrap\">42<a name=\"TRE-R276-FormeActivite-42\"> </a></td><td>Unité d'hébergement renforcée (UHR)</td><td>2019-12-13T12:00:00+01:00</td><td>2019-12-13T12:00:00+01:00</td></tr><tr><td style=\"white-space:nowrap\">44<a name=\"TRE-R276-FormeActivite-44\"> </a></td><td>Consultations d'évaluation pluri professionnelles post AVC</td><td>2019-12-13T12:00:00+01:00</td><td>2019-12-13T12:00:00+01:00</td></tr><tr><td style=\"white-space:nowrap\">47<a name=\"TRE-R276-FormeActivite-47\"> </a></td><td>Ligne de garde PDSES première partie de nuit</td><td>2019-12-13T12:00:00+01:00</td><td>2019-12-13T12:00:00+01:00</td></tr><tr><td style=\"white-space:nowrap\">48<a name=\"TRE-R276-FormeActivite-48\"> </a></td><td>Ligne d'astreinte PDSES Week-end et jours fériés</td><td>2019-12-13T12:00:00+01:00</td><td>2019-12-13T12:00:00+01:00</td></tr><tr><td style=\"white-space:nowrap\">49<a name=\"TRE-R276-FormeActivite-49\"> </a></td><td>Ligne d'astreinte PDSES Première partie de nuit en semaine (Lundi au vendredi)</td><td>2019-12-13T12:00:00+01:00</td><td>2019-12-13T12:00:00+01:00</td></tr></table></div>"},"extension":[{"url":"http://hl7.org/fhir/StructureDefinition/resource-effectivePeriod","valuePeriod":{"start":"2018-07-27T12:00:00+01:00"}}],"url":"https://mos.esante.gouv.fr/NOS/TRE_R276-FormeActivite/FHIR/TRE-R276-FormeActivite","identifier":[{"value":"urn:oid:1.2.250.1.213.1.6.1.128"}],"version":"1.1.0","name":"TRE_R276-FormeActivite","status":"active","date":"2020-04-24T12:00:00+01:00","publisher":"ANS","contact":[{"name":"ANS","telecom":[{"system":"url","value":"https://esante.gouv.fr"}]}],"description":"Type d'organisation de prise en charge","content":"complete","property":[{"code":"dateValid","description":"date de validité d'un code concept","type":"dateTime"},{"code":"dateMaj","description":"Date de mise à jour d'un code concept","type":"dateTime"},{"code":"dateFin","description":"Date de fin d'exploitation d'un code concept","type":"dateTime"}],"concept":[{"code":"00","display":"Pas de forme","designation":[{"use":{"code":"LibelleCourt"},"value":"00"},{"use":{"code":"LibelleAdapte"},"value":"Pas de forme"}],"property":[{"code":"dateValid","valueDateTime":"2018-07-27T12:00:00+01:00"},{"code":"dateMaj","valueDateTime":"2018-07-27T12:00:00+01:00"}]},{"code":"01","display":"Hospitalisation complète (24 heures consécutives ou plus)","designation":[{"use":{"code":"LibelleCourt"},"value":"01"},{"use":{"code":"LibelleAdapte"},"value":"Hospitalisation complète (24 heures consécutives ou plus)"}],"property":[{"code":"dateValid","valueDateTime":"2018-07-27T12:00:00+01:00"},{"code":"dateMaj","valueDateTime":"2018-07-27T12:00:00+01:00"}]},{"code":"02","display":"Hospitalisation à temps partiel de jour ou de nuit","designation":[{"use":{"code":"LibelleCourt"},"value":"02"},{"use":{"code":"LibelleAdapte"},"value":"Hospitalisation à temps partiel de jour ou de nuit"}],"property":[{"code":"dateValid","valueDateTime":"2018-07-27T12:00:00+01:00"},{"code":"dateMaj","valueDateTime":"2018-07-27T12:00:00+01:00"}]},{"code":"03","display":"Hospitalisation à temps partiel de jour","designation":[{"use":{"code":"LibelleCourt"},"value":"03"},{"use":{"code":"LibelleAdapte"},"value":"Hospitalisation à temps partiel de jour"}],"property":[{"code":"dateValid","valueDateTime":"2018-07-27T12:00:00+01:00"},{"code":"dateMaj","valueDateTime":"2018-07-27T12:00:00+01:00"}]},{"code":"04","display":"Hospitalisation à temps partiel de nuit","designation":[{"use":{"code":"LibelleCourt"},"value":"04"},{"use":{"code":"LibelleAdapte"},"value":"Hospitalisation à temps partiel de nuit"}],"property":[{"code":"dateValid","valueDateTime":"2018-07-27T12:00:00+01:00"},{"code":"dateMaj","valueDateTime":"2018-07-27T12:00:00+01:00"}]},{"code":"05","display":"Hospitalisation à domicile (au domicile du patient)","designation":[{"use":{"code":"LibelleCourt"},"value":"05"},{"use":{"code":"LibelleAdapte"},"value":"Hospitalisation à domicile (au domicile du patient)"}],"property":[{"code":"dateValid","valueDateTime":"2018-07-27T12:00:00+01:00"},{"code":"dateMaj","valueDateTime":"2018-07-27T12:00:00+01:00"}]},{"code":"06","display":"Anesthésie ambulatoire","designation":[{"use":{"code":"LibelleCourt"},"value":"06"},{"use":{"code":"LibelleAdapte"},"value":"Anesthésie ambulatoire"}],"property":[{"code":"dateValid","valueDateTime":"2018-07-27T12:00:00+01:00"},{"code":"dateMaj","valueDateTime":"2018-07-27T12:00:00+01:00"}]},{"code":"07","display":"Chirurgie ambulatoire","designation":[{"use":{"code":"LibelleCourt"},"value":"07"},{"use":{"code":"LibelleAdapte"},"value":"Chirurgie ambulatoire"}],"property":[{"code":"dateValid","valueDateTime":"2018-07-27T12:00:00+01:00"},{"code":"dateMaj","valueDateTime":"2018-07-27T12:00:00+01:00"}]},{"code":"08","display":"Consultation extérieure indifférenciée","designation":[{"use":{"code":"LibelleCourt"},"value":"08"},{"use":{"code":"LibelleAdapte"},"value":"Consultation extérieure indifférenciée"}],"property":[{"code":"dateValid","valueDateTime":"2018-07-27T12:00:00+01:00"},{"code":"dateMaj","valueDateTime":"2018-07-27T12:00:00+01:00"}]},{"code":"09","display":"Placement familial thérapeutique","designation":[{"use":{"code":"LibelleCourt"},"value":"09"},{"use":{"code":"LibelleAdapte"},"value":"Placement familial thérapeutique"}],"property":[{"code":"dateValid","valueDateTime":"2018-07-27T12:00:00+01:00"},{"code":"dateMaj","valueDateTime":"2018-07-27T12:00:00+01:00"}]},{"code":"10","display":"Appartement thérapeutique","designation":[{"use":{"code":"LibelleCourt"},"value":"10"},{"use":{"code":"LibelleAdapte"},"value":"Appartement thérapeutique"}],"property":[{"code":"dateValid","valueDateTime":"2018-07-27T12:00:00+01:00"},{"code":"dateMaj","valueDateTime":"2018-07-27T12:00:00+01:00"}]},{"code":"13","display":"Saisonnier","designation":[{"use":{"code":"LibelleCourt"},"value":"13"},{"use":{"code":"LibelleAdapte"},"value":"Saisonnier"}],"property":[{"code":"dateValid","valueDateTime":"2018-07-27T12:00:00+01:00"},{"code":"dateMaj","valueDateTime":"2018-07-27T12:00:00+01:00"}]},{"code":"14","display":"Non saisonnier","designation":[{"use":{"code":"LibelleCourt"},"value":"14"},{"use":{"code":"LibelleAdapte"},"value":"Non saisonnier"}],"property":[{"code":"dateValid","valueDateTime":"2018-07-27T12:00:00+01:00"},{"code":"dateMaj","valueDateTime":"2018-07-27T12:00:00+01:00"}]},{"code":"15","display":"Forme non précisée","designation":[{"use":{"code":"LibelleCourt"},"value":"15"},{"use":{"code":"LibelleAdapte"},"value":"Forme non précisée"}],"property":[{"code":"dateValid","valueDateTime":"2018-07-27T12:00:00+01:00"},{"code":"dateMaj","valueDateTime":"2018-07-27T12:00:00+01:00"}]},{"code":"20","display":"Personne décédée présentant un arrêt cardiaque et respiratoire persistant","designation":[{"use":{"code":"LibelleCourt"},"value":"20"},{"use":{"code":"LibelleAdapte"},"value":"Personne décédée présentant un arrêt cardiaque et respiratoire persistant (arrêt circulatoire)"}],"property":[{"code":"dateValid","valueDateTime":"2018-07-27T12:00:00+01:00"},{"code":"dateMaj","valueDateTime":"2018-07-27T12:00:00+01:00"}]},{"code":"21","display":"Personne décédée assist par ventil mécanique avec une fonct hémodynamique","designation":[{"use":{"code":"LibelleCourt"},"value":"21"},{"use":{"code":"LibelleAdapte"},"value":"Personne décédée assistée par ventilation mécanique et conservant une fonction hémodynamique (mort encéphalique)"}],"property":[{"code":"dateValid","valueDateTime":"2018-07-27T12:00:00+01:00"},{"code":"dateMaj","valueDateTime":"2018-07-27T12:00:00+01:00"}]},{"code":"22","display":"Personne vivante","designation":[{"use":{"code":"LibelleCourt"},"value":"22"},{"use":{"code":"LibelleAdapte"},"value":"Personne vivante"}],"property":[{"code":"dateValid","valueDateTime":"2018-07-27T12:00:00+01:00"},{"code":"dateMaj","valueDateTime":"2018-07-27T12:00:00+01:00"}]},{"code":"24","display":"Centre correspondant","designation":[{"use":{"code":"LibelleCourt"},"value":"24"},{"use":{"code":"LibelleAdapte"},"value":"Centre correspondant"}],"property":[{"code":"dateValid","valueDateTime":"2019-12-13T12:00:00+01:00"},{"code":"dateMaj","valueDateTime":"2019-12-13T12:00:00+01:00"}]},{"code":"25","display":"Centre de référence","designation":[{"use":{"code":"LibelleCourt"},"value":"25"},{"use":{"code":"LibelleAdapte"},"value":"Centre de référence"}],"property":[{"code":"dateValid","valueDateTime":"2019-12-13T12:00:00+01:00"},{"code":"dateMaj","valueDateTime":"2019-12-13T12:00:00+01:00"}]},{"code":"27","display":"Consultations gériatriques avancées","designation":[{"use":{"code":"LibelleCourt"},"value":"27"},{"use":{"code":"LibelleAdapte"},"value":"Consultations gériatriques avancées"}],"property":[{"code":"dateValid","valueDateTime":"2019-12-13T12:00:00+01:00"},{"code":"dateMaj","valueDateTime":"2019-12-13T12:00:00+01:00"}]},{"code":"28","display":"Equipe mobile","designation":[{"use":{"code":"LibelleCourt"},"value":"28"},{"use":{"code":"LibelleAdapte"},"value":"Equipe mobile"}],"property":[{"code":"dateValid","valueDateTime":"2019-12-13T12:00:00+01:00"},{"code":"dateMaj","valueDateTime":"2019-12-13T12:00:00+01:00"}]},{"code":"30","display":"Centre","designation":[{"use":{"code":"LibelleCourt"},"value":"30"},{"use":{"code":"LibelleAdapte"},"value":"Centre"}],"property":[{"code":"dateValid","valueDateTime":"2019-12-13T12:00:00+01:00"},{"code":"dateMaj","valueDateTime":"2019-12-13T12:00:00+01:00"}]},{"code":"31","display":"Centre ressources","designation":[{"use":{"code":"LibelleCourt"},"value":"31"},{"use":{"code":"LibelleAdapte"},"value":"Centre ressources"}],"property":[{"code":"dateValid","valueDateTime":"2019-12-13T12:00:00+01:00"},{"code":"dateMaj","valueDateTime":"2019-12-13T12:00:00+01:00"}]},{"code":"32","display":"Centre spécialisé","designation":[{"use":{"code":"LibelleCourt"},"value":"32"},{"use":{"code":"LibelleAdapte"},"value":"Centre spécialisé"}],"property":[{"code":"dateValid","valueDateTime":"2019-12-13T12:00:00+01:00"},{"code":"dateMaj","valueDateTime":"2019-12-13T12:00:00+01:00"}]},{"code":"33","display":"CMP","designation":[{"use":{"code":"LibelleCourt"},"value":"33"},{"use":{"code":"LibelleAdapte"},"value":"CMP"}],"property":[{"code":"dateValid","valueDateTime":"2019-12-13T12:00:00+01:00"},{"code":"dateMaj","valueDateTime":"2019-12-13T12:00:00+01:00"}]},{"code":"34","display":"Consultations","designation":[{"use":{"code":"LibelleCourt"},"value":"34"},{"use":{"code":"LibelleAdapte"},"value":"Consultations"}],"property":[{"code":"dateValid","valueDateTime":"2019-12-13T12:00:00+01:00"},{"code":"dateMaj","valueDateTime":"2019-12-13T12:00:00+01:00"}]},{"code":"35","display":"Consultations mémoire","designation":[{"use":{"code":"LibelleCourt"},"value":"35"},{"use":{"code":"LibelleAdapte"},"value":"Consultations mémoire"}],"property":[{"code":"dateValid","valueDateTime":"2019-12-13T12:00:00+01:00"},{"code":"dateMaj","valueDateTime":"2019-12-13T12:00:00+01:00"}]},{"code":"36","display":"Equipe de liaison","designation":[{"use":{"code":"LibelleCourt"},"value":"36"},{"use":{"code":"LibelleAdapte"},"value":"Equipe de liaison"}],"property":[{"code":"dateValid","valueDateTime":"2019-12-13T12:00:00+01:00"},{"code":"dateMaj","valueDateTime":"2019-12-13T12:00:00+01:00"}]},{"code":"37","display":"H.A.D.","designation":[{"use":{"code":"LibelleCourt"},"value":"37"},{"use":{"code":"LibelleAdapte"},"value":"H.A.D."}],"property":[{"code":"dateValid","valueDateTime":"2019-12-13T12:00:00+01:00"},{"code":"dateMaj","valueDateTime":"2019-12-13T12:00:00+01:00"}]},{"code":"38","display":"Ligne d'astreinte PDSES Nuit totale","designation":[{"use":{"code":"LibelleCourt"},"value":"38"},{"use":{"code":"LibelleAdapte"},"value":"Ligne d'astreinte PDSES Nuit totale"}],"property":[{"code":"dateValid","valueDateTime":"2019-12-13T12:00:00+01:00"},{"code":"dateMaj","valueDateTime":"2019-12-13T12:00:00+01:00"}]},{"code":"39","display":"Ligne d'astreinte PDSES Première partie de nuit","designation":[{"use":{"code":"LibelleCourt"},"value":"39"},{"use":{"code":"LibelleAdapte"},"value":"Ligne d'astreinte PDSES Première partie de nuit"}],"property":[{"code":"dateValid","valueDateTime":"2019-12-13T12:00:00+01:00"},{"code":"dateMaj","valueDateTime":"2019-12-13T12:00:00+01:00"}]},{"code":"40","display":"Ligne de garde PDSES Nuit totale","designation":[{"use":{"code":"LibelleCourt"},"value":"40"},{"use":{"code":"LibelleAdapte"},"value":"Ligne de garde PDSES Nuit totale"}],"property":[{"code":"dateValid","valueDateTime":"2019-12-13T12:00:00+01:00"},{"code":"dateMaj","valueDateTime":"2019-12-13T12:00:00+01:00"}]},{"code":"41","display":"Pôle d'évaluation","designation":[{"use":{"code":"LibelleCourt"},"value":"41"},{"use":{"code":"LibelleAdapte"},"value":"Pôle d'évaluation"}],"property":[{"code":"dateValid","valueDateTime":"2019-12-13T12:00:00+01:00"},{"code":"dateMaj","valueDateTime":"2019-12-13T12:00:00+01:00"}]},{"code":"42","display":"Unité d'hébergement renforcée (UHR)","designation":[{"use":{"code":"LibelleCourt"},"value":"42"},{"use":{"code":"LibelleAdapte"},"value":"Unité d'hébergement renforcée (UHR)"}],"property":[{"code":"dateValid","valueDateTime":"2019-12-13T12:00:00+01:00"},{"code":"dateMaj","valueDateTime":"2019-12-13T12:00:00+01:00"}]},{"code":"44","display":"Consultations d'évaluation pluri professionnelles post AVC","designation":[{"use":{"code":"LibelleCourt"},"value":"44"},{"use":{"code":"LibelleAdapte"},"value":"Consultations d'évaluation pluri professionnelles post AVC"}],"property":[{"code":"dateValid","valueDateTime":"2019-12-13T12:00:00+01:00"},{"code":"dateMaj","valueDateTime":"2019-12-13T12:00:00+01:00"}]},{"code":"47","display":"Ligne de garde PDSES première partie de nuit","designation":[{"use":{"code":"LibelleCourt"},"value":"47"},{"use":{"code":"LibelleAdapte"},"value":"Ligne de garde PDSES première partie de nuit"}],"property":[{"code":"dateValid","valueDateTime":"2019-12-13T12:00:00+01:00"},{"code":"dateMaj","valueDateTime":"2019-12-13T12:00:00+01:00"}]},{"code":"48","display":"Ligne d'astreinte PDSES Week-end et jours fériés","designation":[{"use":{"code":"LibelleCourt"},"value":"48"},{"use":{"code":"LibelleAdapte"},"value":"Ligne d'astreinte PDSES Week-end et jours fériés"}],"property":[{"code":"dateValid","valueDateTime":"2019-12-13T12:00:00+01:00"},{"code":"dateMaj","valueDateTime":"2019-12-13T12:00:00+01:00"}]},{"code":"49","display":"Ligne d'astreinte PDSES Première partie de nuit en semaine (Lundi au vendredi)","designation":[{"use":{"code":"LibelleCourt"},"value":"49"},{"use":{"code":"LibelleAdapte"},"value":"Ligne d'astreinte PDSES Première partie de nuit en semaine (Lundi au vendredi)"}],"property":[{"code":"dateValid","valueDateTime":"2019-12-13T12:00:00+01:00"},{"code":"dateMaj","valueDateTime":"2019-12-13T12:00:00+01:00"}]}]}