{
  "codeSystems" : [
    {
      "url" : "https://interop.esante.gouv.fr/ig/fhir/tddui/CodeSystem/tddui-encounter-identifier",
      "version" : "2.0.0",
      "status" : "active",
      "name" : "TDDUIEncounterIdentifier",
      "title" : "TDDUI Encounter FR Core CodeSystem v2-0203",
      "description" : "TDDUI Encounter's identifier"
    },
    {
      "url" : "https://interop.esante.gouv.fr/ig/fhir/tddui/CodeSystem/tddui-identifier",
      "version" : "2.0.0",
      "status" : "active",
      "name" : "TDDUIIdentifier",
      "title" : "TDDUI FR Core CodeSystem v2-0203",
      "description" : "TDDUI Patient's identifier"
    }
  ]
}
