<?xml version="1.0" encoding="UTF-8"?>

<CodeSystem xmlns="http://hl7.org/fhir">
  <id value="TRE-R34-StatutProfessionnelSSA"/>
  <text>
    <status value="generated"/><div xmlns="http://www.w3.org/1999/xhtml"><p><b>Properties</b></p><p><b>This code system  defines the following properties for its concepts</b></p><table class="grid"><tr><td><b>Code</b></td><td><b>Type</b></td><td><b>Description</b></td></tr><tr><td>dateValid</td><td>dateTime</td><td>date de validité d'un code concept</td></tr><tr><td>dateMaj</td><td>dateTime</td><td>Date de mise à jour d'un code concept</td></tr><tr><td>dateFin</td><td>dateTime</td><td>Date de fin d'exploitation d'un code concept</td></tr></table><p><b>Concepts</b></p><p>This  code system <code>https://mos.esante.gouv.fr/NOS/TRE_R34-StatutProfessionnelSSA/FHIR/TRE-R34-StatutProfessionnelSSA</code> defines the following codes:</p><table class="codes"><tr><td style="white-space:nowrap"><b>Code</b></td><td><b>Display</b></td><td><b>dateValid</b></td><td><b>dateMaj</b></td></tr><tr><td style="white-space:nowrap">STA-SSA-01<a name="TRE-R34-StatutProfessionnelSSA-STA-SSA-01"> </a></td><td>Praticien</td><td>2007-07-25T15:04:44+01:00</td><td>2016-09-01T00:00:00+01:00</td></tr><tr><td style="white-space:nowrap">STA-SSA-02<a name="TRE-R34-StatutProfessionnelSSA-STA-SSA-02"> </a></td><td>Praticien confirmé</td><td>2007-07-25T15:04:44+01:00</td><td>2016-09-01T00:00:00+01:00</td></tr><tr><td style="white-space:nowrap">STA-SSA-03<a name="TRE-R34-StatutProfessionnelSSA-STA-SSA-03"> </a></td><td>Praticien certifié</td><td>2007-07-25T15:04:44+01:00</td><td>2016-09-01T00:00:00+01:00</td></tr><tr><td style="white-space:nowrap">STA-SSA-04<a name="TRE-R34-StatutProfessionnelSSA-STA-SSA-04"> </a></td><td>Praticien agrégé</td><td>2007-07-25T15:04:44+01:00</td><td>2016-09-01T00:00:00+01:00</td></tr></table></div>
  </text>
  <extension url="http://hl7.org/fhir/StructureDefinition/resource-effectivePeriod">
    <valuePeriod>
      <start value="2013-06-28T00:00:00+01:00"/>
    </valuePeriod>
  </extension>
  <url value="https://mos.esante.gouv.fr/NOS/TRE_R34-StatutProfessionnelSSA/FHIR/TRE-R34-StatutProfessionnelSSA"/>
  <identifier>
    <value value="urn:oid:1.2.250.1.213.1.6.1.23"/>
  </identifier>
  <version value="1.1.0"/>
  <name value="TRE_R34-StatutProfessionnelSSA"/>
  <status value="active"/>
  <date value="2020-04-24T12:00:00+01:00"/>
  <publisher value="ANS"/>
  <contact>
    <name value="ANS"/>
    <telecom>
      <system value="url"/>
      <value value="https://esante.gouv.fr"/>
    </telecom>
  </contact>
  <description value="Statut du professionnel au SSA"/>
  <content value="complete"/>
  <property>
    <code value="dateValid"/>
    <description value="date de validité d'un code concept"/>
    <type value="dateTime"/>
  </property>
  <property>
    <code value="dateMaj"/>
    <description value="Date de mise à jour d'un code concept"/>
    <type value="dateTime"/>
  </property>
  <property>
    <code value="dateFin"/>
    <description value="Date de fin d'exploitation d'un code concept"/>
    <type value="dateTime"/>
  </property>
  <concept>
    <code value="STA-SSA-01"/>
    <display value="Praticien"/>
    <designation>
      <use>
        <code value="LibelleCourt"/>
      </use>
      <value value="Praticien"/>
    </designation>
    <designation>
      <use>
        <code value="LibelleAdapte"/>
      </use>
      <value value="Praticien"/>
    </designation>
    <property>
      <code value="dateValid"/>
      <valueDateTime value="2007-07-25T15:04:44+01:00"/>
    </property>
    <property>
      <code value="dateMaj"/>
      <valueDateTime value="2016-09-01T00:00:00+01:00"/>
    </property>
  </concept>
  <concept>
    <code value="STA-SSA-02"/>
    <display value="Praticien confirmé"/>
    <designation>
      <use>
        <code value="LibelleCourt"/>
      </use>
      <value value="Praticien confirmé"/>
    </designation>
    <designation>
      <use>
        <code value="LibelleAdapte"/>
      </use>
      <value value="Praticien confirmé"/>
    </designation>
    <property>
      <code value="dateValid"/>
      <valueDateTime value="2007-07-25T15:04:44+01:00"/>
    </property>
    <property>
      <code value="dateMaj"/>
      <valueDateTime value="2016-09-01T00:00:00+01:00"/>
    </property>
  </concept>
  <concept>
    <code value="STA-SSA-03"/>
    <display value="Praticien certifié"/>
    <designation>
      <use>
        <code value="LibelleCourt"/>
      </use>
      <value value="Praticien certifié"/>
    </designation>
    <designation>
      <use>
        <code value="LibelleAdapte"/>
      </use>
      <value value="Praticien certifié"/>
    </designation>
    <property>
      <code value="dateValid"/>
      <valueDateTime value="2007-07-25T15:04:44+01:00"/>
    </property>
    <property>
      <code value="dateMaj"/>
      <valueDateTime value="2016-09-01T00:00:00+01:00"/>
    </property>
  </concept>
  <concept>
    <code value="STA-SSA-04"/>
    <display value="Praticien agrégé"/>
    <designation>
      <use>
        <code value="LibelleCourt"/>
      </use>
      <value value="Praticien agrégé"/>
    </designation>
    <designation>
      <use>
        <code value="LibelleAdapte"/>
      </use>
      <value value="Praticien agrégé"/>
    </designation>
    <property>
      <code value="dateValid"/>
      <valueDateTime value="2007-07-25T15:04:44+01:00"/>
    </property>
    <property>
      <code value="dateMaj"/>
      <valueDateTime value="2016-09-01T00:00:00+01:00"/>
    </property>
  </concept>
</CodeSystem>