<?xml version="1.0" encoding="UTF-8" standalone="no"?>
<ValueSet xmlns="http://hl7.org/fhir">
  <id value="JDV-J02-XdsHealthcareFacilityTypeCode-CISIS"/>
  <extension url="http://hl7.org/fhir/StructureDefinition/resource-effectivePeriod">
    <valuePeriod>
      <start value="2014-10-08T00:00:00+01:00"/>
    </valuePeriod>
  </extension>
  <url value="https://mos.esante.gouv.fr/NOS/JDV_J02-XdsHealthcareFacilityTypeCode-CISIS/FHIR/JDV-J02-XdsHealthcareFacilityTypeCode-CISIS"/>
  <identifier>
    <value value="urn:oid:1.2.250.1.213.1.1.5.466"/>
  </identifier>
  <version value="20240726120000"/>
  <name value="JDV_J02-XdsHealthcareFacilityTypeCode-CISIS"/>
  <status value="active"/>
  <date value="2024-07-26T12:00:00+01:00"/>
  <description value="XDS healthcareFacilityTypeCode CI-SIS"/>
  <compose>
    <include>
      <system value="https://mos.esante.gouv.fr/NOS/TRE_A00-ProducteurDocNonPS/FHIR/TRE-A00-ProducteurDocNonPS"/>
      <concept>
        <code value="EXP_PATIENT"/>
        <display value="Expression personnelle du patient"/>
        <designation>
          <use>
            <code value="OID"/>
          </use>
          <value value="urn:oid:1.2.250.1.213.1.1.4.6"/>
        </designation>
      </concept>
      <concept>
        <code value="SNR"/>
        <display value="Service numérique référencé"/>
        <designation>
          <use>
            <code value="OID"/>
          </use>
          <value value="urn:oid:1.2.250.1.213.1.1.4.6"/>
        </designation>
      </concept>
    </include>
    <include>
      <system value="https://mos.esante.gouv.fr/NOS/TRE_R02-SecteurActivite/FHIR/TRE-R02-SecteurActivite"/>
      <concept>
        <code value="SA01"/>
        <display value="Etablissement public de santé"/>
        <designation>
          <use>
            <code value="OID"/>
          </use>
          <value value="urn:oid:1.2.250.1.71.4.2.4"/>
        </designation>
      </concept>
      <concept>
        <code value="SA02"/>
        <display value="Hôpital militaire du Service de santé des armées"/>
        <designation>
          <use>
            <code value="OID"/>
          </use>
          <value value="urn:oid:1.2.250.1.71.4.2.4"/>
        </designation>
      </concept>
      <concept>
        <code value="SA03"/>
        <display value="Etablissement privé PSPH"/>
        <designation>
          <use>
            <code value="OID"/>
          </use>
          <value value="urn:oid:1.2.250.1.71.4.2.4"/>
        </designation>
      </concept>
      <concept>
        <code value="SA04"/>
        <display value="Etablissement privé non PSPH"/>
        <designation>
          <use>
            <code value="OID"/>
          </use>
          <value value="urn:oid:1.2.250.1.71.4.2.4"/>
        </designation>
      </concept>
      <concept>
        <code value="SA05"/>
        <display value="Centre de santé"/>
        <designation>
          <use>
            <code value="OID"/>
          </use>
          <value value="urn:oid:1.2.250.1.71.4.2.4"/>
        </designation>
      </concept>
      <concept>
        <code value="SA06"/>
        <display value="Autre structure du Service de santé des armées"/>
        <designation>
          <use>
            <code value="OID"/>
          </use>
          <value value="urn:oid:1.2.250.1.71.4.2.4"/>
        </designation>
      </concept>
      <concept>
        <code value="SA07"/>
        <display value="Cabinet individuel"/>
        <designation>
          <use>
            <code value="OID"/>
          </use>
          <value value="urn:oid:1.2.250.1.71.4.2.4"/>
        </designation>
      </concept>
      <concept>
        <code value="SA08"/>
        <display value="Cabinet de groupe"/>
        <designation>
          <use>
            <code value="OID"/>
          </use>
          <value value="urn:oid:1.2.250.1.71.4.2.4"/>
        </designation>
      </concept>
      <concept>
        <code value="SA09"/>
        <display value="Exercice en société"/>
        <designation>
          <use>
            <code value="OID"/>
          </use>
          <value value="urn:oid:1.2.250.1.71.4.2.4"/>
        </designation>
      </concept>
      <concept>
        <code value="SA10"/>
        <display value="Transporteur sanitaire"/>
        <designation>
          <use>
            <code value="OID"/>
          </use>
          <value value="urn:oid:1.2.250.1.71.4.2.4"/>
        </designation>
      </concept>
      <concept>
        <code value="SA12"/>
        <display value="Etablissement de soins et prévention"/>
        <designation>
          <use>
            <code value="OID"/>
          </use>
          <value value="urn:oid:1.2.250.1.71.4.2.4"/>
        </designation>
      </concept>
      <concept>
        <code value="SA13"/>
        <display value="Prévention et soins en entreprise"/>
        <designation>
          <use>
            <code value="OID"/>
          </use>
          <value value="urn:oid:1.2.250.1.71.4.2.4"/>
        </designation>
      </concept>
      <concept>
        <code value="SA14"/>
        <display value="Etablissements scolaires, universitaires et de formation hors champ FINESS"/>
        <designation>
          <use>
            <code value="OID"/>
          </use>
          <value value="urn:oid:1.2.250.1.71.4.2.4"/>
        </designation>
      </concept>
      <concept>
        <code value="SA15"/>
        <display value="PMI et Planification familiale"/>
        <designation>
          <use>
            <code value="OID"/>
          </use>
          <value value="urn:oid:1.2.250.1.71.4.2.4"/>
        </designation>
      </concept>
      <concept>
        <code value="SA16"/>
        <display value="Etablissement pour personnes handicapées"/>
        <designation>
          <use>
            <code value="OID"/>
          </use>
          <value value="urn:oid:1.2.250.1.71.4.2.4"/>
        </designation>
      </concept>
      <concept>
        <code value="SA17"/>
        <display value="Etablissement pour personnes âgées"/>
        <designation>
          <use>
            <code value="OID"/>
          </use>
          <value value="urn:oid:1.2.250.1.71.4.2.4"/>
        </designation>
      </concept>
      <concept>
        <code value="SA18"/>
        <display value="Etablissement aide à la famille"/>
        <designation>
          <use>
            <code value="OID"/>
          </use>
          <value value="urn:oid:1.2.250.1.71.4.2.4"/>
        </designation>
      </concept>
      <concept>
        <code value="SA19"/>
        <display value="Etablissements FINESS de formation aux professions sanitaires et sociales"/>
        <designation>
          <use>
            <code value="OID"/>
          </use>
          <value value="urn:oid:1.2.250.1.71.4.2.4"/>
        </designation>
      </concept>
      <concept>
        <code value="SA20"/>
        <display value="Etablissement pour la protection de l'enfance"/>
        <designation>
          <use>
            <code value="OID"/>
          </use>
          <value value="urn:oid:1.2.250.1.71.4.2.4"/>
        </designation>
      </concept>
      <concept>
        <code value="SA21"/>
        <display value="Etablissement d'hébergement et de réadaptation"/>
        <designation>
          <use>
            <code value="OID"/>
          </use>
          <value value="urn:oid:1.2.250.1.71.4.2.4"/>
        </designation>
      </concept>
      <concept>
        <code value="SA22"/>
        <display value="Recherche"/>
        <designation>
          <use>
            <code value="OID"/>
          </use>
          <value value="urn:oid:1.2.250.1.71.4.2.4"/>
        </designation>
      </concept>
      <concept>
        <code value="SA23"/>
        <display value="Assurance privée"/>
        <designation>
          <use>
            <code value="OID"/>
          </use>
          <value value="urn:oid:1.2.250.1.71.4.2.4"/>
        </designation>
      </concept>
      <concept>
        <code value="SA24"/>
        <display value="Organisme de sécurité sociale"/>
        <designation>
          <use>
            <code value="OID"/>
          </use>
          <value value="urn:oid:1.2.250.1.71.4.2.4"/>
        </designation>
      </concept>
      <concept>
        <code value="SA25"/>
        <display value="Laboratoire de biologie médicale"/>
        <designation>
          <use>
            <code value="OID"/>
          </use>
          <value value="urn:oid:1.2.250.1.71.4.2.4"/>
        </designation>
      </concept>
      <concept>
        <code value="SA26"/>
        <display value="Ministère ou Service déconcentré"/>
        <designation>
          <use>
            <code value="OID"/>
          </use>
          <value value="urn:oid:1.2.250.1.71.4.2.4"/>
        </designation>
      </concept>
      <concept>
        <code value="SA27"/>
        <display value="Collectivité territoriale"/>
        <designation>
          <use>
            <code value="OID"/>
          </use>
          <value value="urn:oid:1.2.250.1.71.4.2.4"/>
        </designation>
      </concept>
      <concept>
        <code value="SA28"/>
        <display value="Association ou organisme humanitaire"/>
        <designation>
          <use>
            <code value="OID"/>
          </use>
          <value value="urn:oid:1.2.250.1.71.4.2.4"/>
        </designation>
      </concept>
      <concept>
        <code value="SA29"/>
        <display value="Laboratoire d'analyses et de biologie médicale"/>
        <designation>
          <use>
            <code value="OID"/>
          </use>
          <value value="urn:oid:1.2.250.1.71.4.2.4"/>
        </designation>
      </concept>
      <concept>
        <code value="SA30"/>
        <display value="Autre établissement sanitaire"/>
        <designation>
          <use>
            <code value="OID"/>
          </use>
          <value value="urn:oid:1.2.250.1.71.4.2.4"/>
        </designation>
      </concept>
      <concept>
        <code value="SA31"/>
        <display value="Répartition et Distribution de médicaments et dispositifs médicaux"/>
        <designation>
          <use>
            <code value="OID"/>
          </use>
          <value value="urn:oid:1.2.250.1.71.4.2.4"/>
        </designation>
      </concept>
      <concept>
        <code value="SA32"/>
        <display value="Fabrication, Exploitation et Importation de médicaments et dispositifs médicaux"/>
        <designation>
          <use>
            <code value="OID"/>
          </use>
          <value value="urn:oid:1.2.250.1.71.4.2.4"/>
        </designation>
      </concept>
      <concept>
        <code value="SA33"/>
        <display value="Pharmacie d'officine"/>
        <designation>
          <use>
            <code value="OID"/>
          </use>
          <value value="urn:oid:1.2.250.1.71.4.2.4"/>
        </designation>
      </concept>
      <concept>
        <code value="SA34"/>
        <display value="Centre de dialyse"/>
        <designation>
          <use>
            <code value="OID"/>
          </use>
          <value value="urn:oid:1.2.250.1.71.4.2.4"/>
        </designation>
      </concept>
      <concept>
        <code value="SA35"/>
        <display value="Para-pharmacie"/>
        <designation>
          <use>
            <code value="OID"/>
          </use>
          <value value="urn:oid:1.2.250.1.71.4.2.4"/>
        </designation>
      </concept>
      <concept>
        <code value="SA36"/>
        <display value="Centre anti-cancer"/>
        <designation>
          <use>
            <code value="OID"/>
          </use>
          <value value="urn:oid:1.2.250.1.71.4.2.4"/>
        </designation>
      </concept>
      <concept>
        <code value="SA37"/>
        <display value="Centre de transfusion sanguine"/>
        <designation>
          <use>
            <code value="OID"/>
          </use>
          <value value="urn:oid:1.2.250.1.71.4.2.4"/>
        </designation>
      </concept>
      <concept>
        <code value="SA38"/>
        <display value="Pharmacie minière"/>
        <designation>
          <use>
            <code value="OID"/>
          </use>
          <value value="urn:oid:1.2.250.1.71.4.2.4"/>
        </designation>
      </concept>
      <concept>
        <code value="SA39"/>
        <display value="Pharmacie mutualiste"/>
        <designation>
          <use>
            <code value="OID"/>
          </use>
          <value value="urn:oid:1.2.250.1.71.4.2.4"/>
        </designation>
      </concept>
      <concept>
        <code value="SA40"/>
        <display value="Secteur privé, praticien hospitalier temps plein"/>
        <designation>
          <use>
            <code value="OID"/>
          </use>
          <value value="urn:oid:1.2.250.1.71.4.2.4"/>
        </designation>
      </concept>
      <concept>
        <code value="SA41"/>
        <display value="Autre établissement du domaine social ou médico-social"/>
        <designation>
          <use>
            <code value="OID"/>
          </use>
          <value value="urn:oid:1.2.250.1.71.4.2.4"/>
        </designation>
      </concept>
      <concept>
        <code value="SA42"/>
        <display value="Appareillage médical"/>
        <designation>
          <use>
            <code value="OID"/>
          </use>
          <value value="urn:oid:1.2.250.1.71.4.2.4"/>
        </designation>
      </concept>
      <concept>
        <code value="SA43"/>
        <display value="Secteur non défini"/>
        <designation>
          <use>
            <code value="OID"/>
          </use>
          <value value="urn:oid:1.2.250.1.71.4.2.4"/>
        </designation>
      </concept>
      <concept>
        <code value="SA44"/>
        <display value="Recrutement ou Gestion RH"/>
        <designation>
          <use>
            <code value="OID"/>
          </use>
          <value value="urn:oid:1.2.250.1.71.4.2.4"/>
        </designation>
      </concept>
      <concept>
        <code value="SA45"/>
        <display value="Communication, Marketing, Consulting, Média"/>
        <designation>
          <use>
            <code value="OID"/>
          </use>
          <value value="urn:oid:1.2.250.1.71.4.2.4"/>
        </designation>
      </concept>
      <concept>
        <code value="SA46"/>
        <display value="Fabrication, Exploitation, Importation, Répartition, Distribution médicaments et dispositifs médicaux"/>
        <designation>
          <use>
            <code value="OID"/>
          </use>
          <value value="urn:oid:1.2.250.1.71.4.2.4"/>
        </designation>
      </concept>
      <concept>
        <code value="SA47"/>
        <display value="Incendie et secours"/>
        <designation>
          <use>
            <code value="OID"/>
          </use>
          <value value="urn:oid:1.2.250.1.71.4.2.4"/>
        </designation>
      </concept>
      <concept>
        <code value="SA48"/>
        <display value="Entreprise industrielle et tertiaire hors industrie pharmaceutique"/>
        <designation>
          <use>
            <code value="OID"/>
          </use>
          <value value="urn:oid:1.2.250.1.71.4.2.4"/>
        </designation>
      </concept>
      <concept>
        <code value="SA49"/>
        <display value="Entité Outre-Mer"/>
        <designation>
          <use>
            <code value="OID"/>
          </use>
          <value value="urn:oid:1.2.250.1.71.4.2.4"/>
        </designation>
      </concept>
      <concept>
        <code value="SA50"/>
        <display value="Permanence des soins ambulatoires hors cabinet"/>
        <designation>
          <use>
            <code value="OID"/>
          </use>
          <value value="urn:oid:1.2.250.1.71.4.2.4"/>
        </designation>
      </concept>
      <concept>
        <code value="SA51"/>
        <display value="Structure de coopération avec autorisation de soins"/>
        <designation>
          <use>
            <code value="OID"/>
          </use>
          <value value="urn:oid:1.2.250.1.71.4.2.4"/>
        </designation>
      </concept>
      <concept>
        <code value="SA52"/>
        <display value="Maison de santé ou Pôle de santé"/>
        <designation>
          <use>
            <code value="OID"/>
          </use>
          <value value="urn:oid:1.2.250.1.71.4.2.4"/>
        </designation>
      </concept>
      <concept>
        <code value="SA53"/>
        <display value="Siège administratif d'un établissement de santé"/>
        <designation>
          <use>
            <code value="OID"/>
          </use>
          <value value="urn:oid:1.2.250.1.71.4.2.4"/>
        </designation>
      </concept>
      <concept>
        <code value="SA54"/>
        <display value="Centre de dépistage et de prévention"/>
        <designation>
          <use>
            <code value="OID"/>
          </use>
          <value value="urn:oid:1.2.250.1.71.4.2.4"/>
        </designation>
      </concept>
      <concept>
        <code value="SA55"/>
        <display value="Laboratoire pharmaceutique préparant et délivrant des allergènes"/>
        <designation>
          <use>
            <code value="OID"/>
          </use>
          <value value="urn:oid:1.2.250.1.71.4.2.4"/>
        </designation>
      </concept>
      <concept>
        <code value="SA56"/>
        <display value="Propharmacie"/>
        <designation>
          <use>
            <code value="OID"/>
          </use>
          <value value="urn:oid:1.2.250.1.71.4.2.4"/>
        </designation>
      </concept>
      <concept>
        <code value="SA57"/>
        <display value="Structure de coopération avec mission de coordination de soins"/>
        <designation>
          <use>
            <code value="OID"/>
          </use>
          <value value="urn:oid:1.2.250.1.71.4.2.4"/>
        </designation>
      </concept>
      <concept>
        <code value="SA58"/>
        <display value="Entreprise de taxis"/>
        <designation>
          <use>
            <code value="OID"/>
          </use>
          <value value="urn:oid:1.2.250.1.71.4.2.4"/>
        </designation>
      </concept>
      <concept>
        <code value="SA59"/>
        <display value="Laboratoire de biologie médicale hors catégorie standard"/>
        <designation>
          <use>
            <code value="OID"/>
          </use>
          <value value="urn:oid:1.2.250.1.71.4.2.4"/>
        </designation>
      </concept>
      <concept>
        <code value="SA60"/>
        <display value="Centres médicaux SNCF"/>
        <designation>
          <use>
            <code value="OID"/>
          </use>
          <value value="urn:oid:1.2.250.1.71.4.2.4"/>
        </designation>
      </concept>
      <concept>
        <code value="SA61"/>
        <display value="Structure Dispensatrice à domicile d'Oxygène à usage médical"/>
        <designation>
          <use>
            <code value="OID"/>
          </use>
          <value value="urn:oid:1.2.250.1.71.4.2.4"/>
        </designation>
      </concept>
      <concept>
        <code value="SA63"/>
        <display value="Communauté Professionnelle Territoriale de Santé"/>
        <designation>
          <use>
            <code value="OID"/>
          </use>
          <value value="urn:oid:1.2.250.1.71.4.2.4"/>
        </designation>
      </concept>
      <concept>
        <code value="SA64"/>
        <display value="Société de téléconsultation"/>
        <designation>
          <use>
            <code value="OID"/>
          </use>
          <value value="urn:oid:1.2.250.1.71.4.2.4"/>
        </designation>
      </concept>
      <concept>
        <code value="SA65"/>
        <display value="Antenne de pharmacie"/>
        <designation>
          <use>
            <code value="OID"/>
          </use>
          <value value="urn:oid:1.2.250.1.71.4.2.4"/>
        </designation>
      </concept>
      <concept>
        <code value="SA66"/>
        <display value="Services de Prévention et de Santé au Travail (SPST)"/>
        <designation>
          <use>
            <code value="OID"/>
          </use>
          <value value="urn:oid:1.2.250.1.71.4.2.4"/>
        </designation>
      </concept>
      <concept>
        <code value="SA67"/>
        <display value="Maisons médicales de garde (MMG)"/>
        <designation>
          <use>
            <code value="OID"/>
          </use>
          <value value="urn:oid:1.2.250.1.71.4.2.4"/>
        </designation>
      </concept>
      <concept>
        <code value="SA68"/>
        <display value="Services départementaux d'incendie et de secours"/>
        <designation>
          <use>
            <code value="OID"/>
          </use>
          <value value="urn:oid:1.2.250.1.71.4.2.4"/>
        </designation>
      </concept>
      <concept>
        <code value="SA69"/>
        <display value="Maisons de naissance"/>
        <designation>
          <use>
            <code value="OID"/>
          </use>
          <value value="urn:oid:1.2.250.1.71.4.2.4"/>
        </designation>
      </concept>
    </include>
  </compose>
</ValueSet>
