<?xml version="1.0" encoding="UTF-8" standalone="no"?>
<ValueSet xmlns="http://hl7.org/fhir">
  <id value="JDV-J48-ProfessionNonPS-CISIS"/>
  <extension url="http://hl7.org/fhir/StructureDefinition/resource-effectivePeriod">
    <valuePeriod>
      <start value="2018-03-30T12:00:00+01:00"/>
    </valuePeriod>
  </extension>
  <url value="https://mos.esante.gouv.fr/NOS/JDV_J48-ProfessionNonPS-CISIS/FHIR/JDV-J48-ProfessionNonPS-CISIS"/>
  <identifier>
    <value value="urn:oid:1.2.250.1.213.1.1.5.123"/>
  </identifier>
  <version value="20231215120000"/>
  <name value="JDV_J48-ProfessionNonPS-CISIS"/>
  <status value="active"/>
  <date value="2023-12-15T12:00:00+01:00"/>
  <description value="Jeux de Valeurs des professions/spécialités des Non Ps"/>
  <compose>
    <include>
      <system value="https://mos.esante.gouv.fr/NOS/TRE_R95-UsagerTitre/FHIR/TRE-R95-UsagerTitre"/>
      <concept>
        <code value="71"/>
        <display value="Ostéopathe"/>
        <designation>
          <use>
            <code value="OID"/>
          </use>
          <value value="urn:oid:1.2.250.1.213.1.6.1.109"/>
        </designation>
      </concept>
      <concept>
        <code value="72"/>
        <display value="Psychothérapeute"/>
        <designation>
          <use>
            <code value="OID"/>
          </use>
          <value value="urn:oid:1.2.250.1.213.1.6.1.109"/>
        </designation>
      </concept>
      <concept>
        <code value="73"/>
        <display value="Chiropracteur"/>
        <designation>
          <use>
            <code value="OID"/>
          </use>
          <value value="urn:oid:1.2.250.1.213.1.6.1.109"/>
        </designation>
      </concept>
      <concept>
        <code value="93"/>
        <display value="Psychologue"/>
        <designation>
          <use>
            <code value="OID"/>
          </use>
          <value value="urn:oid:1.2.250.1.213.1.6.1.109"/>
        </designation>
      </concept>
      <concept>
        <code value="97"/>
        <display value="Conseiller en génétique"/>
        <designation>
          <use>
            <code value="OID"/>
          </use>
          <value value="urn:oid:1.2.250.1.213.1.6.1.109"/>
        </designation>
      </concept>
    </include>
    <include>
      <system value="https://mos.esante.gouv.fr/NOS/TRE_R94-ProfessionSocial/FHIR/TRE-R94-ProfessionSocial"/>
      <concept>
        <code value="41"/>
        <display value="Assistant de service social"/>
        <designation>
          <use>
            <code value="OID"/>
          </use>
          <value value="urn:oid:1.2.250.1.213.1.6.1.4"/>
        </designation>
      </concept>
      <concept>
        <code value="42"/>
        <display value="Auxiliaire de vie sociale"/>
        <designation>
          <use>
            <code value="OID"/>
          </use>
          <value value="urn:oid:1.2.250.1.213.1.6.1.4"/>
        </designation>
      </concept>
      <concept>
        <code value="43"/>
        <display value="Technicien de l'intervention sociale et familiale"/>
        <designation>
          <use>
            <code value="OID"/>
          </use>
          <value value="urn:oid:1.2.250.1.213.1.6.1.4"/>
        </designation>
      </concept>
      <concept>
        <code value="44"/>
        <display value="Conseiller en économie sociale et familiale"/>
        <designation>
          <use>
            <code value="OID"/>
          </use>
          <value value="urn:oid:1.2.250.1.213.1.6.1.4"/>
        </designation>
      </concept>
      <concept>
        <code value="45"/>
        <display value="Médiateur familial"/>
        <designation>
          <use>
            <code value="OID"/>
          </use>
          <value value="urn:oid:1.2.250.1.213.1.6.1.4"/>
        </designation>
      </concept>
      <concept>
        <code value="46"/>
        <display value="Assistant familial"/>
        <designation>
          <use>
            <code value="OID"/>
          </use>
          <value value="urn:oid:1.2.250.1.213.1.6.1.4"/>
        </designation>
      </concept>
      <concept>
        <code value="47"/>
        <display value="Aide médico-psychologique (AMP)"/>
        <designation>
          <use>
            <code value="OID"/>
          </use>
          <value value="urn:oid:1.2.250.1.213.1.6.1.4"/>
        </designation>
      </concept>
      <concept>
        <code value="48"/>
        <display value="Moniteur éducateur"/>
        <designation>
          <use>
            <code value="OID"/>
          </use>
          <value value="urn:oid:1.2.250.1.213.1.6.1.4"/>
        </designation>
      </concept>
      <concept>
        <code value="49"/>
        <display value="Educateur de jeunes enfants"/>
        <designation>
          <use>
            <code value="OID"/>
          </use>
          <value value="urn:oid:1.2.250.1.213.1.6.1.4"/>
        </designation>
      </concept>
      <concept>
        <code value="51"/>
        <display value="Educateur spécialisé"/>
        <designation>
          <use>
            <code value="OID"/>
          </use>
          <value value="urn:oid:1.2.250.1.213.1.6.1.4"/>
        </designation>
      </concept>
      <concept>
        <code value="52"/>
        <display value="Educateur technique spécialisé"/>
        <designation>
          <use>
            <code value="OID"/>
          </use>
          <value value="urn:oid:1.2.250.1.213.1.6.1.4"/>
        </designation>
      </concept>
      <concept>
        <code value="53"/>
        <display value="Accompagnant éducatif et social"/>
        <designation>
          <use>
            <code value="OID"/>
          </use>
          <value value="urn:oid:1.2.250.1.213.1.6.1.4"/>
        </designation>
      </concept>
    </include>
    <include>
      <system value="https://mos.esante.gouv.fr/NOS/TRE_R85-RolePriseCharge/FHIR/TRE-R85-RolePriseCharge"/>
      <concept>
        <code value="300"/>
        <display value="Assistant de service social (PAERPA)"/>
        <designation>
          <use>
            <code value="OID"/>
          </use>
          <value value="urn:oid:1.2.250.1.213.1.6.1.107"/>
        </designation>
      </concept>
      <concept>
        <code value="301"/>
        <display value="Coordination territoriale d'appui (PAERPA)"/>
        <designation>
          <use>
            <code value="OID"/>
          </use>
          <value value="urn:oid:1.2.250.1.213.1.6.1.107"/>
        </designation>
      </concept>
      <concept>
        <code value="302"/>
        <display value="Aide et accompagnement à domicile (PAERPA)"/>
        <designation>
          <use>
            <code value="OID"/>
          </use>
          <value value="urn:oid:1.2.250.1.213.1.6.1.107"/>
        </designation>
      </concept>
      <concept>
        <code value="303"/>
        <display value="Avocat participant aux processus de soins sans consentement (eSSS)"/>
        <designation>
          <use>
            <code value="OID"/>
          </use>
          <value value="urn:oid:1.2.250.1.213.1.6.1.107"/>
        </designation>
      </concept>
      <concept>
        <code value="307"/>
        <display value="Mandataire judiciaire à la protection des majeurs (MJPM)"/>
        <designation>
          <use>
            <code value="OID"/>
          </use>
          <value value="urn:oid:1.2.250.1.213.1.6.1.107"/>
        </designation>
      </concept>
      <concept>
        <code value="308"/>
        <display value="Pilote MAIA"/>
        <designation>
          <use>
            <code value="OID"/>
          </use>
          <value value="urn:oid:1.2.250.1.213.1.6.1.107"/>
        </designation>
      </concept>
      <concept>
        <code value="309"/>
        <display value="Gestionnaire de cas MAIA"/>
        <designation>
          <use>
            <code value="OID"/>
          </use>
          <value value="urn:oid:1.2.250.1.213.1.6.1.107"/>
        </designation>
      </concept>
      <concept>
        <code value="310"/>
        <display value="Equipe médico-sociale APA"/>
        <designation>
          <use>
            <code value="OID"/>
          </use>
          <value value="urn:oid:1.2.250.1.213.1.6.1.107"/>
        </designation>
      </concept>
      <concept>
        <code value="311"/>
        <display value="Autre acteur mettant en oeuvre la méthode MAIA"/>
        <designation>
          <use>
            <code value="OID"/>
          </use>
          <value value="urn:oid:1.2.250.1.213.1.6.1.107"/>
        </designation>
      </concept>
      <concept>
        <code value="312"/>
        <display value="Autre professionnel"/>
        <designation>
          <use>
            <code value="OID"/>
          </use>
          <value value="urn:oid:1.2.250.1.213.1.6.1.107"/>
        </designation>
      </concept>
      <concept>
        <code value="313"/>
        <display value="Aide-soignant"/>
        <designation>
          <use>
            <code value="OID"/>
          </use>
          <value value="urn:oid:1.2.250.1.213.1.6.1.107"/>
        </designation>
      </concept>
      <concept>
        <code value="314"/>
        <display value="Ambulancier"/>
        <designation>
          <use>
            <code value="OID"/>
          </use>
          <value value="urn:oid:1.2.250.1.213.1.6.1.107"/>
        </designation>
      </concept>
      <concept>
        <code value="315"/>
        <display value="Auxiliaire de puériculture"/>
        <designation>
          <use>
            <code value="OID"/>
          </use>
          <value value="urn:oid:1.2.250.1.213.1.6.1.107"/>
        </designation>
      </concept>
      <concept>
        <code value="316"/>
        <display value="Préparateur en pharmacie hospitalière"/>
        <designation>
          <use>
            <code value="OID"/>
          </use>
          <value value="urn:oid:1.2.250.1.213.1.6.1.107"/>
        </designation>
      </concept>
      <concept>
        <code value="317"/>
        <display value="Préparateur en pharmacie (officine)"/>
        <designation>
          <use>
            <code value="OID"/>
          </use>
          <value value="urn:oid:1.2.250.1.213.1.6.1.107"/>
        </designation>
      </concept>
      <concept>
        <code value="318"/>
        <display value="Auxiliaire de vie sociale"/>
        <designation>
          <use>
            <code value="OID"/>
          </use>
          <value value="urn:oid:1.2.250.1.213.1.6.1.107"/>
        </designation>
      </concept>
      <concept>
        <code value="319"/>
        <display value="Technicien de l'intervention sociale et familiale"/>
        <designation>
          <use>
            <code value="OID"/>
          </use>
          <value value="urn:oid:1.2.250.1.213.1.6.1.107"/>
        </designation>
      </concept>
      <concept>
        <code value="320"/>
        <display value="Conseiller en économie sociale et familiale"/>
        <designation>
          <use>
            <code value="OID"/>
          </use>
          <value value="urn:oid:1.2.250.1.213.1.6.1.107"/>
        </designation>
      </concept>
      <concept>
        <code value="321"/>
        <display value="Médiateur familial"/>
        <designation>
          <use>
            <code value="OID"/>
          </use>
          <value value="urn:oid:1.2.250.1.213.1.6.1.107"/>
        </designation>
      </concept>
      <concept>
        <code value="322"/>
        <display value="Assistant familial"/>
        <designation>
          <use>
            <code value="OID"/>
          </use>
          <value value="urn:oid:1.2.250.1.213.1.6.1.107"/>
        </designation>
      </concept>
      <concept>
        <code value="323"/>
        <display value="Aide médico-psychologique (AMP)"/>
        <designation>
          <use>
            <code value="OID"/>
          </use>
          <value value="urn:oid:1.2.250.1.213.1.6.1.107"/>
        </designation>
      </concept>
      <concept>
        <code value="324"/>
        <display value="Moniteur éducateur"/>
        <designation>
          <use>
            <code value="OID"/>
          </use>
          <value value="urn:oid:1.2.250.1.213.1.6.1.107"/>
        </designation>
      </concept>
      <concept>
        <code value="325"/>
        <display value="Educateur de jeunes enfants"/>
        <designation>
          <use>
            <code value="OID"/>
          </use>
          <value value="urn:oid:1.2.250.1.213.1.6.1.107"/>
        </designation>
      </concept>
      <concept>
        <code value="326"/>
        <display value="Educateur spécialisé"/>
        <designation>
          <use>
            <code value="OID"/>
          </use>
          <value value="urn:oid:1.2.250.1.213.1.6.1.107"/>
        </designation>
      </concept>
      <concept>
        <code value="327"/>
        <display value="Educateur technique spécialisé"/>
        <designation>
          <use>
            <code value="OID"/>
          </use>
          <value value="urn:oid:1.2.250.1.213.1.6.1.107"/>
        </designation>
      </concept>
      <concept>
        <code value="328"/>
        <display value="Accompagnant éducatif et social"/>
        <designation>
          <use>
            <code value="OID"/>
          </use>
          <value value="urn:oid:1.2.250.1.213.1.6.1.107"/>
        </designation>
      </concept>
      <concept>
        <code value="329"/>
        <display value="Conseiller en génétique"/>
        <designation>
          <use>
            <code value="OID"/>
          </use>
          <value value="urn:oid:1.2.250.1.213.1.6.1.107"/>
        </designation>
      </concept>
      <concept>
        <code value="331"/>
        <display value="Secrétaire médicale"/>
        <designation>
          <use>
            <code value="OID"/>
          </use>
          <value value="urn:oid:1.2.250.1.213.1.6.1.107"/>
        </designation>
      </concept>
      <concept>
        <code value="332"/>
        <display value="Assistant médical"/>
        <designation>
          <use>
            <code value="OID"/>
          </use>
          <value value="urn:oid:1.2.250.1.213.1.6.1.107"/>
        </designation>
      </concept>
      <concept>
        <code value="333"/>
        <display value="Responsable de secteur"/>
        <designation>
          <use>
            <code value="OID"/>
          </use>
          <value value="urn:oid:1.2.250.1.213.1.6.1.107"/>
        </designation>
      </concept>
      <concept>
        <code value="334"/>
        <display value="Biologiste médical ni médecin ni pharmacien"/>
        <designation>
          <use>
            <code value="OID"/>
          </use>
          <value value="urn:oid:1.2.250.1.213.1.6.1.107"/>
        </designation>
      </concept>
      <concept>
        <code value="350"/>
        <display value="Aide à domicile"/>
        <designation>
          <use>
            <code value="OID"/>
          </use>
          <value value="urn:oid:1.2.250.1.213.1.6.1.107"/>
        </designation>
      </concept>
      <concept>
        <code value="351"/>
        <display value="Assistant(e) maternel(le)"/>
        <designation>
          <use>
            <code value="OID"/>
          </use>
          <value value="urn:oid:1.2.250.1.213.1.6.1.107"/>
        </designation>
      </concept>
    </include>
  </compose>
</ValueSet>
