<?xml version="1.0" encoding="UTF-8"?>

<Organization xmlns="http://hl7.org/fhir">
  <id value="481677"/>
  <meta>
    <versionId value="0.1"/>
    <lastUpdated value="2019-09-02T01:00:00.000+01:00"/>
    <source value="https://annuaire.sante.fr"/>
    <profile value="https://hl7.fr/ig/fhir/core/StructureDefinition/fr-core-organization"/>
    <profile value="https://interop.esante.gouv.fr/ig/fhir/annuaire/StructureDefinition/as-dr-organization"/>
  </meta>
  <language value="fr"/>
  <text>
    <status value="extensions"/><div xmlns="http://www.w3.org/1999/xhtml" xml:lang="fr" lang="fr"><p class="res-header-id"><b>Generated Narrative: Organization 481677</b></p><a name="481677"> </a><a name="hc481677"> </a><a name="481677-fr-FR"> </a><div style="display: inline-block; background-color: #d9e0e7; padding: 6px; margin: 4px; border: 1px solid #8da1b4; border-radius: 5px; line-height: 60%"><p style="margin-bottom: 0px">version: 0.1; Last updated: 2019-09-02 01:00:00+0100; Language: fr; </p><p style="margin-bottom: 0px">Information Source: <a href="https://annuaire.sante.fr">https://annuaire.sante.fr</a></p><p style="margin-bottom: 0px">Profiles: <a href="https://hl7.fr/ig/fhir/core/2.1.0/StructureDefinition-fr-core-organization.html">FR Core Organization Profile</a>, <a href="StructureDefinition-as-dr-organization.html">AS Donnée Restreinte Organization Profile</a></p></div><p><b>Organization Period</b>: 2019-09-02 --&gt; (ongoing)</p><p><b>identifier</b>: Identification nationale de structure définie par l’ANS dans le CI_SIS/1580008803 (use: official, ), FINESS d'entité juridique/580008803 (use: official, ), Identifiant interne/F58000880311022013 (use: official, )</p><p><b>active</b>: true</p><p><b>type</b>: <span title="Codes:{https://hl7.fr/ig/fhir/core/CodeSystem/fr-core-cs-v2-3307 LEGAL-ENTITY}">Entité légale</span>, <span title="Codes:{https://mos.esante.gouv.fr/NOS/TRE_R02-SecteurActivite/FHIR/TRE-R02-SecteurActivite SA33}">Pharmacie d'officine</span></p><p><b>name</b>: PHARMACIE NOLOT</p><p><b>telecom</b>: <a href="mailto:xxxx@xxxxx.mssante.fr">xxxx@xxxxx.mssante.fr</a></p></div>
  </text>
  <extension url="http://hl7.org/fhir/StructureDefinition/organization-period">
    <valuePeriod>
      <start value="2019-09-02"/>
    </valuePeriod>
  </extension>
  <identifier>
    <use value="official"/>
    <type>
      <coding>
        <system value="https://hl7.fr/ig/fhir/core/CodeSystem/fr-core-cs-v2-0203"/>
        <code value="IDNST"/>
      </coding>
    </type>
    <system value="urn:oid:1.2.250.1.71.4.2.2"/>
    <value value="1580008803"/>
  </identifier>
  <identifier>
    <use value="official"/>
    <type>
      <coding>
        <system value="https://hl7.fr/ig/fhir/core/CodeSystem/fr-core-cs-v2-0203"/>
        <code value="FINEJ"/>
      </coding>
    </type>
    <system value="https://finess.esante.gouv.fr"/>
    <value value="580008803"/>
  </identifier>
  <identifier>
    <use value="official"/>
    <type>
      <coding>
        <system value="https://hl7.fr/ig/fhir/core/CodeSystem/fr-core-cs-v2-0203"/>
        <code value="INTRN"/>
      </coding>
    </type>
    <system value="https://rppsrang.esante.gouv.fr"/>
    <value value="F58000880311022013"/>
  </identifier>
  <active value="true"/>
  <type>
    <extension url="https://interop.esante.gouv.fr/ig/fhir/annuaire/StructureDefinition/as-ext-organization-types">
      <valueCode value="organizationType"/>
    </extension>
    <coding>
      <system value="https://hl7.fr/ig/fhir/core/CodeSystem/fr-core-cs-v2-3307"/>
      <code value="LEGAL-ENTITY"/>
    </coding>
  </type>
  <type>
    <extension url="https://interop.esante.gouv.fr/ig/fhir/annuaire/StructureDefinition/as-ext-organization-types">
      <valueCode value="secteurActiviteRASS"/>
    </extension>
    <coding>
      <system value="https://mos.esante.gouv.fr/NOS/TRE_R02-SecteurActivite/FHIR/TRE-R02-SecteurActivite"/>
      <code value="SA33"/>
    </coding>
  </type>
  <name value="PHARMACIE NOLOT"/>
  <telecom>
    <extension url="https://hl7.fr/ig/fhir/core/StructureDefinition/fr-core-contact-point-email-type">
      <valueCoding>
        <system value="https://mos.esante.gouv.fr/NOS/TRE_R256-TypeMessagerie/FHIR/TRE-R256-TypeMessagerie"/>
        <code value="MSSANTE"/>
      </valueCoding>
    </extension>
    <extension url="https://interop.esante.gouv.fr/ig/fhir/annuaire/StructureDefinition/as-ext-mailbox-mss-metadata">
      <extension url="type">
        <valueCodeableConcept>
          <coding>
            <system value="https://mos.esante.gouv.fr/NOS/TRE_R257-TypeBAL/FHIR/TRE-R257-TypeBAL"/>
            <code value="ORG"/>
          </coding>
        </valueCodeableConcept>
      </extension>
    </extension>
    <system value="email"/>
    <value value="xxxx@xxxxx.mssante.fr"/>
  </telecom>
</Organization>