{
  "resourceType" : "CodeSystem",
  "id" : "d02ee7df-5e3f-4a78-8010-d2c331b34167-2",
  "url" : "http://hl7.org/fhir/comparison/CodeSystem/d02ee7df-5e3f-4a78-8010-d2c331b34167-2",
  "name" : "UnionInputTaskSDOCodeSystemAndInputTaskSDOCodeSystem",
  "title" : "Union of InputTaskSDOCodeSystem And InputTaskSDOCodeSystem",
  "status" : "active",
  "date" : "2025-01-30T17:28:18+00:00",
  "jurisdiction" : [{
    "coding" : [{
      "system" : "urn:iso:std:iso:3166",
      "code" : "FR",
      "display" : "FRANCE"
    }]
  }],
  "concept" : [{
    "code" : "idNat_Struct",
    "display" : "idNat_Struct",
    "definition" : "Identifiant de l'ESMS accueillant l'individu en situation de handicap. Cet identifiant est obtenu par la concaténation du type d'identifiant national de structure (provenant de la nomenclature TRE_G07-TypeIdentifiantStructure) et de l'identifiant de la structure: ** 1 + N° FINESS (entité juridique et entité géographique indéterminées);** 3 + N° SIRET"
  },
  {
    "code" : "nomESMS",
    "display" : "nomESMS",
    "definition" : "Permet de définir le nom de l’ESMS"
  },
  {
    "code" : "statutESMS",
    "display" : "statutESMS",
    "definition" : "Statut de l’usager dans l'ESMS"
  },
  {
    "code" : "motifESMS",
    "display" : "motifESMS",
    "definition" : "Permet de définir le motif associé au statut de l’usager dans l’ESMS. Motifs obligatoires pour certains statuts suivant la table : https://mos.esante.gouv.fr/NOS/ASS_A32-StatutMotifPersonnePriseCharge/ASS_A32-StatutMotifPersonnePriseCharge.pdf"
  },
  {
    "code" : "dateStatutESMS",
    "display" : "dateStatutESMS",
    "definition" : "Permet de définir la date d'entrée dans le statut"
  },
  {
    "code" : "idUnite",
    "display" : "idUnite",
    "definition" : "Identifiant de l'unité qui correspond à l’identifiant de l'organisation interne, unique et persistant au niveau national, et généré par une instance régionale du ROR (pour plus de précision, voir la spécification « ANS ROR - Modèle Exposition"
  },
  {
    "code" : "nomUnite",
    "display" : "nomUnite",
    "definition" : "Nom de l'unité"
  },
  {
    "code" : "categorieOrganisation",
    "display" : "categorieOrganisation",
    "definition" : "Permet de définir la catégorie d’organisation qui caractérise la nature particulière de l’offre de santé portée par l'unité"
  },
  {
    "code" : "temporaliteAccueil",
    "display" : "temporaliteAccueil",
    "definition" : "Permet de définir la fréquence d'accueil lors d'une prise en charge en ESMS"
  },
  {
    "code" : "accueilSequentiel",
    "display" : "accueilSequentiel",
    "definition" : "Permet de définir l’accueil séquentiel"
  },
  {
    "code" : "modePriseCharge",
    "display" : "modePriseCharge",
    "definition" : "Permet de définir le mode de prise en charge"
  },
  {
    "code" : "statutUnite",
    "display" : "statutUnite",
    "definition" : "Statut de la personne orientée au niveau de l’unité, définis dans le cadre fonctionnel du système d'information de suivi des orientations de la CNSA"
  },
  {
    "code" : "dateStatutUnite",
    "display" : "dateStatutUnite",
    "definition" : "Permet de définir la date d'entrée renseignée par l'utilisateur pour les statuts"
  },
  {
    "code" : "motifUnite",
    "display" : "motifUnite",
    "definition" : "Permet de définir le motif de sortie ou d’admission impossible"
  },
  {
    "code" : "typeDroitPrestation",
    "display" : "typeDroitPrestation",
    "definition" : "Permet de définir le type de droit et prestation caractérisant la décision d'orientation."
  },
  {
    "code" : "idDecision",
    "display" : "idDecision",
    "definition" : "Permet de définir l’identifiant de la décision unique au sein de la MDPH"
  },
  {
    "code" : "idNat_Decision",
    "display" : "idNat_Decision",
    "definition" : "Identifiant technique national de la décision, généré par ViaTrajectoire. Cet identifiant unique est retourné dans le Flux 1 par ViaTrajectoire à la MDPH lorsque la décision est créée dans le SI-SdO."
  }]
}