{
  "codeSystems" : [
    {
      "url" : "https://mos.esante.gouv.fr/NOS/JDV_J110-StatutVisibiliteDocument-CISIS/FHIR/JDV-J110-StatutVisibiliteDocument-CISIS",
      "version" : "1.4.0",
      "status" : "active",
      "name" : "JDV_J110-StatutVisibiliteDocument-CISIS",
      "title" : null,
      "description" : "Restriction d'audience applicable aux objets référencés liste - CISIS",
      "systems" : [
        "https://mos.esante.gouv.fr/NOS/TRE_A07-StatutVisibiliteDocument/FHIR/TRE-A07-StatutVisibiliteDocument"
      ],
      "oids" : ["1.2.250.1.213.1.1.5.480"],
      "sources" : ["1.2.250.1.213.1.1.5.480"],
      "uses" : {
      },
      "StructureDefinition-cdl-document-reference.html" : "DocumentReference Cahier de Liaison"
    },
    {
      "url" : "https://mos.esante.gouv.fr/NOS/JDV_J23-TypeNoteCahierLiaison-CISIS/FHIR/JDV-J23-TypeNoteCahierLiaison-CISIS",
      "version" : "1.4.0",
      "status" : "active",
      "name" : "JDV_J23-TypeNoteCahierLiaison-CISIS",
      "title" : null,
      "description" : "Type de note du cahier de liaison - CI-SIS",
      "systems" : [
        "https://mos.esante.gouv.fr/NOS/TRE_R234-TypeNote/FHIR/TRE-R234-TypeNote"
      ],
      "oids" : ["1.2.250.1.213.1.1.5.98"],
      "sources" : ["1.2.250.1.213.1.1.5.98"],
      "uses" : {
      },
      "StructureDefinition-cdl-document-reference.html" : "DocumentReference Cahier de Liaison"
    }
  ]
}
