{
  "resourceType" : "CodeSystem",
  "id" : "TRE-R330-TypeStatutCapacite",
  "text" : {
    "status" : "generated",
    "div" : "<div xmlns=\"http://www.w3.org/1999/xhtml\"><p><b>Properties</b></p><p><b>This code system defines the following properties for its concepts</b></p><table class=\"grid\"><tr><td><b>Name</b></td><td><b>Code</b></td><td><b>Type</b></td><td><b>Description</b></td></tr><tr><td>dateValid</td><td>dateValid</td><td>dateTime</td><td>date de validité d'un code concept</td></tr><tr><td>dateMaj</td><td>dateMaj</td><td>dateTime</td><td>Date de mise à jour d'un code concept</td></tr><tr><td>dateFin</td><td>dateFin</td><td>dateTime</td><td>Date de fin d'exploitation d'un code concept</td></tr></table><p><b>Concepts</b></p><p>This  code system <code>https://mos.esante.gouv.fr/NOS/TRE_R330-TypeStatutCapacite/FHIR/TRE-R330-TypeStatutCapacite</code> defines the following codes:</p><table class=\"codes\"><tr><td style=\"white-space:nowrap\"><b>Code</b></td><td><b>Display</b></td><td><b>dateValid</b></td><td><b>dateMaj</b></td></tr><tr><td style=\"white-space:nowrap\">01<a name=\"TRE-R330-TypeStatutCapacite-01\"> </a></td><td>Installé</td><td>2022-05-27T12:00:00+01:00</td><td>2022-05-27T12:00:00+01:00</td></tr><tr><td style=\"white-space:nowrap\">02<a name=\"TRE-R330-TypeStatutCapacite-02\"> </a></td><td>Disponible</td><td>2022-05-27T12:00:00+01:00</td><td>2022-05-27T12:00:00+01:00</td></tr><tr><td style=\"white-space:nowrap\">03<a name=\"TRE-R330-TypeStatutCapacite-03\"> </a></td><td>Occupé</td><td>2022-05-27T12:00:00+01:00</td><td>2022-05-27T12:00:00+01:00</td></tr><tr><td style=\"white-space:nowrap\">04<a name=\"TRE-R330-TypeStatutCapacite-04\"> </a></td><td>Réservé</td><td>2022-05-27T12:00:00+01:00</td><td>2022-05-27T12:00:00+01:00</td></tr><tr><td style=\"white-space:nowrap\">05<a name=\"TRE-R330-TypeStatutCapacite-05\"> </a></td><td>Fermé</td><td>2022-05-27T12:00:00+01:00</td><td>2022-05-27T12:00:00+01:00</td></tr><tr><td style=\"white-space:nowrap\">06<a name=\"TRE-R330-TypeStatutCapacite-06\"> </a></td><td>Supplémentaire</td><td>2022-05-27T12:00:00+01:00</td><td>2022-05-27T12:00:00+01:00</td></tr></table></div>"
  },
  "extension" : [{
    "url" : "http://hl7.org/fhir/StructureDefinition/resource-effectivePeriod",
    "valuePeriod" : {
      "start" : "2022-05-27T12:00:00+01:00"
    }
  }],
  "url" : "https://mos.esante.gouv.fr/NOS/TRE_R330-TypeStatutCapacite/FHIR/TRE-R330-TypeStatutCapacite",
  "identifier" : [{
    "value" : "urn:oid:1.2.250.1.213.3.3.213"
  }],
  "version" : "1.4.0",
  "name" : "TRE_R330-TypeStatutCapacite",
  "status" : "active",
  "date" : "2023-12-15T12:00:00+01:00",
  "publisher" : "ANS",
  "contact" : [{
    "name" : "ANS",
    "telecom" : [{
      "system" : "url",
      "value" : "https://esante.gouv.fr"
    }]
  }],
  "description" : "Permet de préciser le statut des lits décrits",
  "content" : "complete",
  "property" : [{
    "code" : "dateValid",
    "description" : "date de validité d'un code concept",
    "type" : "dateTime"
  },
  {
    "code" : "dateMaj",
    "description" : "Date de mise à jour d'un code concept",
    "type" : "dateTime"
  },
  {
    "code" : "dateFin",
    "description" : "Date de fin d'exploitation d'un code concept",
    "type" : "dateTime"
  }],
  "concept" : [{
    "code" : "01",
    "display" : "Installé",
    "designation" : [{
      "use" : {
        "code" : "LibelleCourt"
      },
      "value" : "Installé"
    },
    {
      "use" : {
        "code" : "LibelleAdapte"
      },
      "value" : "Installé"
    }],
    "property" : [{
      "code" : "dateValid",
      "valueDateTime" : "2022-05-27T12:00:00+01:00"
    },
    {
      "code" : "dateMaj",
      "valueDateTime" : "2022-05-27T12:00:00+01:00"
    }]
  },
  {
    "code" : "02",
    "display" : "Disponible",
    "designation" : [{
      "use" : {
        "code" : "LibelleCourt"
      },
      "value" : "Disponible"
    },
    {
      "use" : {
        "code" : "LibelleAdapte"
      },
      "value" : "Disponible"
    }],
    "property" : [{
      "code" : "dateValid",
      "valueDateTime" : "2022-05-27T12:00:00+01:00"
    },
    {
      "code" : "dateMaj",
      "valueDateTime" : "2022-05-27T12:00:00+01:00"
    }]
  },
  {
    "code" : "03",
    "display" : "Occupé",
    "designation" : [{
      "use" : {
        "code" : "LibelleCourt"
      },
      "value" : "Occupé"
    },
    {
      "use" : {
        "code" : "LibelleAdapte"
      },
      "value" : "Occupé"
    }],
    "property" : [{
      "code" : "dateValid",
      "valueDateTime" : "2022-05-27T12:00:00+01:00"
    },
    {
      "code" : "dateMaj",
      "valueDateTime" : "2022-05-27T12:00:00+01:00"
    }]
  },
  {
    "code" : "04",
    "display" : "Réservé",
    "designation" : [{
      "use" : {
        "code" : "LibelleCourt"
      },
      "value" : "Réservé"
    },
    {
      "use" : {
        "code" : "LibelleAdapte"
      },
      "value" : "Réservé"
    }],
    "property" : [{
      "code" : "dateValid",
      "valueDateTime" : "2022-05-27T12:00:00+01:00"
    },
    {
      "code" : "dateMaj",
      "valueDateTime" : "2022-05-27T12:00:00+01:00"
    }]
  },
  {
    "code" : "05",
    "display" : "Fermé",
    "designation" : [{
      "use" : {
        "code" : "LibelleCourt"
      },
      "value" : "Fermé"
    },
    {
      "use" : {
        "code" : "LibelleAdapte"
      },
      "value" : "Fermé"
    }],
    "property" : [{
      "code" : "dateValid",
      "valueDateTime" : "2022-05-27T12:00:00+01:00"
    },
    {
      "code" : "dateMaj",
      "valueDateTime" : "2022-05-27T12:00:00+01:00"
    }]
  },
  {
    "code" : "06",
    "display" : "Supplémentaire",
    "designation" : [{
      "use" : {
        "code" : "LibelleCourt"
      },
      "value" : "Supplémentaire"
    },
    {
      "use" : {
        "code" : "LibelleAdapte"
      },
      "value" : "Supplémentaire"
    }],
    "property" : [{
      "code" : "dateValid",
      "valueDateTime" : "2022-05-27T12:00:00+01:00"
    },
    {
      "code" : "dateMaj",
      "valueDateTime" : "2022-05-27T12:00:00+01:00"
    }]
  }]
}