{
  "resourceType" : "ValueSet",
  "id" : "JDV-J55-CategorieEG-ROR",
  "text" : {
    "status" : "extensions",
    "div" : "<div xmlns=\"http://www.w3.org/1999/xhtml\"><p>This value set includes codes based on the following rules:</p><ul><li>Include these codes as defined in <a href=\"CodeSystem-TRE-R66-CategorieEtablissement.html\"><code>https://mos.esante.gouv.fr/NOS/TRE_R66-CategorieEtablissement/FHIR/TRE-R66-CategorieEtablissement</code></a><table class=\"none\"><tr><td style=\"white-space:nowrap\"><b>Code</b></td><td><b>Display</b></td><td><b>Definition</b></td></tr><tr><td><a href=\"CodeSystem-TRE-R66-CategorieEtablissement.html#TRE-R66-CategorieEtablissement-101\">101</a></td><td>Centre hospitalier régional (CHR)</td><td/></tr><tr><td><a href=\"CodeSystem-TRE-R66-CategorieEtablissement.html#TRE-R66-CategorieEtablissement-106\">106</a></td><td>Centre hospitalier (ex Hôpital local)</td><td/></tr><tr><td><a href=\"CodeSystem-TRE-R66-CategorieEtablissement.html#TRE-R66-CategorieEtablissement-109\">109</a></td><td>Etablissement de santé privé autorisé en soins de suite et de réadaptation (SSR)</td><td/></tr><tr><td><a href=\"CodeSystem-TRE-R66-CategorieEtablissement.html#TRE-R66-CategorieEtablissement-114\">114</a></td><td>Hôpital des armées</td><td/></tr><tr><td><a href=\"CodeSystem-TRE-R66-CategorieEtablissement.html#TRE-R66-CategorieEtablissement-115\">115</a></td><td>Etablissement de soins du Service de santé des armées (SSA)</td><td/></tr><tr><td><a href=\"CodeSystem-TRE-R66-CategorieEtablissement.html#TRE-R66-CategorieEtablissement-122\">122</a></td><td>Etablissement de soins obstétriques et chirurgico-gynécologiques</td><td/></tr><tr><td><a href=\"CodeSystem-TRE-R66-CategorieEtablissement.html#TRE-R66-CategorieEtablissement-124\">124</a></td><td>Centre de santé</td><td/></tr><tr><td><a href=\"CodeSystem-TRE-R66-CategorieEtablissement.html#TRE-R66-CategorieEtablissement-126\">126</a></td><td>Etablissement thermal</td><td/></tr><tr><td><a href=\"CodeSystem-TRE-R66-CategorieEtablissement.html#TRE-R66-CategorieEtablissement-127\">127</a></td><td>Hospitalisation à domicile (HAD)</td><td/></tr><tr><td><a href=\"CodeSystem-TRE-R66-CategorieEtablissement.html#TRE-R66-CategorieEtablissement-128\">128</a></td><td>Etablissement de soins chirurgicaux</td><td/></tr><tr><td><a href=\"CodeSystem-TRE-R66-CategorieEtablissement.html#TRE-R66-CategorieEtablissement-129\">129</a></td><td>Etablissement de soins médicaux</td><td/></tr><tr><td><a href=\"CodeSystem-TRE-R66-CategorieEtablissement.html#TRE-R66-CategorieEtablissement-130\">130</a></td><td>Centre de soins médicaux</td><td/></tr><tr><td><a href=\"CodeSystem-TRE-R66-CategorieEtablissement.html#TRE-R66-CategorieEtablissement-131\">131</a></td><td>Centre de lutte contre cancer</td><td/></tr><tr><td><a href=\"CodeSystem-TRE-R66-CategorieEtablissement.html#TRE-R66-CategorieEtablissement-132\">132</a></td><td>Etablissement de transfusion sanguine</td><td/></tr><tr><td><a href=\"CodeSystem-TRE-R66-CategorieEtablissement.html#TRE-R66-CategorieEtablissement-141\">141</a></td><td>Centre de dialyse</td><td/></tr><tr><td><a href=\"CodeSystem-TRE-R66-CategorieEtablissement.html#TRE-R66-CategorieEtablissement-142\">142</a></td><td>Dispensaire antituberculeux</td><td/></tr><tr><td><a href=\"CodeSystem-TRE-R66-CategorieEtablissement.html#TRE-R66-CategorieEtablissement-143\">143</a></td><td>Centre de vaccination BCG</td><td/></tr><tr><td><a href=\"CodeSystem-TRE-R66-CategorieEtablissement.html#TRE-R66-CategorieEtablissement-146\">146</a></td><td>Structure d'alternative à la dialyse en centre</td><td/></tr><tr><td><a href=\"CodeSystem-TRE-R66-CategorieEtablissement.html#TRE-R66-CategorieEtablissement-156\">156</a></td><td>Centre médico-psychologique (CMP)</td><td/></tr><tr><td><a href=\"CodeSystem-TRE-R66-CategorieEtablissement.html#TRE-R66-CategorieEtablissement-159\">159</a></td><td>Centre Parental</td><td/></tr><tr><td><a href=\"CodeSystem-TRE-R66-CategorieEtablissement.html#TRE-R66-CategorieEtablissement-161\">161</a></td><td>Maison de santé pour maladies mentales</td><td/></tr><tr><td><a href=\"CodeSystem-TRE-R66-CategorieEtablissement.html#TRE-R66-CategorieEtablissement-165\">165</a></td><td>Appartement de coordination thérapeutique (ACT)</td><td/></tr><tr><td><a href=\"CodeSystem-TRE-R66-CategorieEtablissement.html#TRE-R66-CategorieEtablissement-166\">166</a></td><td>Etablissement d'accueil mère-enfant</td><td/></tr><tr><td><a href=\"CodeSystem-TRE-R66-CategorieEtablissement.html#TRE-R66-CategorieEtablissement-172\">172</a></td><td>Pouponnière à caractère social</td><td/></tr><tr><td><a href=\"CodeSystem-TRE-R66-CategorieEtablissement.html#TRE-R66-CategorieEtablissement-175\">175</a></td><td>Foyer de l'enfance</td><td/></tr><tr><td><a href=\"CodeSystem-TRE-R66-CategorieEtablissement.html#TRE-R66-CategorieEtablissement-176\">176</a></td><td>Village d'enfants</td><td/></tr><tr><td><a href=\"CodeSystem-TRE-R66-CategorieEtablissement.html#TRE-R66-CategorieEtablissement-177\">177</a></td><td>Maison d'enfants à caractère social</td><td/></tr><tr><td><a href=\"CodeSystem-TRE-R66-CategorieEtablissement.html#TRE-R66-CategorieEtablissement-178\">178</a></td><td>Centre d'accueil et d'accompagnement à la réduction des risques pour usagers de drogues (CAARUD)</td><td/></tr><tr><td><a href=\"CodeSystem-TRE-R66-CategorieEtablissement.html#TRE-R66-CategorieEtablissement-180\">180</a></td><td>Lits halte soins santé (LHSS)</td><td/></tr><tr><td><a href=\"CodeSystem-TRE-R66-CategorieEtablissement.html#TRE-R66-CategorieEtablissement-182\">182</a></td><td>Service d'éducation spéciale et de soins à domicile (SESSAD)</td><td/></tr><tr><td><a href=\"CodeSystem-TRE-R66-CategorieEtablissement.html#TRE-R66-CategorieEtablissement-183\">183</a></td><td>Institut médico-éducatif (IME)</td><td/></tr><tr><td><a href=\"CodeSystem-TRE-R66-CategorieEtablissement.html#TRE-R66-CategorieEtablissement-186\">186</a></td><td>Institut thérapeutique éducatif et pédagogique (ITEP)</td><td/></tr><tr><td><a href=\"CodeSystem-TRE-R66-CategorieEtablissement.html#TRE-R66-CategorieEtablissement-188\">188</a></td><td>Etablissement pour enfants ou adolescents polyhandicapés</td><td/></tr><tr><td><a href=\"CodeSystem-TRE-R66-CategorieEtablissement.html#TRE-R66-CategorieEtablissement-189\">189</a></td><td>Centre médico-psycho-pédagogique (CMPP)</td><td/></tr><tr><td><a href=\"CodeSystem-TRE-R66-CategorieEtablissement.html#TRE-R66-CategorieEtablissement-190\">190</a></td><td>Centre action médico-sociale précoce (CAMSP)</td><td/></tr><tr><td><a href=\"CodeSystem-TRE-R66-CategorieEtablissement.html#TRE-R66-CategorieEtablissement-192\">192</a></td><td>Institut d'éducation motrice</td><td/></tr><tr><td><a href=\"CodeSystem-TRE-R66-CategorieEtablissement.html#TRE-R66-CategorieEtablissement-194\">194</a></td><td>Institut pour déficients visuels</td><td/></tr><tr><td><a href=\"CodeSystem-TRE-R66-CategorieEtablissement.html#TRE-R66-CategorieEtablissement-195\">195</a></td><td>Institut pour déficients auditifs</td><td/></tr><tr><td><a href=\"CodeSystem-TRE-R66-CategorieEtablissement.html#TRE-R66-CategorieEtablissement-196\">196</a></td><td>Institut d'éducation sensorielle sourd-aveugle</td><td/></tr><tr><td><a href=\"CodeSystem-TRE-R66-CategorieEtablissement.html#TRE-R66-CategorieEtablissement-197\">197</a></td><td>Centre de soins d'accompagnement et de prévention en addictologie (CSAPA)</td><td/></tr><tr><td><a href=\"CodeSystem-TRE-R66-CategorieEtablissement.html#TRE-R66-CategorieEtablissement-198\">198</a></td><td>Établissement et Service de Préorientation</td><td/></tr><tr><td><a href=\"CodeSystem-TRE-R66-CategorieEtablissement.html#TRE-R66-CategorieEtablissement-202\">202</a></td><td>Résidences autonomie</td><td/></tr><tr><td><a href=\"CodeSystem-TRE-R66-CategorieEtablissement.html#TRE-R66-CategorieEtablissement-207\">207</a></td><td>Centre de jour pour personnes âgées</td><td/></tr><tr><td><a href=\"CodeSystem-TRE-R66-CategorieEtablissement.html#TRE-R66-CategorieEtablissement-209\">209</a></td><td>Service autonomie aide et soins (SAAS)</td><td/></tr><tr><td><a href=\"CodeSystem-TRE-R66-CategorieEtablissement.html#TRE-R66-CategorieEtablissement-213\">213</a></td><td>Lits d'accueil médicalisés (L.A.M.)</td><td/></tr><tr><td><a href=\"CodeSystem-TRE-R66-CategorieEtablissement.html#TRE-R66-CategorieEtablissement-214\">214</a></td><td>Centre d'hébergement et de réinsertion sociale (CHRS)</td><td/></tr><tr><td><a href=\"CodeSystem-TRE-R66-CategorieEtablissement.html#TRE-R66-CategorieEtablissement-216\">216</a></td><td>Résidence Hôtelière à Vocation Sociale (R.H.V.S)</td><td/></tr><tr><td><a href=\"CodeSystem-TRE-R66-CategorieEtablissement.html#TRE-R66-CategorieEtablissement-218\">218</a></td><td>Aire station nomades</td><td/></tr><tr><td><a href=\"CodeSystem-TRE-R66-CategorieEtablissement.html#TRE-R66-CategorieEtablissement-219\">219</a></td><td>Autre centre d'accueil</td><td/></tr><tr><td><a href=\"CodeSystem-TRE-R66-CategorieEtablissement.html#TRE-R66-CategorieEtablissement-220\">220</a></td><td>Centre social</td><td/></tr><tr><td><a href=\"CodeSystem-TRE-R66-CategorieEtablissement.html#TRE-R66-CategorieEtablissement-221\">221</a></td><td>Bureau d'aide psychologique universitaire (BAPU)</td><td/></tr><tr><td><a href=\"CodeSystem-TRE-R66-CategorieEtablissement.html#TRE-R66-CategorieEtablissement-223\">223</a></td><td>Protection maternelle et infantile (PMI)</td><td/></tr><tr><td><a href=\"CodeSystem-TRE-R66-CategorieEtablissement.html#TRE-R66-CategorieEtablissement-224\">224</a></td><td>Etablissement de consultation pré et post-natale</td><td/></tr><tr><td><a href=\"CodeSystem-TRE-R66-CategorieEtablissement.html#TRE-R66-CategorieEtablissement-228\">228</a></td><td>Centre de santé sexuelle</td><td/></tr><tr><td><a href=\"CodeSystem-TRE-R66-CategorieEtablissement.html#TRE-R66-CategorieEtablissement-230\">230</a></td><td>Etablissement consultation protection infantile</td><td/></tr><tr><td><a href=\"CodeSystem-TRE-R66-CategorieEtablissement.html#TRE-R66-CategorieEtablissement-231\">231</a></td><td>Etablissement d'information, de consultation et de conseil familial</td><td/></tr><tr><td><a href=\"CodeSystem-TRE-R66-CategorieEtablissement.html#TRE-R66-CategorieEtablissement-236\">236</a></td><td>Centre de placement familial socio-éducatif (CPFSE)</td><td/></tr><tr><td><a href=\"CodeSystem-TRE-R66-CategorieEtablissement.html#TRE-R66-CategorieEtablissement-238\">238</a></td><td>Centre d'accueil familial spécialisé</td><td/></tr><tr><td><a href=\"CodeSystem-TRE-R66-CategorieEtablissement.html#TRE-R66-CategorieEtablissement-241\">241</a></td><td>Établissement de Placement</td><td/></tr><tr><td><a href=\"CodeSystem-TRE-R66-CategorieEtablissement.html#TRE-R66-CategorieEtablissement-242\">242</a></td><td>Service d'Activité de Jour</td><td/></tr><tr><td><a href=\"CodeSystem-TRE-R66-CategorieEtablissement.html#TRE-R66-CategorieEtablissement-246\">246</a></td><td>Etablissement et service d'aide par le travail (ESAT)</td><td/></tr><tr><td><a href=\"CodeSystem-TRE-R66-CategorieEtablissement.html#TRE-R66-CategorieEtablissement-247\">247</a></td><td>Entreprise adaptée</td><td/></tr><tr><td><a href=\"CodeSystem-TRE-R66-CategorieEtablissement.html#TRE-R66-CategorieEtablissement-249\">249</a></td><td>Établissement et Service de Réadaptation Professionnelle</td><td/></tr><tr><td><a href=\"CodeSystem-TRE-R66-CategorieEtablissement.html#TRE-R66-CategorieEtablissement-252\">252</a></td><td>Foyer d'hébergement d'adultes handicapés</td><td/></tr><tr><td><a href=\"CodeSystem-TRE-R66-CategorieEtablissement.html#TRE-R66-CategorieEtablissement-253\">253</a></td><td>Foyer d'accueil polyvalent pour adultes handicapés</td><td/></tr><tr><td><a href=\"CodeSystem-TRE-R66-CategorieEtablissement.html#TRE-R66-CategorieEtablissement-255\">255</a></td><td>Maison d'accueil spécialisée (MAS)</td><td/></tr><tr><td><a href=\"CodeSystem-TRE-R66-CategorieEtablissement.html#TRE-R66-CategorieEtablissement-256\">256</a></td><td>Foyer de travailleurs migrants non transformé en résidence sociale</td><td/></tr><tr><td><a href=\"CodeSystem-TRE-R66-CategorieEtablissement.html#TRE-R66-CategorieEtablissement-257\">257</a></td><td>Foyers de jeunes travailleurs</td><td/></tr><tr><td><a href=\"CodeSystem-TRE-R66-CategorieEtablissement.html#TRE-R66-CategorieEtablissement-258\">258</a></td><td>Maison relais, Pension de famille</td><td/></tr><tr><td><a href=\"CodeSystem-TRE-R66-CategorieEtablissement.html#TRE-R66-CategorieEtablissement-259\">259</a></td><td>Autres résidences sociales</td><td/></tr><tr><td><a href=\"CodeSystem-TRE-R66-CategorieEtablissement.html#TRE-R66-CategorieEtablissement-266\">266</a></td><td>Dispensaire antivénérien</td><td/></tr><tr><td><a href=\"CodeSystem-TRE-R66-CategorieEtablissement.html#TRE-R66-CategorieEtablissement-267\">267</a></td><td>Dispensaire antihansénien</td><td/></tr><tr><td><a href=\"CodeSystem-TRE-R66-CategorieEtablissement.html#TRE-R66-CategorieEtablissement-268\">268</a></td><td>Centre médico-scolaire</td><td/></tr><tr><td><a href=\"CodeSystem-TRE-R66-CategorieEtablissement.html#TRE-R66-CategorieEtablissement-269\">269</a></td><td>Centre de médecine universitaire</td><td/></tr><tr><td><a href=\"CodeSystem-TRE-R66-CategorieEtablissement.html#TRE-R66-CategorieEtablissement-270\">270</a></td><td>Centre de médecine sportive</td><td/></tr><tr><td><a href=\"CodeSystem-TRE-R66-CategorieEtablissement.html#TRE-R66-CategorieEtablissement-271\">271</a></td><td>Maison d'accueil Hospitalière</td><td/></tr><tr><td><a href=\"CodeSystem-TRE-R66-CategorieEtablissement.html#TRE-R66-CategorieEtablissement-286\">286</a></td><td>Club, Equipe de prévention</td><td/></tr><tr><td><a href=\"CodeSystem-TRE-R66-CategorieEtablissement.html#TRE-R66-CategorieEtablissement-292\">292</a></td><td>Centre hospitalier spécialisé de lutte contre les maladies mentales</td><td/></tr><tr><td><a href=\"CodeSystem-TRE-R66-CategorieEtablissement.html#TRE-R66-CategorieEtablissement-294\">294</a></td><td>Centre de consultations cancer</td><td/></tr><tr><td><a href=\"CodeSystem-TRE-R66-CategorieEtablissement.html#TRE-R66-CategorieEtablissement-295\">295</a></td><td>Service AEMO et AED</td><td/></tr><tr><td><a href=\"CodeSystem-TRE-R66-CategorieEtablissement.html#TRE-R66-CategorieEtablissement-300\">300</a></td><td>Ecole formant aux professions sanitaires</td><td/></tr><tr><td><a href=\"CodeSystem-TRE-R66-CategorieEtablissement.html#TRE-R66-CategorieEtablissement-324\">324</a></td><td>Logement foyer non spécialisé</td><td/></tr><tr><td><a href=\"CodeSystem-TRE-R66-CategorieEtablissement.html#TRE-R66-CategorieEtablissement-330\">330</a></td><td>Ecole formant aux professions sociales</td><td/></tr><tr><td><a href=\"CodeSystem-TRE-R66-CategorieEtablissement.html#TRE-R66-CategorieEtablissement-340\">340</a></td><td>Service mandataire judiciaire à la protection des majeurs</td><td/></tr><tr><td><a href=\"CodeSystem-TRE-R66-CategorieEtablissement.html#TRE-R66-CategorieEtablissement-341\">341</a></td><td>Service dédié aux mesures d'accompagnement social personnalisé</td><td/></tr><tr><td><a href=\"CodeSystem-TRE-R66-CategorieEtablissement.html#TRE-R66-CategorieEtablissement-342\">342</a></td><td>Service d'information et de soutien aux tuteurs familiaux</td><td/></tr><tr><td><a href=\"CodeSystem-TRE-R66-CategorieEtablissement.html#TRE-R66-CategorieEtablissement-344\">344</a></td><td>Service délégué aux prestations familiales</td><td/></tr><tr><td><a href=\"CodeSystem-TRE-R66-CategorieEtablissement.html#TRE-R66-CategorieEtablissement-345\">345</a></td><td>Service de tutelle aux prestations sociales adultes</td><td/></tr><tr><td><a href=\"CodeSystem-TRE-R66-CategorieEtablissement.html#TRE-R66-CategorieEtablissement-347\">347</a></td><td>Centre d'examens de santé</td><td/></tr><tr><td><a href=\"CodeSystem-TRE-R66-CategorieEtablissement.html#TRE-R66-CategorieEtablissement-354\">354</a></td><td>Service de soins infirmiers à domicile (SSIAD)</td><td/></tr><tr><td><a href=\"CodeSystem-TRE-R66-CategorieEtablissement.html#TRE-R66-CategorieEtablissement-355\">355</a></td><td>Centre hospitalier (CH)</td><td/></tr><tr><td><a href=\"CodeSystem-TRE-R66-CategorieEtablissement.html#TRE-R66-CategorieEtablissement-359\">359</a></td><td>Centre circonscription sanitaire et sociale</td><td/></tr><tr><td><a href=\"CodeSystem-TRE-R66-CategorieEtablissement.html#TRE-R66-CategorieEtablissement-362\">362</a></td><td>Etablissement de soins longue durée</td><td/></tr><tr><td><a href=\"CodeSystem-TRE-R66-CategorieEtablissement.html#TRE-R66-CategorieEtablissement-365\">365</a></td><td>Etablissement de soins pluridisciplinaire</td><td/></tr><tr><td><a href=\"CodeSystem-TRE-R66-CategorieEtablissement.html#TRE-R66-CategorieEtablissement-366\">366</a></td><td>Atelier thérapeutique</td><td/></tr><tr><td><a href=\"CodeSystem-TRE-R66-CategorieEtablissement.html#TRE-R66-CategorieEtablissement-370\">370</a></td><td>Etablissement Expérimental pour personnes handicapées</td><td/></tr><tr><td><a href=\"CodeSystem-TRE-R66-CategorieEtablissement.html#TRE-R66-CategorieEtablissement-374\">374</a></td><td>Ecole nationale de santé publique (ENSP)</td><td/></tr><tr><td><a href=\"CodeSystem-TRE-R66-CategorieEtablissement.html#TRE-R66-CategorieEtablissement-377\">377</a></td><td>Etablissement expérimental pour enfance handicapée</td><td/></tr><tr><td><a href=\"CodeSystem-TRE-R66-CategorieEtablissement.html#TRE-R66-CategorieEtablissement-378\">378</a></td><td>Etablissement expérimental enfance protégée</td><td/></tr><tr><td><a href=\"CodeSystem-TRE-R66-CategorieEtablissement.html#TRE-R66-CategorieEtablissement-379\">379</a></td><td>Etablissement expérimental pour adultes handicapés</td><td/></tr><tr><td><a href=\"CodeSystem-TRE-R66-CategorieEtablissement.html#TRE-R66-CategorieEtablissement-380\">380</a></td><td>Etablissement expérimental autres adultes</td><td/></tr><tr><td><a href=\"CodeSystem-TRE-R66-CategorieEtablissement.html#TRE-R66-CategorieEtablissement-381\">381</a></td><td>Etablissement expérimental pour personnes âgées</td><td/></tr><tr><td><a href=\"CodeSystem-TRE-R66-CategorieEtablissement.html#TRE-R66-CategorieEtablissement-382\">382</a></td><td>Foyer de vie pour adultes handicapés</td><td/></tr><tr><td><a href=\"CodeSystem-TRE-R66-CategorieEtablissement.html#TRE-R66-CategorieEtablissement-390\">390</a></td><td>Etablissement d'accueil temporaire d'enfants handicapés</td><td/></tr><tr><td><a href=\"CodeSystem-TRE-R66-CategorieEtablissement.html#TRE-R66-CategorieEtablissement-395\">395</a></td><td>Etablissement d'accueil temporaire pour adultes handicapés</td><td/></tr><tr><td><a href=\"CodeSystem-TRE-R66-CategorieEtablissement.html#TRE-R66-CategorieEtablissement-396\">396</a></td><td>Foyer d'hébergement pour enfants et adolescents handicapés</td><td/></tr><tr><td><a href=\"CodeSystem-TRE-R66-CategorieEtablissement.html#TRE-R66-CategorieEtablissement-400\">400</a></td><td>Centre de services pour associations</td><td/></tr><tr><td><a href=\"CodeSystem-TRE-R66-CategorieEtablissement.html#TRE-R66-CategorieEtablissement-402\">402</a></td><td>Jardin d'enfants spécialisé</td><td/></tr><tr><td><a href=\"CodeSystem-TRE-R66-CategorieEtablissement.html#TRE-R66-CategorieEtablissement-403\">403</a></td><td>Service social spécialisé ou polyvalent de catégorie</td><td/></tr><tr><td><a href=\"CodeSystem-TRE-R66-CategorieEtablissement.html#TRE-R66-CategorieEtablissement-405\">405</a></td><td>Service social polyvalent de secteur</td><td/></tr><tr><td><a href=\"CodeSystem-TRE-R66-CategorieEtablissement.html#TRE-R66-CategorieEtablissement-411\">411</a></td><td>Intermédiaire de placement social</td><td/></tr><tr><td><a href=\"CodeSystem-TRE-R66-CategorieEtablissement.html#TRE-R66-CategorieEtablissement-412\">412</a></td><td>Appartement thérapeutique</td><td/></tr><tr><td><a href=\"CodeSystem-TRE-R66-CategorieEtablissement.html#TRE-R66-CategorieEtablissement-415\">415</a></td><td>Service médico-psychologique régional (SMPR)</td><td/></tr><tr><td><a href=\"CodeSystem-TRE-R66-CategorieEtablissement.html#TRE-R66-CategorieEtablissement-422\">422</a></td><td>Traitements spécialisés à domicile</td><td/></tr><tr><td><a href=\"CodeSystem-TRE-R66-CategorieEtablissement.html#TRE-R66-CategorieEtablissement-425\">425</a></td><td>Centre d'accueil thérapeutique à temps partiel (CATTP)</td><td/></tr><tr><td><a href=\"CodeSystem-TRE-R66-CategorieEtablissement.html#TRE-R66-CategorieEtablissement-426\">426</a></td><td>Syndicat inter hospitalier (SIH)</td><td/></tr><tr><td><a href=\"CodeSystem-TRE-R66-CategorieEtablissement.html#TRE-R66-CategorieEtablissement-430\">430</a></td><td>Centre postcure pour malades mentaux</td><td/></tr><tr><td><a href=\"CodeSystem-TRE-R66-CategorieEtablissement.html#TRE-R66-CategorieEtablissement-433\">433</a></td><td>Etablissement sanitaire des prisons</td><td/></tr><tr><td><a href=\"CodeSystem-TRE-R66-CategorieEtablissement.html#TRE-R66-CategorieEtablissement-436\">436</a></td><td>Ecoles formant aux professions sanitaires et sociales</td><td/></tr><tr><td><a href=\"CodeSystem-TRE-R66-CategorieEtablissement.html#TRE-R66-CategorieEtablissement-437\">437</a></td><td>Foyer d'accueil médicalisé pour adultes handicapés (FAM)</td><td/></tr><tr><td><a href=\"CodeSystem-TRE-R66-CategorieEtablissement.html#TRE-R66-CategorieEtablissement-438\">438</a></td><td>Centre de médecine collective</td><td/></tr><tr><td><a href=\"CodeSystem-TRE-R66-CategorieEtablissement.html#TRE-R66-CategorieEtablissement-439\">439</a></td><td>Centre de santé polyvalent</td><td/></tr><tr><td><a href=\"CodeSystem-TRE-R66-CategorieEtablissement.html#TRE-R66-CategorieEtablissement-440\">440</a></td><td>Service d'Investigation Educative</td><td/></tr><tr><td><a href=\"CodeSystem-TRE-R66-CategorieEtablissement.html#TRE-R66-CategorieEtablissement-441\">441</a></td><td>Service d'Intervention Educative en Milieu Ouvert</td><td/></tr><tr><td><a href=\"CodeSystem-TRE-R66-CategorieEtablissement.html#TRE-R66-CategorieEtablissement-442\">442</a></td><td>Centre provisoire d'hébergement</td><td/></tr><tr><td><a href=\"CodeSystem-TRE-R66-CategorieEtablissement.html#TRE-R66-CategorieEtablissement-443\">443</a></td><td>Centre d'accueil de demandeurs d'asile (CADA)</td><td/></tr><tr><td><a href=\"CodeSystem-TRE-R66-CategorieEtablissement.html#TRE-R66-CategorieEtablissement-444\">444</a></td><td>Centre de crise et d'accueil permanent</td><td/></tr><tr><td><a href=\"CodeSystem-TRE-R66-CategorieEtablissement.html#TRE-R66-CategorieEtablissement-445\">445</a></td><td>Service d'accompagnement médico-social pour adultes handicapés</td><td/></tr><tr><td><a href=\"CodeSystem-TRE-R66-CategorieEtablissement.html#TRE-R66-CategorieEtablissement-446\">446</a></td><td>Service d'accompagnement à la vie sociale (SAVS)</td><td/></tr><tr><td><a href=\"CodeSystem-TRE-R66-CategorieEtablissement.html#TRE-R66-CategorieEtablissement-448\">448</a></td><td>Etablissement d'Accueil Médicalisé en tout ou partie personnes handicapées</td><td/></tr><tr><td><a href=\"CodeSystem-TRE-R66-CategorieEtablissement.html#TRE-R66-CategorieEtablissement-449\">449</a></td><td>Etablissement d'Accueil Non Médicalisé pour personnes handicapées</td><td/></tr><tr><td><a href=\"CodeSystem-TRE-R66-CategorieEtablissement.html#TRE-R66-CategorieEtablissement-460\">460</a></td><td>Service autonomie aide (SAA)</td><td/></tr><tr><td><a href=\"CodeSystem-TRE-R66-CategorieEtablissement.html#TRE-R66-CategorieEtablissement-461\">461</a></td><td>Centres de ressources SAI (sans aucune indication)</td><td/></tr><tr><td><a href=\"CodeSystem-TRE-R66-CategorieEtablissement.html#TRE-R66-CategorieEtablissement-462\">462</a></td><td>Lieux de Vie et d'Accueil</td><td/></tr><tr><td><a href=\"CodeSystem-TRE-R66-CategorieEtablissement.html#TRE-R66-CategorieEtablissement-463\">463</a></td><td>Centre local d'information et de coordination de personnes âgées</td><td/></tr><tr><td><a href=\"CodeSystem-TRE-R66-CategorieEtablissement.html#TRE-R66-CategorieEtablissement-464\">464</a></td><td>Unité d'évaluation, de réentraînement et d'orientation sociale et-ou professionnelle</td><td/></tr><tr><td><a href=\"CodeSystem-TRE-R66-CategorieEtablissement.html#TRE-R66-CategorieEtablissement-500\">500</a></td><td>Etablissement d'hébergement pour personnes âgées dépendantes</td><td/></tr><tr><td><a href=\"CodeSystem-TRE-R66-CategorieEtablissement.html#TRE-R66-CategorieEtablissement-501\">501</a></td><td>EHPA percevant des crédits d'assurance maladie</td><td/></tr><tr><td><a href=\"CodeSystem-TRE-R66-CategorieEtablissement.html#TRE-R66-CategorieEtablissement-502\">502</a></td><td>EHPA ne percevant pas des crédits d'assurance maladie</td><td/></tr><tr><td><a href=\"CodeSystem-TRE-R66-CategorieEtablissement.html#TRE-R66-CategorieEtablissement-603\">603</a></td><td>Maison de santé (L6223-3)</td><td/></tr><tr><td><a href=\"CodeSystem-TRE-R66-CategorieEtablissement.html#TRE-R66-CategorieEtablissement-604\">604</a></td><td>Communauté Professionnelle Territoriale de Santé (CPTS)</td><td>Les Communautés Professionnelles Territoriales de Santé (CPTS) ont été créées par la loi de modernisation de notre système de santé du 26 janvier 2016 (cf. articles Article L1434-12 et Article L1434-13 du code de la Santé Publique). Leur enregistrement est régi par l'instruction DGOS/DIR/DREES/DMSI/2020/12. Les CPTS sont un espace d'organisation et de coordination entre professionnels de santé et non pas des structures de soins : elles regroupent les professionnels de santé d'un même territoire qui souhaitent s'organiser - à leur initiative - autour d'un projet de santé pour répondre aux besoins de santé de la population. Les CPTS sont constituées entre des professionnels de santé, le cas échéant de maisons de santé, de centres de santé, de réseaux de santé, d'établissements de santé, d'établissements et de services médico-sociaux, des groupements de coopération sanitaire, et des groupements de coopération sociale et médicosociale. Grâce à l'accord conventionnel interprofessionnel (ACI) intervenu en 2019, les CPTS dont le projet de santé est validé par l'ARS sont enregistrés dans FINESS et peuvent bénéficier de financement de l'assurance maladie  Ne sont enregistrés dans FINESS que l'Entité Juridique et le siège social. Les établissements et professionnels constitutif d'une CPTS ne sont pas enregistrés dans FINESS.</td></tr><tr><td><a href=\"CodeSystem-TRE-R66-CategorieEtablissement.html#TRE-R66-CategorieEtablissement-606\">606</a></td><td>Dispositif d'appui à la coordination (DAC)</td><td/></tr><tr><td><a href=\"CodeSystem-TRE-R66-CategorieEtablissement.html#TRE-R66-CategorieEtablissement-608\">608</a></td><td>Equipe mobile médico-sociale précarité (EMMSP)</td><td/></tr><tr><td><a href=\"CodeSystem-TRE-R66-CategorieEtablissement.html#TRE-R66-CategorieEtablissement-609\">609</a></td><td>Maison Départementale pour Personnes Handicapées (MDPH)</td><td/></tr><tr><td><a href=\"CodeSystem-TRE-R66-CategorieEtablissement.html#TRE-R66-CategorieEtablissement-610\">610</a></td><td>Laboratoire d'analyses</td><td/></tr><tr><td><a href=\"CodeSystem-TRE-R66-CategorieEtablissement.html#TRE-R66-CategorieEtablissement-611\">611</a></td><td>Laboratoire de biologie médicale (LBM)</td><td/></tr><tr><td><a href=\"CodeSystem-TRE-R66-CategorieEtablissement.html#TRE-R66-CategorieEtablissement-612\">612</a></td><td>Autre laboratoire de biologie médicale sans FSE</td><td/></tr><tr><td><a href=\"CodeSystem-TRE-R66-CategorieEtablissement.html#TRE-R66-CategorieEtablissement-614\">614</a></td><td>Dispositif Spécifique Régional du Cancer (DSRC)</td><td/></tr><tr><td><a href=\"CodeSystem-TRE-R66-CategorieEtablissement.html#TRE-R66-CategorieEtablissement-616\">616</a></td><td>Services de Prévention et de Santé au Travail (SPST)</td><td/></tr><tr><td><a href=\"CodeSystem-TRE-R66-CategorieEtablissement.html#TRE-R66-CategorieEtablissement-617\">617</a></td><td>Maison médicale de garde (MMG)</td><td/></tr><tr><td><a href=\"CodeSystem-TRE-R66-CategorieEtablissement.html#TRE-R66-CategorieEtablissement-618\">618</a></td><td>Autre structure de soins non programmés (SNP)</td><td/></tr><tr><td><a href=\"CodeSystem-TRE-R66-CategorieEtablissement.html#TRE-R66-CategorieEtablissement-620\">620</a></td><td>Pharmacie d'officine</td><td/></tr><tr><td><a href=\"CodeSystem-TRE-R66-CategorieEtablissement.html#TRE-R66-CategorieEtablissement-624\">624</a></td><td>Laboratoire pharmaceutique préparant et délivrant des allergènes</td><td/></tr><tr><td><a href=\"CodeSystem-TRE-R66-CategorieEtablissement.html#TRE-R66-CategorieEtablissement-627\">627</a></td><td>Propharmacie</td><td/></tr><tr><td><a href=\"CodeSystem-TRE-R66-CategorieEtablissement.html#TRE-R66-CategorieEtablissement-628\">628</a></td><td>Pharmacie minière</td><td/></tr><tr><td><a href=\"CodeSystem-TRE-R66-CategorieEtablissement.html#TRE-R66-CategorieEtablissement-629\">629</a></td><td>Pharmacie mutualiste</td><td/></tr><tr><td><a href=\"CodeSystem-TRE-R66-CategorieEtablissement.html#TRE-R66-CategorieEtablissement-630\">630</a></td><td>Installation autonome de chirurgie esthétique</td><td/></tr><tr><td><a href=\"CodeSystem-TRE-R66-CategorieEtablissement.html#TRE-R66-CategorieEtablissement-631\">631</a></td><td>Maisons de naissance</td><td/></tr><tr><td><a href=\"CodeSystem-TRE-R66-CategorieEtablissement.html#TRE-R66-CategorieEtablissement-632\">632</a></td><td>Structure Dispensatrice à domicile d'Oxygène à usage médical</td><td/></tr><tr><td><a href=\"CodeSystem-TRE-R66-CategorieEtablissement.html#TRE-R66-CategorieEtablissement-633\">633</a></td><td>Structure Expérimentale en Santé</td><td/></tr><tr><td><a href=\"CodeSystem-TRE-R66-CategorieEtablissement.html#TRE-R66-CategorieEtablissement-636\">636</a></td><td>Centre de soins et de prévention</td><td/></tr><tr><td><a href=\"CodeSystem-TRE-R66-CategorieEtablissement.html#TRE-R66-CategorieEtablissement-637\">637</a></td><td>Centre de Lutte Antituberculeuse (CLAT)</td><td/></tr><tr><td><a href=\"CodeSystem-TRE-R66-CategorieEtablissement.html#TRE-R66-CategorieEtablissement-638\">638</a></td><td>Centre gratuit d'information de dépistage et de diagnostic (CeGIDD)</td><td/></tr><tr><td><a href=\"CodeSystem-TRE-R66-CategorieEtablissement.html#TRE-R66-CategorieEtablissement-639\">639</a></td><td>Sociétés de téléconsultation (STLC)</td><td/></tr><tr><td><a href=\"CodeSystem-TRE-R66-CategorieEtablissement.html#TRE-R66-CategorieEtablissement-640\">640</a></td><td>Service d'aide et d'accompagnement à domicile aux familles (SAADF)</td><td/></tr><tr><td><a href=\"CodeSystem-TRE-R66-CategorieEtablissement.html#TRE-R66-CategorieEtablissement-642\">642</a></td><td>Services départementaux d'incendie et de secours</td><td/></tr><tr><td><a href=\"CodeSystem-TRE-R66-CategorieEtablissement.html#TRE-R66-CategorieEtablissement-643\">643</a></td><td>Service d'évaluation de la minorité et de l'isolement pour les personnes se déclarant mineures (SEMIPM)</td><td/></tr><tr><td><a href=\"CodeSystem-TRE-R66-CategorieEtablissement.html#TRE-R66-CategorieEtablissement-644\">644</a></td><td>Etablissement de mise à l'abri pour les personnes se déclarant mineures non accompagnées (EMAMNA)</td><td/></tr><tr><td><a href=\"CodeSystem-TRE-R66-CategorieEtablissement.html#TRE-R66-CategorieEtablissement-641\">641</a></td><td>Antenne de Pharmacie d'officine</td><td/></tr><tr><td><a href=\"CodeSystem-TRE-R66-CategorieEtablissement.html#TRE-R66-CategorieEtablissement-645\">645</a></td><td>Centre de Vaccination</td><td/></tr><tr><td><a href=\"CodeSystem-TRE-R66-CategorieEtablissement.html#TRE-R66-CategorieEtablissement-646\">646</a></td><td>Centre de Vaccination Internationale</td><td/></tr><tr><td><a href=\"CodeSystem-TRE-R66-CategorieEtablissement.html#TRE-R66-CategorieEtablissement-647\">647</a></td><td>Equipe de Soins Spécialisés</td><td/></tr><tr><td><a href=\"CodeSystem-TRE-R66-CategorieEtablissement.html#TRE-R66-CategorieEtablissement-648\">648</a></td><td>Structure qui contribue au Service d'Accès aux Soins</td><td/></tr><tr><td><a href=\"CodeSystem-TRE-R66-CategorieEtablissement.html#TRE-R66-CategorieEtablissement-695\">695</a></td><td>Groupement de coopération sanitaire de moyens - Exploitant</td><td/></tr><tr><td><a href=\"CodeSystem-TRE-R66-CategorieEtablissement.html#TRE-R66-CategorieEtablissement-696\">696</a></td><td>Groupement de coopération sanitaire de moyens</td><td/></tr><tr><td><a href=\"CodeSystem-TRE-R66-CategorieEtablissement.html#TRE-R66-CategorieEtablissement-697\">697</a></td><td>Groupement de coopération sanitaire, Etablissement de santé</td><td/></tr><tr><td><a href=\"CodeSystem-TRE-R66-CategorieEtablissement.html#TRE-R66-CategorieEtablissement-698\">698</a></td><td>Autre établissement relevant de la loi hospitalière</td><td/></tr><tr><td><a href=\"CodeSystem-TRE-R66-CategorieEtablissement.html#TRE-R66-CategorieEtablissement-699\">699</a></td><td>Entité ayant autorisation</td><td/></tr><tr><td><a href=\"CodeSystem-TRE-R66-CategorieEtablissement.html#TRE-R66-CategorieEtablissement-700\">700</a></td><td>Maison sport-santé</td><td>Catégorie créée à la demande du ROR. A date aucun enregistrement n'est prévu dans FINESS pour cette catégorie</td></tr><tr><td><a href=\"CodeSystem-TRE-R66-CategorieEtablissement.html#TRE-R66-CategorieEtablissement-701\">701</a></td><td>Maison des adolescents (MDA)</td><td>Catégorie créée à la demande du ROR. A date aucun enregistrement n'est prévu dans FINESS pour cette catégorie</td></tr><tr><td><a href=\"CodeSystem-TRE-R66-CategorieEtablissement.html#TRE-R66-CategorieEtablissement-702\">702</a></td><td>Point Accueil Ecoute Jeunes (PAEJ)</td><td>Catégorie créée à la demande du ROR. A date aucun enregistrement n'est prévu dans FINESS pour cette catégorie</td></tr></table></li><li>Include these codes as defined in <a href=\"CodeSystem-TRE-R02-SecteurActivite.html\"><code>https://mos.esante.gouv.fr/NOS/TRE_R02-SecteurActivite/FHIR/TRE-R02-SecteurActivite</code></a><table class=\"none\"><tr><td style=\"white-space:nowrap\"><b>Code</b></td><td><b>Display</b></td></tr><tr><td><a href=\"CodeSystem-TRE-R02-SecteurActivite.html#TRE-R02-SecteurActivite-SA05\">SA05</a></td><td>Centre de santé</td></tr><tr><td><a href=\"CodeSystem-TRE-R02-SecteurActivite.html#TRE-R02-SecteurActivite-SA07\">SA07</a></td><td>Cabinet individuel</td></tr><tr><td><a href=\"CodeSystem-TRE-R02-SecteurActivite.html#TRE-R02-SecteurActivite-SA08\">SA08</a></td><td>Cabinet de groupe</td></tr><tr><td><a href=\"CodeSystem-TRE-R02-SecteurActivite.html#TRE-R02-SecteurActivite-SA09\">SA09</a></td><td>Exercice en société</td></tr></table></li></ul></div>"
  },
  "extension" : [{
    "url" : "http://hl7.org/fhir/StructureDefinition/resource-effectivePeriod",
    "valuePeriod" : {
      "start" : "2019-01-25T12:00:00+01:00"
    }
  }],
  "url" : "https://mos.esante.gouv.fr/NOS/JDV_J55-CategorieEG-ROR/FHIR/JDV-J55-CategorieEG-ROR",
  "identifier" : [{
    "value" : "urn:oid:1.2.250.1.213.3.3.65"
  }],
  "version" : "1.4.0",
  "name" : "JDV_J55-CategorieEG-ROR",
  "status" : "active",
  "date" : "2024-10-25T12:00:00+01:00",
  "publisher" : "ANS",
  "contact" : [{
    "name" : "ANS",
    "telecom" : [{
      "system" : "url",
      "value" : "https://esante.gouv.fr"
    }]
  }],
  "description" : "Catégories d'établissements FINESS ou hors FINESS et secteurs d'activité des cabinets",
  "compose" : {
    "include" : [{
      "system" : "https://mos.esante.gouv.fr/NOS/TRE_R66-CategorieEtablissement/FHIR/TRE-R66-CategorieEtablissement",
      "concept" : [{
        "code" : "101",
        "display" : "Centre hospitalier régional (CHR)",
        "designation" : [{
          "use" : {
            "code" : "OID"
          },
          "value" : "urn:oid:1.2.250.1.213.1.6.1.8"
        }]
      },
      {
        "code" : "106",
        "display" : "Centre hospitalier (ex Hôpital local)",
        "designation" : [{
          "use" : {
            "code" : "OID"
          },
          "value" : "urn:oid:1.2.250.1.213.1.6.1.8"
        }]
      },
      {
        "code" : "109",
        "display" : "Etablissement de santé privé autorisé en soins de suite et de réadaptation (SSR)",
        "designation" : [{
          "use" : {
            "code" : "OID"
          },
          "value" : "urn:oid:1.2.250.1.213.1.6.1.8"
        }]
      },
      {
        "code" : "114",
        "display" : "Hôpital des armées",
        "designation" : [{
          "use" : {
            "code" : "OID"
          },
          "value" : "urn:oid:1.2.250.1.213.1.6.1.8"
        }]
      },
      {
        "code" : "115",
        "display" : "Etablissement de soins du Service de santé des armées (SSA)",
        "designation" : [{
          "use" : {
            "code" : "OID"
          },
          "value" : "urn:oid:1.2.250.1.213.1.6.1.8"
        }]
      },
      {
        "code" : "122",
        "display" : "Etablissement de soins obstétriques et chirurgico-gynécologiques",
        "designation" : [{
          "use" : {
            "code" : "OID"
          },
          "value" : "urn:oid:1.2.250.1.213.1.6.1.8"
        }]
      },
      {
        "code" : "124",
        "display" : "Centre de santé",
        "designation" : [{
          "use" : {
            "code" : "OID"
          },
          "value" : "urn:oid:1.2.250.1.213.1.6.1.8"
        }]
      },
      {
        "code" : "126",
        "display" : "Etablissement thermal",
        "designation" : [{
          "use" : {
            "code" : "OID"
          },
          "value" : "urn:oid:1.2.250.1.213.1.6.1.8"
        }]
      },
      {
        "code" : "127",
        "display" : "Hospitalisation à domicile (HAD)",
        "designation" : [{
          "use" : {
            "code" : "OID"
          },
          "value" : "urn:oid:1.2.250.1.213.1.6.1.8"
        }]
      },
      {
        "code" : "128",
        "display" : "Etablissement de soins chirurgicaux",
        "designation" : [{
          "use" : {
            "code" : "OID"
          },
          "value" : "urn:oid:1.2.250.1.213.1.6.1.8"
        }]
      },
      {
        "code" : "129",
        "display" : "Etablissement de soins médicaux",
        "designation" : [{
          "use" : {
            "code" : "OID"
          },
          "value" : "urn:oid:1.2.250.1.213.1.6.1.8"
        }]
      },
      {
        "code" : "130",
        "display" : "Centre de soins médicaux",
        "designation" : [{
          "use" : {
            "code" : "OID"
          },
          "value" : "urn:oid:1.2.250.1.213.1.6.1.8"
        }]
      },
      {
        "code" : "131",
        "display" : "Centre de lutte contre cancer",
        "designation" : [{
          "use" : {
            "code" : "OID"
          },
          "value" : "urn:oid:1.2.250.1.213.1.6.1.8"
        }]
      },
      {
        "code" : "132",
        "display" : "Etablissement de transfusion sanguine",
        "designation" : [{
          "use" : {
            "code" : "OID"
          },
          "value" : "urn:oid:1.2.250.1.213.1.6.1.8"
        }]
      },
      {
        "code" : "141",
        "display" : "Centre de dialyse",
        "designation" : [{
          "use" : {
            "code" : "OID"
          },
          "value" : "urn:oid:1.2.250.1.213.1.6.1.8"
        }]
      },
      {
        "code" : "142",
        "display" : "Dispensaire antituberculeux",
        "designation" : [{
          "use" : {
            "code" : "OID"
          },
          "value" : "urn:oid:1.2.250.1.213.1.6.1.8"
        }]
      },
      {
        "code" : "143",
        "display" : "Centre de vaccination BCG",
        "designation" : [{
          "use" : {
            "code" : "OID"
          },
          "value" : "urn:oid:1.2.250.1.213.1.6.1.8"
        }]
      },
      {
        "code" : "146",
        "display" : "Structure d'alternative à la dialyse en centre",
        "designation" : [{
          "use" : {
            "code" : "OID"
          },
          "value" : "urn:oid:1.2.250.1.213.1.6.1.8"
        }]
      },
      {
        "code" : "156",
        "display" : "Centre médico-psychologique (CMP)",
        "designation" : [{
          "use" : {
            "code" : "OID"
          },
          "value" : "urn:oid:1.2.250.1.213.1.6.1.8"
        }]
      },
      {
        "code" : "159",
        "display" : "Centre Parental",
        "designation" : [{
          "use" : {
            "code" : "OID"
          },
          "value" : "urn:oid:1.2.250.1.213.1.6.1.8"
        }]
      },
      {
        "code" : "161",
        "display" : "Maison de santé pour maladies mentales",
        "designation" : [{
          "use" : {
            "code" : "OID"
          },
          "value" : "urn:oid:1.2.250.1.213.1.6.1.8"
        }]
      },
      {
        "code" : "165",
        "display" : "Appartement de coordination thérapeutique (ACT)",
        "designation" : [{
          "use" : {
            "code" : "OID"
          },
          "value" : "urn:oid:1.2.250.1.213.1.6.1.8"
        }]
      },
      {
        "code" : "166",
        "display" : "Etablissement d'accueil mère-enfant",
        "designation" : [{
          "use" : {
            "code" : "OID"
          },
          "value" : "urn:oid:1.2.250.1.213.1.6.1.8"
        }]
      },
      {
        "code" : "172",
        "display" : "Pouponnière à caractère social",
        "designation" : [{
          "use" : {
            "code" : "OID"
          },
          "value" : "urn:oid:1.2.250.1.213.1.6.1.8"
        }]
      },
      {
        "code" : "175",
        "display" : "Foyer de l'enfance",
        "designation" : [{
          "use" : {
            "code" : "OID"
          },
          "value" : "urn:oid:1.2.250.1.213.1.6.1.8"
        }]
      },
      {
        "code" : "176",
        "display" : "Village d'enfants",
        "designation" : [{
          "use" : {
            "code" : "OID"
          },
          "value" : "urn:oid:1.2.250.1.213.1.6.1.8"
        }]
      },
      {
        "code" : "177",
        "display" : "Maison d'enfants à caractère social",
        "designation" : [{
          "use" : {
            "code" : "OID"
          },
          "value" : "urn:oid:1.2.250.1.213.1.6.1.8"
        }]
      },
      {
        "code" : "178",
        "display" : "Centre d'accueil et d'accompagnement à la réduction des risques pour usagers de drogues (CAARUD)",
        "designation" : [{
          "use" : {
            "code" : "OID"
          },
          "value" : "urn:oid:1.2.250.1.213.1.6.1.8"
        }]
      },
      {
        "code" : "180",
        "display" : "Lits halte soins santé (LHSS)",
        "designation" : [{
          "use" : {
            "code" : "OID"
          },
          "value" : "urn:oid:1.2.250.1.213.1.6.1.8"
        }]
      },
      {
        "code" : "182",
        "display" : "Service d'éducation spéciale et de soins à domicile (SESSAD)",
        "designation" : [{
          "use" : {
            "code" : "OID"
          },
          "value" : "urn:oid:1.2.250.1.213.1.6.1.8"
        }]
      },
      {
        "code" : "183",
        "display" : "Institut médico-éducatif (IME)",
        "designation" : [{
          "use" : {
            "code" : "OID"
          },
          "value" : "urn:oid:1.2.250.1.213.1.6.1.8"
        }]
      },
      {
        "code" : "186",
        "display" : "Institut thérapeutique éducatif et pédagogique (ITEP)",
        "designation" : [{
          "use" : {
            "code" : "OID"
          },
          "value" : "urn:oid:1.2.250.1.213.1.6.1.8"
        }]
      },
      {
        "code" : "188",
        "display" : "Etablissement pour enfants ou adolescents polyhandicapés",
        "designation" : [{
          "use" : {
            "code" : "OID"
          },
          "value" : "urn:oid:1.2.250.1.213.1.6.1.8"
        }]
      },
      {
        "code" : "189",
        "display" : "Centre médico-psycho-pédagogique (CMPP)",
        "designation" : [{
          "use" : {
            "code" : "OID"
          },
          "value" : "urn:oid:1.2.250.1.213.1.6.1.8"
        }]
      },
      {
        "code" : "190",
        "display" : "Centre action médico-sociale précoce (CAMSP)",
        "designation" : [{
          "use" : {
            "code" : "OID"
          },
          "value" : "urn:oid:1.2.250.1.213.1.6.1.8"
        }]
      },
      {
        "code" : "192",
        "display" : "Institut d'éducation motrice",
        "designation" : [{
          "use" : {
            "code" : "OID"
          },
          "value" : "urn:oid:1.2.250.1.213.1.6.1.8"
        }]
      },
      {
        "code" : "194",
        "display" : "Institut pour déficients visuels",
        "designation" : [{
          "use" : {
            "code" : "OID"
          },
          "value" : "urn:oid:1.2.250.1.213.1.6.1.8"
        }]
      },
      {
        "code" : "195",
        "display" : "Institut pour déficients auditifs",
        "designation" : [{
          "use" : {
            "code" : "OID"
          },
          "value" : "urn:oid:1.2.250.1.213.1.6.1.8"
        }]
      },
      {
        "code" : "196",
        "display" : "Institut d'éducation sensorielle sourd-aveugle",
        "designation" : [{
          "use" : {
            "code" : "OID"
          },
          "value" : "urn:oid:1.2.250.1.213.1.6.1.8"
        }]
      },
      {
        "code" : "197",
        "display" : "Centre de soins d'accompagnement et de prévention en addictologie (CSAPA)",
        "designation" : [{
          "use" : {
            "code" : "OID"
          },
          "value" : "urn:oid:1.2.250.1.213.1.6.1.8"
        }]
      },
      {
        "code" : "198",
        "display" : "Établissement et Service de Préorientation",
        "designation" : [{
          "use" : {
            "code" : "OID"
          },
          "value" : "urn:oid:1.2.250.1.213.1.6.1.8"
        }]
      },
      {
        "code" : "202",
        "display" : "Résidences autonomie",
        "designation" : [{
          "use" : {
            "code" : "OID"
          },
          "value" : "urn:oid:1.2.250.1.213.1.6.1.8"
        }]
      },
      {
        "code" : "207",
        "display" : "Centre de jour pour personnes âgées",
        "designation" : [{
          "use" : {
            "code" : "OID"
          },
          "value" : "urn:oid:1.2.250.1.213.1.6.1.8"
        }]
      },
      {
        "code" : "209",
        "display" : "Service autonomie aide et soins (SAAS)",
        "designation" : [{
          "use" : {
            "code" : "OID"
          },
          "value" : "urn:oid:1.2.250.1.213.1.6.1.8"
        }]
      },
      {
        "code" : "213",
        "display" : "Lits d'accueil médicalisés (L.A.M.)",
        "designation" : [{
          "use" : {
            "code" : "OID"
          },
          "value" : "urn:oid:1.2.250.1.213.1.6.1.8"
        }]
      },
      {
        "code" : "214",
        "display" : "Centre d'hébergement et de réinsertion sociale (CHRS)",
        "designation" : [{
          "use" : {
            "code" : "OID"
          },
          "value" : "urn:oid:1.2.250.1.213.1.6.1.8"
        }]
      },
      {
        "code" : "216",
        "display" : "Résidence Hôtelière à Vocation Sociale (R.H.V.S)",
        "designation" : [{
          "use" : {
            "code" : "OID"
          },
          "value" : "urn:oid:1.2.250.1.213.1.6.1.8"
        }]
      },
      {
        "code" : "218",
        "display" : "Aire station nomades",
        "designation" : [{
          "use" : {
            "code" : "OID"
          },
          "value" : "urn:oid:1.2.250.1.213.1.6.1.8"
        }]
      },
      {
        "code" : "219",
        "display" : "Autre centre d'accueil",
        "designation" : [{
          "use" : {
            "code" : "OID"
          },
          "value" : "urn:oid:1.2.250.1.213.1.6.1.8"
        }]
      },
      {
        "code" : "220",
        "display" : "Centre social",
        "designation" : [{
          "use" : {
            "code" : "OID"
          },
          "value" : "urn:oid:1.2.250.1.213.1.6.1.8"
        }]
      },
      {
        "code" : "221",
        "display" : "Bureau d'aide psychologique universitaire (BAPU)",
        "designation" : [{
          "use" : {
            "code" : "OID"
          },
          "value" : "urn:oid:1.2.250.1.213.1.6.1.8"
        }]
      },
      {
        "code" : "223",
        "display" : "Protection maternelle et infantile (PMI)",
        "designation" : [{
          "use" : {
            "code" : "OID"
          },
          "value" : "urn:oid:1.2.250.1.213.1.6.1.8"
        }]
      },
      {
        "code" : "224",
        "display" : "Etablissement de consultation pré et post-natale",
        "designation" : [{
          "use" : {
            "code" : "OID"
          },
          "value" : "urn:oid:1.2.250.1.213.1.6.1.8"
        }]
      },
      {
        "code" : "228",
        "display" : "Centre de santé sexuelle",
        "designation" : [{
          "use" : {
            "code" : "OID"
          },
          "value" : "urn:oid:1.2.250.1.213.1.6.1.8"
        }]
      },
      {
        "code" : "230",
        "display" : "Etablissement consultation protection infantile",
        "designation" : [{
          "use" : {
            "code" : "OID"
          },
          "value" : "urn:oid:1.2.250.1.213.1.6.1.8"
        }]
      },
      {
        "code" : "231",
        "display" : "Etablissement d'information, de consultation et de conseil familial",
        "designation" : [{
          "use" : {
            "code" : "OID"
          },
          "value" : "urn:oid:1.2.250.1.213.1.6.1.8"
        }]
      },
      {
        "code" : "236",
        "display" : "Centre de placement familial socio-éducatif (CPFSE)",
        "designation" : [{
          "use" : {
            "code" : "OID"
          },
          "value" : "urn:oid:1.2.250.1.213.1.6.1.8"
        }]
      },
      {
        "code" : "238",
        "display" : "Centre d'accueil familial spécialisé",
        "designation" : [{
          "use" : {
            "code" : "OID"
          },
          "value" : "urn:oid:1.2.250.1.213.1.6.1.8"
        }]
      },
      {
        "code" : "241",
        "display" : "Établissement de Placement",
        "designation" : [{
          "use" : {
            "code" : "OID"
          },
          "value" : "urn:oid:1.2.250.1.213.1.6.1.8"
        }]
      },
      {
        "code" : "242",
        "display" : "Service d'Activité de Jour",
        "designation" : [{
          "use" : {
            "code" : "OID"
          },
          "value" : "urn:oid:1.2.250.1.213.1.6.1.8"
        }]
      },
      {
        "code" : "246",
        "display" : "Etablissement et service d'aide par le travail (ESAT)",
        "designation" : [{
          "use" : {
            "code" : "OID"
          },
          "value" : "urn:oid:1.2.250.1.213.1.6.1.8"
        }]
      },
      {
        "code" : "247",
        "display" : "Entreprise adaptée",
        "designation" : [{
          "use" : {
            "code" : "OID"
          },
          "value" : "urn:oid:1.2.250.1.213.1.6.1.8"
        }]
      },
      {
        "code" : "249",
        "display" : "Établissement et Service de Réadaptation Professionnelle",
        "designation" : [{
          "use" : {
            "code" : "OID"
          },
          "value" : "urn:oid:1.2.250.1.213.1.6.1.8"
        }]
      },
      {
        "code" : "252",
        "display" : "Foyer d'hébergement d'adultes handicapés",
        "designation" : [{
          "use" : {
            "code" : "OID"
          },
          "value" : "urn:oid:1.2.250.1.213.1.6.1.8"
        }]
      },
      {
        "code" : "253",
        "display" : "Foyer d'accueil polyvalent pour adultes handicapés",
        "designation" : [{
          "use" : {
            "code" : "OID"
          },
          "value" : "urn:oid:1.2.250.1.213.1.6.1.8"
        }]
      },
      {
        "code" : "255",
        "display" : "Maison d'accueil spécialisée (MAS)",
        "designation" : [{
          "use" : {
            "code" : "OID"
          },
          "value" : "urn:oid:1.2.250.1.213.1.6.1.8"
        }]
      },
      {
        "code" : "256",
        "display" : "Foyer de travailleurs migrants non transformé en résidence sociale",
        "designation" : [{
          "use" : {
            "code" : "OID"
          },
          "value" : "urn:oid:1.2.250.1.213.1.6.1.8"
        }]
      },
      {
        "code" : "257",
        "display" : "Foyers de jeunes travailleurs",
        "designation" : [{
          "use" : {
            "code" : "OID"
          },
          "value" : "urn:oid:1.2.250.1.213.1.6.1.8"
        }]
      },
      {
        "code" : "258",
        "display" : "Maison relais, Pension de famille",
        "designation" : [{
          "use" : {
            "code" : "OID"
          },
          "value" : "urn:oid:1.2.250.1.213.1.6.1.8"
        }]
      },
      {
        "code" : "259",
        "display" : "Autres résidences sociales",
        "designation" : [{
          "use" : {
            "code" : "OID"
          },
          "value" : "urn:oid:1.2.250.1.213.1.6.1.8"
        }]
      },
      {
        "code" : "266",
        "display" : "Dispensaire antivénérien",
        "designation" : [{
          "use" : {
            "code" : "OID"
          },
          "value" : "urn:oid:1.2.250.1.213.1.6.1.8"
        }]
      },
      {
        "code" : "267",
        "display" : "Dispensaire antihansénien",
        "designation" : [{
          "use" : {
            "code" : "OID"
          },
          "value" : "urn:oid:1.2.250.1.213.1.6.1.8"
        }]
      },
      {
        "code" : "268",
        "display" : "Centre médico-scolaire",
        "designation" : [{
          "use" : {
            "code" : "OID"
          },
          "value" : "urn:oid:1.2.250.1.213.1.6.1.8"
        }]
      },
      {
        "code" : "269",
        "display" : "Centre de médecine universitaire",
        "designation" : [{
          "use" : {
            "code" : "OID"
          },
          "value" : "urn:oid:1.2.250.1.213.1.6.1.8"
        }]
      },
      {
        "code" : "270",
        "display" : "Centre de médecine sportive",
        "designation" : [{
          "use" : {
            "code" : "OID"
          },
          "value" : "urn:oid:1.2.250.1.213.1.6.1.8"
        }]
      },
      {
        "code" : "271",
        "display" : "Maison d'accueil Hospitalière",
        "designation" : [{
          "use" : {
            "code" : "OID"
          },
          "value" : "urn:oid:1.2.250.1.213.1.6.1.8"
        }]
      },
      {
        "code" : "286",
        "display" : "Club, Equipe de prévention",
        "designation" : [{
          "use" : {
            "code" : "OID"
          },
          "value" : "urn:oid:1.2.250.1.213.1.6.1.8"
        }]
      },
      {
        "code" : "292",
        "display" : "Centre hospitalier spécialisé de lutte contre les maladies mentales",
        "designation" : [{
          "use" : {
            "code" : "OID"
          },
          "value" : "urn:oid:1.2.250.1.213.1.6.1.8"
        }]
      },
      {
        "code" : "294",
        "display" : "Centre de consultations cancer",
        "designation" : [{
          "use" : {
            "code" : "OID"
          },
          "value" : "urn:oid:1.2.250.1.213.1.6.1.8"
        }]
      },
      {
        "code" : "295",
        "display" : "Service AEMO et AED",
        "designation" : [{
          "use" : {
            "code" : "OID"
          },
          "value" : "urn:oid:1.2.250.1.213.1.6.1.8"
        }]
      },
      {
        "code" : "300",
        "display" : "Ecole formant aux professions sanitaires",
        "designation" : [{
          "use" : {
            "code" : "OID"
          },
          "value" : "urn:oid:1.2.250.1.213.1.6.1.8"
        }]
      },
      {
        "code" : "324",
        "display" : "Logement foyer non spécialisé",
        "designation" : [{
          "use" : {
            "code" : "OID"
          },
          "value" : "urn:oid:1.2.250.1.213.1.6.1.8"
        }]
      },
      {
        "code" : "330",
        "display" : "Ecole formant aux professions sociales",
        "designation" : [{
          "use" : {
            "code" : "OID"
          },
          "value" : "urn:oid:1.2.250.1.213.1.6.1.8"
        }]
      },
      {
        "code" : "340",
        "display" : "Service mandataire judiciaire à la protection des majeurs",
        "designation" : [{
          "use" : {
            "code" : "OID"
          },
          "value" : "urn:oid:1.2.250.1.213.1.6.1.8"
        }]
      },
      {
        "code" : "341",
        "display" : "Service dédié aux mesures d'accompagnement social personnalisé",
        "designation" : [{
          "use" : {
            "code" : "OID"
          },
          "value" : "urn:oid:1.2.250.1.213.1.6.1.8"
        }]
      },
      {
        "code" : "342",
        "display" : "Service d'information et de soutien aux tuteurs familiaux",
        "designation" : [{
          "use" : {
            "code" : "OID"
          },
          "value" : "urn:oid:1.2.250.1.213.1.6.1.8"
        }]
      },
      {
        "code" : "344",
        "display" : "Service délégué aux prestations familiales",
        "designation" : [{
          "use" : {
            "code" : "OID"
          },
          "value" : "urn:oid:1.2.250.1.213.1.6.1.8"
        }]
      },
      {
        "code" : "345",
        "display" : "Service de tutelle aux prestations sociales adultes",
        "designation" : [{
          "use" : {
            "code" : "OID"
          },
          "value" : "urn:oid:1.2.250.1.213.1.6.1.8"
        }]
      },
      {
        "code" : "347",
        "display" : "Centre d'examens de santé",
        "designation" : [{
          "use" : {
            "code" : "OID"
          },
          "value" : "urn:oid:1.2.250.1.213.1.6.1.8"
        }]
      },
      {
        "code" : "354",
        "display" : "Service de soins infirmiers à domicile (SSIAD)",
        "designation" : [{
          "use" : {
            "code" : "OID"
          },
          "value" : "urn:oid:1.2.250.1.213.1.6.1.8"
        }]
      },
      {
        "code" : "355",
        "display" : "Centre hospitalier (CH)",
        "designation" : [{
          "use" : {
            "code" : "OID"
          },
          "value" : "urn:oid:1.2.250.1.213.1.6.1.8"
        }]
      },
      {
        "code" : "359",
        "display" : "Centre circonscription sanitaire et sociale",
        "designation" : [{
          "use" : {
            "code" : "OID"
          },
          "value" : "urn:oid:1.2.250.1.213.1.6.1.8"
        }]
      },
      {
        "code" : "362",
        "display" : "Etablissement de soins longue durée",
        "designation" : [{
          "use" : {
            "code" : "OID"
          },
          "value" : "urn:oid:1.2.250.1.213.1.6.1.8"
        }]
      },
      {
        "code" : "365",
        "display" : "Etablissement de soins pluridisciplinaire",
        "designation" : [{
          "use" : {
            "code" : "OID"
          },
          "value" : "urn:oid:1.2.250.1.213.1.6.1.8"
        }]
      },
      {
        "code" : "366",
        "display" : "Atelier thérapeutique",
        "designation" : [{
          "use" : {
            "code" : "OID"
          },
          "value" : "urn:oid:1.2.250.1.213.1.6.1.8"
        }]
      },
      {
        "code" : "370",
        "display" : "Etablissement Expérimental pour personnes handicapées",
        "designation" : [{
          "use" : {
            "code" : "OID"
          },
          "value" : "urn:oid:1.2.250.1.213.1.6.1.8"
        }]
      },
      {
        "code" : "374",
        "display" : "Ecole nationale de santé publique (ENSP)",
        "designation" : [{
          "use" : {
            "code" : "OID"
          },
          "value" : "urn:oid:1.2.250.1.213.1.6.1.8"
        }]
      },
      {
        "code" : "377",
        "display" : "Etablissement expérimental pour enfance handicapée",
        "designation" : [{
          "use" : {
            "code" : "OID"
          },
          "value" : "urn:oid:1.2.250.1.213.1.6.1.8"
        }]
      },
      {
        "code" : "378",
        "display" : "Etablissement expérimental enfance protégée",
        "designation" : [{
          "use" : {
            "code" : "OID"
          },
          "value" : "urn:oid:1.2.250.1.213.1.6.1.8"
        }]
      },
      {
        "code" : "379",
        "display" : "Etablissement expérimental pour adultes handicapés",
        "designation" : [{
          "use" : {
            "code" : "OID"
          },
          "value" : "urn:oid:1.2.250.1.213.1.6.1.8"
        }]
      },
      {
        "code" : "380",
        "display" : "Etablissement expérimental autres adultes",
        "designation" : [{
          "use" : {
            "code" : "OID"
          },
          "value" : "urn:oid:1.2.250.1.213.1.6.1.8"
        }]
      },
      {
        "code" : "381",
        "display" : "Etablissement expérimental pour personnes âgées",
        "designation" : [{
          "use" : {
            "code" : "OID"
          },
          "value" : "urn:oid:1.2.250.1.213.1.6.1.8"
        }]
      },
      {
        "code" : "382",
        "display" : "Foyer de vie pour adultes handicapés",
        "designation" : [{
          "use" : {
            "code" : "OID"
          },
          "value" : "urn:oid:1.2.250.1.213.1.6.1.8"
        }]
      },
      {
        "code" : "390",
        "display" : "Etablissement d'accueil temporaire d'enfants handicapés",
        "designation" : [{
          "use" : {
            "code" : "OID"
          },
          "value" : "urn:oid:1.2.250.1.213.1.6.1.8"
        }]
      },
      {
        "code" : "395",
        "display" : "Etablissement d'accueil temporaire pour adultes handicapés",
        "designation" : [{
          "use" : {
            "code" : "OID"
          },
          "value" : "urn:oid:1.2.250.1.213.1.6.1.8"
        }]
      },
      {
        "code" : "396",
        "display" : "Foyer d'hébergement pour enfants et adolescents handicapés",
        "designation" : [{
          "use" : {
            "code" : "OID"
          },
          "value" : "urn:oid:1.2.250.1.213.1.6.1.8"
        }]
      },
      {
        "code" : "400",
        "display" : "Centre de services pour associations",
        "designation" : [{
          "use" : {
            "code" : "OID"
          },
          "value" : "urn:oid:1.2.250.1.213.1.6.1.8"
        }]
      },
      {
        "code" : "402",
        "display" : "Jardin d'enfants spécialisé",
        "designation" : [{
          "use" : {
            "code" : "OID"
          },
          "value" : "urn:oid:1.2.250.1.213.1.6.1.8"
        }]
      },
      {
        "code" : "403",
        "display" : "Service social spécialisé ou polyvalent de catégorie",
        "designation" : [{
          "use" : {
            "code" : "OID"
          },
          "value" : "urn:oid:1.2.250.1.213.1.6.1.8"
        }]
      },
      {
        "code" : "405",
        "display" : "Service social polyvalent de secteur",
        "designation" : [{
          "use" : {
            "code" : "OID"
          },
          "value" : "urn:oid:1.2.250.1.213.1.6.1.8"
        }]
      },
      {
        "code" : "411",
        "display" : "Intermédiaire de placement social",
        "designation" : [{
          "use" : {
            "code" : "OID"
          },
          "value" : "urn:oid:1.2.250.1.213.1.6.1.8"
        }]
      },
      {
        "code" : "412",
        "display" : "Appartement thérapeutique",
        "designation" : [{
          "use" : {
            "code" : "OID"
          },
          "value" : "urn:oid:1.2.250.1.213.1.6.1.8"
        }]
      },
      {
        "code" : "415",
        "display" : "Service médico-psychologique régional (SMPR)",
        "designation" : [{
          "use" : {
            "code" : "OID"
          },
          "value" : "urn:oid:1.2.250.1.213.1.6.1.8"
        }]
      },
      {
        "code" : "422",
        "display" : "Traitements spécialisés à domicile",
        "designation" : [{
          "use" : {
            "code" : "OID"
          },
          "value" : "urn:oid:1.2.250.1.213.1.6.1.8"
        }]
      },
      {
        "code" : "425",
        "display" : "Centre d'accueil thérapeutique à temps partiel (CATTP)",
        "designation" : [{
          "use" : {
            "code" : "OID"
          },
          "value" : "urn:oid:1.2.250.1.213.1.6.1.8"
        }]
      },
      {
        "code" : "426",
        "display" : "Syndicat inter hospitalier (SIH)",
        "designation" : [{
          "use" : {
            "code" : "OID"
          },
          "value" : "urn:oid:1.2.250.1.213.1.6.1.8"
        }]
      },
      {
        "code" : "430",
        "display" : "Centre postcure pour malades mentaux",
        "designation" : [{
          "use" : {
            "code" : "OID"
          },
          "value" : "urn:oid:1.2.250.1.213.1.6.1.8"
        }]
      },
      {
        "code" : "433",
        "display" : "Etablissement sanitaire des prisons",
        "designation" : [{
          "use" : {
            "code" : "OID"
          },
          "value" : "urn:oid:1.2.250.1.213.1.6.1.8"
        }]
      },
      {
        "code" : "436",
        "display" : "Ecoles formant aux professions sanitaires et sociales",
        "designation" : [{
          "use" : {
            "code" : "OID"
          },
          "value" : "urn:oid:1.2.250.1.213.1.6.1.8"
        }]
      },
      {
        "code" : "437",
        "display" : "Foyer d'accueil médicalisé pour adultes handicapés (FAM)",
        "designation" : [{
          "use" : {
            "code" : "OID"
          },
          "value" : "urn:oid:1.2.250.1.213.1.6.1.8"
        }]
      },
      {
        "code" : "438",
        "display" : "Centre de médecine collective",
        "designation" : [{
          "use" : {
            "code" : "OID"
          },
          "value" : "urn:oid:1.2.250.1.213.1.6.1.8"
        }]
      },
      {
        "code" : "439",
        "display" : "Centre de santé polyvalent",
        "designation" : [{
          "use" : {
            "code" : "OID"
          },
          "value" : "urn:oid:1.2.250.1.213.1.6.1.8"
        }]
      },
      {
        "code" : "440",
        "display" : "Service d'Investigation Educative",
        "designation" : [{
          "use" : {
            "code" : "OID"
          },
          "value" : "urn:oid:1.2.250.1.213.1.6.1.8"
        }]
      },
      {
        "code" : "441",
        "display" : "Service d'Intervention Educative en Milieu Ouvert",
        "designation" : [{
          "use" : {
            "code" : "OID"
          },
          "value" : "urn:oid:1.2.250.1.213.1.6.1.8"
        }]
      },
      {
        "code" : "442",
        "display" : "Centre provisoire d'hébergement",
        "designation" : [{
          "use" : {
            "code" : "OID"
          },
          "value" : "urn:oid:1.2.250.1.213.1.6.1.8"
        }]
      },
      {
        "code" : "443",
        "display" : "Centre d'accueil de demandeurs d'asile (CADA)",
        "designation" : [{
          "use" : {
            "code" : "OID"
          },
          "value" : "urn:oid:1.2.250.1.213.1.6.1.8"
        }]
      },
      {
        "code" : "444",
        "display" : "Centre de crise et d'accueil permanent",
        "designation" : [{
          "use" : {
            "code" : "OID"
          },
          "value" : "urn:oid:1.2.250.1.213.1.6.1.8"
        }]
      },
      {
        "code" : "445",
        "display" : "Service d'accompagnement médico-social pour adultes handicapés",
        "designation" : [{
          "use" : {
            "code" : "OID"
          },
          "value" : "urn:oid:1.2.250.1.213.1.6.1.8"
        }]
      },
      {
        "code" : "446",
        "display" : "Service d'accompagnement à la vie sociale (SAVS)",
        "designation" : [{
          "use" : {
            "code" : "OID"
          },
          "value" : "urn:oid:1.2.250.1.213.1.6.1.8"
        }]
      },
      {
        "code" : "448",
        "display" : "Etablissement d'Accueil Médicalisé en tout ou partie personnes handicapées",
        "designation" : [{
          "use" : {
            "code" : "OID"
          },
          "value" : "urn:oid:1.2.250.1.213.1.6.1.8"
        }]
      },
      {
        "code" : "449",
        "display" : "Etablissement d'Accueil Non Médicalisé pour personnes handicapées",
        "designation" : [{
          "use" : {
            "code" : "OID"
          },
          "value" : "urn:oid:1.2.250.1.213.1.6.1.8"
        }]
      },
      {
        "code" : "460",
        "display" : "Service autonomie aide (SAA)",
        "designation" : [{
          "use" : {
            "code" : "OID"
          },
          "value" : "urn:oid:1.2.250.1.213.1.6.1.8"
        }]
      },
      {
        "code" : "461",
        "display" : "Centres de ressources SAI (sans aucune indication)",
        "designation" : [{
          "use" : {
            "code" : "OID"
          },
          "value" : "urn:oid:1.2.250.1.213.1.6.1.8"
        }]
      },
      {
        "code" : "462",
        "display" : "Lieux de Vie et d'Accueil",
        "designation" : [{
          "use" : {
            "code" : "OID"
          },
          "value" : "urn:oid:1.2.250.1.213.1.6.1.8"
        }]
      },
      {
        "code" : "463",
        "display" : "Centre local d'information et de coordination de personnes âgées",
        "designation" : [{
          "use" : {
            "code" : "OID"
          },
          "value" : "urn:oid:1.2.250.1.213.1.6.1.8"
        }]
      },
      {
        "code" : "464",
        "display" : "Unité d'évaluation, de réentraînement et d'orientation sociale et-ou professionnelle",
        "designation" : [{
          "use" : {
            "code" : "OID"
          },
          "value" : "urn:oid:1.2.250.1.213.1.6.1.8"
        }]
      },
      {
        "code" : "500",
        "display" : "Etablissement d'hébergement pour personnes âgées dépendantes",
        "designation" : [{
          "use" : {
            "code" : "OID"
          },
          "value" : "urn:oid:1.2.250.1.213.1.6.1.8"
        }]
      },
      {
        "code" : "501",
        "display" : "EHPA percevant des crédits d'assurance maladie",
        "designation" : [{
          "use" : {
            "code" : "OID"
          },
          "value" : "urn:oid:1.2.250.1.213.1.6.1.8"
        }]
      },
      {
        "code" : "502",
        "display" : "EHPA ne percevant pas des crédits d'assurance maladie",
        "designation" : [{
          "use" : {
            "code" : "OID"
          },
          "value" : "urn:oid:1.2.250.1.213.1.6.1.8"
        }]
      },
      {
        "code" : "603",
        "display" : "Maison de santé (L6223-3)",
        "designation" : [{
          "use" : {
            "code" : "OID"
          },
          "value" : "urn:oid:1.2.250.1.213.1.6.1.8"
        }]
      },
      {
        "code" : "604",
        "display" : "Communauté Professionnelle Territoriale de Santé (CPTS)",
        "designation" : [{
          "use" : {
            "code" : "OID"
          },
          "value" : "urn:oid:1.2.250.1.213.1.6.1.8"
        }]
      },
      {
        "code" : "606",
        "display" : "Dispositif d'appui à la coordination (DAC)",
        "designation" : [{
          "use" : {
            "code" : "OID"
          },
          "value" : "urn:oid:1.2.250.1.213.1.6.1.8"
        }]
      },
      {
        "code" : "608",
        "display" : "Equipe mobile médico-sociale précarité (EMMSP)",
        "designation" : [{
          "use" : {
            "code" : "OID"
          },
          "value" : "urn:oid:1.2.250.1.213.1.6.1.8"
        }]
      },
      {
        "code" : "609",
        "display" : "Maison Départementale pour Personnes Handicapées (MDPH)",
        "designation" : [{
          "use" : {
            "code" : "OID"
          },
          "value" : "urn:oid:1.2.250.1.213.1.6.1.8"
        }]
      },
      {
        "code" : "610",
        "display" : "Laboratoire d'analyses",
        "designation" : [{
          "use" : {
            "code" : "OID"
          },
          "value" : "urn:oid:1.2.250.1.213.1.6.1.8"
        }]
      },
      {
        "code" : "611",
        "display" : "Laboratoire de biologie médicale (LBM)",
        "designation" : [{
          "use" : {
            "code" : "OID"
          },
          "value" : "urn:oid:1.2.250.1.213.1.6.1.8"
        }]
      },
      {
        "code" : "612",
        "display" : "Autre laboratoire de biologie médicale sans FSE",
        "designation" : [{
          "use" : {
            "code" : "OID"
          },
          "value" : "urn:oid:1.2.250.1.213.1.6.1.8"
        }]
      },
      {
        "code" : "614",
        "display" : "Dispositif Spécifique Régional du Cancer (DSRC)",
        "designation" : [{
          "use" : {
            "code" : "OID"
          },
          "value" : "urn:oid:1.2.250.1.213.1.6.1.8"
        }]
      },
      {
        "code" : "616",
        "display" : "Services de Prévention et de Santé au Travail (SPST)",
        "designation" : [{
          "use" : {
            "code" : "OID"
          },
          "value" : "urn:oid:1.2.250.1.213.1.6.1.8"
        }]
      },
      {
        "code" : "617",
        "display" : "Maison médicale de garde (MMG)",
        "designation" : [{
          "use" : {
            "code" : "OID"
          },
          "value" : "urn:oid:1.2.250.1.213.1.6.1.8"
        }]
      },
      {
        "code" : "618",
        "display" : "Autre structure de soins non programmés (SNP)",
        "designation" : [{
          "use" : {
            "code" : "OID"
          },
          "value" : "urn:oid:1.2.250.1.213.1.6.1.8"
        }]
      },
      {
        "code" : "620",
        "display" : "Pharmacie d'officine",
        "designation" : [{
          "use" : {
            "code" : "OID"
          },
          "value" : "urn:oid:1.2.250.1.213.1.6.1.8"
        }]
      },
      {
        "code" : "624",
        "display" : "Laboratoire pharmaceutique préparant et délivrant des allergènes",
        "designation" : [{
          "use" : {
            "code" : "OID"
          },
          "value" : "urn:oid:1.2.250.1.213.1.6.1.8"
        }]
      },
      {
        "code" : "627",
        "display" : "Propharmacie",
        "designation" : [{
          "use" : {
            "code" : "OID"
          },
          "value" : "urn:oid:1.2.250.1.213.1.6.1.8"
        }]
      },
      {
        "code" : "628",
        "display" : "Pharmacie minière",
        "designation" : [{
          "use" : {
            "code" : "OID"
          },
          "value" : "urn:oid:1.2.250.1.213.1.6.1.8"
        }]
      },
      {
        "code" : "629",
        "display" : "Pharmacie mutualiste",
        "designation" : [{
          "use" : {
            "code" : "OID"
          },
          "value" : "urn:oid:1.2.250.1.213.1.6.1.8"
        }]
      },
      {
        "code" : "630",
        "display" : "Installation autonome de chirurgie esthétique",
        "designation" : [{
          "use" : {
            "code" : "OID"
          },
          "value" : "urn:oid:1.2.250.1.213.1.6.1.8"
        }]
      },
      {
        "code" : "631",
        "display" : "Maisons de naissance",
        "designation" : [{
          "use" : {
            "code" : "OID"
          },
          "value" : "urn:oid:1.2.250.1.213.1.6.1.8"
        }]
      },
      {
        "code" : "632",
        "display" : "Structure Dispensatrice à domicile d'Oxygène à usage médical",
        "designation" : [{
          "use" : {
            "code" : "OID"
          },
          "value" : "urn:oid:1.2.250.1.213.1.6.1.8"
        }]
      },
      {
        "code" : "633",
        "display" : "Structure Expérimentale en Santé",
        "designation" : [{
          "use" : {
            "code" : "OID"
          },
          "value" : "urn:oid:1.2.250.1.213.1.6.1.8"
        }]
      },
      {
        "code" : "636",
        "display" : "Centre de soins et de prévention",
        "designation" : [{
          "use" : {
            "code" : "OID"
          },
          "value" : "urn:oid:1.2.250.1.213.1.6.1.8"
        }]
      },
      {
        "code" : "637",
        "display" : "Centre de Lutte Antituberculeuse (CLAT)",
        "designation" : [{
          "use" : {
            "code" : "OID"
          },
          "value" : "urn:oid:1.2.250.1.213.1.6.1.8"
        }]
      },
      {
        "code" : "638",
        "display" : "Centre gratuit d'information de dépistage et de diagnostic (CeGIDD)",
        "designation" : [{
          "use" : {
            "code" : "OID"
          },
          "value" : "urn:oid:1.2.250.1.213.1.6.1.8"
        }]
      },
      {
        "code" : "639",
        "display" : "Sociétés de téléconsultation (STLC)",
        "designation" : [{
          "use" : {
            "code" : "OID"
          },
          "value" : "urn:oid:1.2.250.1.213.1.6.1.8"
        }]
      },
      {
        "code" : "640",
        "display" : "Service d'aide et d'accompagnement à domicile aux familles (SAADF)",
        "designation" : [{
          "use" : {
            "code" : "OID"
          },
          "value" : "urn:oid:1.2.250.1.213.1.6.1.8"
        }]
      },
      {
        "code" : "642",
        "display" : "Services départementaux d'incendie et de secours",
        "designation" : [{
          "use" : {
            "code" : "OID"
          },
          "value" : "urn:oid:1.2.250.1.213.1.6.1.8"
        }]
      },
      {
        "code" : "643",
        "display" : "Service d'évaluation de la minorité et de l'isolement pour les personnes se déclarant mineures (SEMIPM)",
        "designation" : [{
          "use" : {
            "code" : "OID"
          },
          "value" : "urn:oid:1.2.250.1.213.1.6.1.8"
        }]
      },
      {
        "code" : "644",
        "display" : "Etablissement de mise à l'abri pour les personnes se déclarant mineures non accompagnées (EMAMNA)",
        "designation" : [{
          "use" : {
            "code" : "OID"
          },
          "value" : "urn:oid:1.2.250.1.213.1.6.1.8"
        }]
      },
      {
        "code" : "641",
        "display" : "Antenne de Pharmacie d'officine",
        "designation" : [{
          "use" : {
            "code" : "OID"
          },
          "value" : "urn:oid:1.2.250.1.213.1.6.1.8"
        }]
      },
      {
        "code" : "645",
        "display" : "Centre de Vaccination",
        "designation" : [{
          "use" : {
            "code" : "OID"
          },
          "value" : "urn:oid:1.2.250.1.213.1.6.1.8"
        }]
      },
      {
        "code" : "646",
        "display" : "Centre de Vaccination Internationale",
        "designation" : [{
          "use" : {
            "code" : "OID"
          },
          "value" : "urn:oid:1.2.250.1.213.1.6.1.8"
        }]
      },
      {
        "code" : "647",
        "display" : "Equipe de Soins Spécialisés",
        "designation" : [{
          "use" : {
            "code" : "OID"
          },
          "value" : "urn:oid:1.2.250.1.213.1.6.1.8"
        }]
      },
      {
        "code" : "648",
        "display" : "Structure qui contribue au Service d'Accès aux Soins",
        "designation" : [{
          "use" : {
            "code" : "OID"
          },
          "value" : "urn:oid:1.2.250.1.213.1.6.1.8"
        }]
      },
      {
        "code" : "695",
        "display" : "Groupement de coopération sanitaire de moyens - Exploitant",
        "designation" : [{
          "use" : {
            "code" : "OID"
          },
          "value" : "urn:oid:1.2.250.1.213.1.6.1.8"
        }]
      },
      {
        "code" : "696",
        "display" : "Groupement de coopération sanitaire de moyens",
        "designation" : [{
          "use" : {
            "code" : "OID"
          },
          "value" : "urn:oid:1.2.250.1.213.1.6.1.8"
        }]
      },
      {
        "code" : "697",
        "display" : "Groupement de coopération sanitaire, Etablissement de santé",
        "designation" : [{
          "use" : {
            "code" : "OID"
          },
          "value" : "urn:oid:1.2.250.1.213.1.6.1.8"
        }]
      },
      {
        "code" : "698",
        "display" : "Autre établissement relevant de la loi hospitalière",
        "designation" : [{
          "use" : {
            "code" : "OID"
          },
          "value" : "urn:oid:1.2.250.1.213.1.6.1.8"
        }]
      },
      {
        "code" : "699",
        "display" : "Entité ayant autorisation",
        "designation" : [{
          "use" : {
            "code" : "OID"
          },
          "value" : "urn:oid:1.2.250.1.213.1.6.1.8"
        }]
      },
      {
        "code" : "700",
        "display" : "Maison sport-santé",
        "designation" : [{
          "use" : {
            "code" : "OID"
          },
          "value" : "urn:oid:1.2.250.1.213.1.6.1.8"
        }]
      },
      {
        "code" : "701",
        "display" : "Maison des adolescents (MDA)",
        "designation" : [{
          "use" : {
            "code" : "OID"
          },
          "value" : "urn:oid:1.2.250.1.213.1.6.1.8"
        }]
      },
      {
        "code" : "702",
        "display" : "Point Accueil Ecoute Jeunes (PAEJ)",
        "designation" : [{
          "use" : {
            "code" : "OID"
          },
          "value" : "urn:oid:1.2.250.1.213.1.6.1.8"
        }]
      }]
    },
    {
      "system" : "https://mos.esante.gouv.fr/NOS/TRE_R02-SecteurActivite/FHIR/TRE-R02-SecteurActivite",
      "concept" : [{
        "code" : "SA05",
        "display" : "Centre de santé",
        "designation" : [{
          "use" : {
            "code" : "OID"
          },
          "value" : "urn:oid:1.2.250.1.71.4.2.4"
        }]
      },
      {
        "code" : "SA07",
        "display" : "Cabinet individuel",
        "designation" : [{
          "use" : {
            "code" : "OID"
          },
          "value" : "urn:oid:1.2.250.1.71.4.2.4"
        }]
      },
      {
        "code" : "SA08",
        "display" : "Cabinet de groupe",
        "designation" : [{
          "use" : {
            "code" : "OID"
          },
          "value" : "urn:oid:1.2.250.1.71.4.2.4"
        }]
      },
      {
        "code" : "SA09",
        "display" : "Exercice en société",
        "designation" : [{
          "use" : {
            "code" : "OID"
          },
          "value" : "urn:oid:1.2.250.1.71.4.2.4"
        }]
      }]
    }]
  }
}