{"resourceType":"CodeSystem","id":"output-task-ror-codesystem","meta":{"profile":["http://hl7.org/fhir/StructureDefinition/shareablecodesystem"]},"text":{"status":"generated","div":"<div xmlns=\"http://www.w3.org/1999/xhtml\"><p class=\"res-header-id\"><b>Generated Narrative: CodeSystem output-task-ror-codesystem</b></p><a name=\"output-task-ror-codesystem\"> </a><a name=\"hcoutput-task-ror-codesystem\"> </a><a name=\"output-task-ror-codesystem-fr-FR\"> </a><div style=\"display: inline-block; background-color: #d9e0e7; padding: 6px; margin: 4px; border: 1px solid #8da1b4; border-radius: 5px; line-height: 60%\"><p style=\"margin-bottom: 0px\"/><p style=\"margin-bottom: 0px\">Profil: <a href=\"http://hl7.org/fhir/R4/shareablecodesystem.html\">Shareable CodeSystem</a></p></div><p>This case-sensitive code system <code>https://interop.esante.gouv.fr/ig/fhir/ror/CodeSystem/output-task-ror-codesystem</code> defines the following codes:</p><table class=\"codes\"><tr><td style=\"white-space:nowrap\"><b>Code</b></td><td><b>Définition</b></td></tr><tr><td style=\"white-space:nowrap\">newValue<a name=\"output-task-ror-codesystem-newValue\"> </a></td><td>Nouvelle valeur renseignée</td></tr><tr><td style=\"white-space:nowrap\">identifierAnalyst<a name=\"output-task-ror-codesystem-identifierAnalyst\"> </a></td><td>identifiant du destinataire du traitement de la demande</td></tr></table></div>"},"url":"https://interop.esante.gouv.fr/ig/fhir/ror/CodeSystem/output-task-ror-codesystem","version":"0.5.0","name":"OutputTaskRORCodeSystem","status":"draft","experimental":true,"date":"2025-03-17T13:25:57+00:00","publisher":"ANS","contact":[{"name":"ANS","telecom":[{"system":"url","value":"https://esante.gouv.fr"}]}],"description":"Code System pour la définition des éléments spécifiques de output dans ressource RORTask","jurisdiction":[{"coding":[{"system":"urn:iso:std:iso:3166","code":"FR","display":"FRANCE"}]}],"caseSensitive":true,"compositional":false,"content":"complete","count":2,"concept":[{"code":"newValue","display":"newValue","definition":"Nouvelle valeur renseignée"},{"code":"identifierAnalyst","display":"identifierAnalyst","definition":"identifiant du destinataire du traitement de la demande"}]}