<?xml version="1.0" encoding="UTF-8"?>

<CodeSystem xmlns="http://hl7.org/fhir">
  <id value="TRE-R238-OuvertureAnnuelle"/>
  <text>
    <status value="generated"/><div xmlns="http://www.w3.org/1999/xhtml"><p><b>Properties</b></p><p><b>This code system defines the following properties for its concepts</b></p><table class="grid"><tr><td><b>Name</b></td><td><b>Code</b></td><td><b>Type</b></td><td><b>Description</b></td></tr><tr><td>dateValid</td><td>dateValid</td><td>dateTime</td><td>date de validité d'un code concept</td></tr><tr><td>dateMaj</td><td>dateMaj</td><td>dateTime</td><td>Date de mise à jour d'un code concept</td></tr><tr><td>dateFin</td><td>dateFin</td><td>dateTime</td><td>Date de fin d'exploitation d'un code concept</td></tr></table><p><b>Concepts</b></p><p>This  code system <code>https://mos.esante.gouv.fr/NOS/TRE_R238-OuvertureAnnuelle/FHIR/TRE-R238-OuvertureAnnuelle</code> defines the following codes:</p><table class="codes"><tr><td style="white-space:nowrap"><b>Code</b></td><td><b>Display</b></td><td><b>dateValid</b></td><td><b>dateMaj</b></td></tr><tr><td style="white-space:nowrap">01<a name="TRE-R238-OuvertureAnnuelle-01"> </a></td><td>Semaine hors week-end jusqu'à 210 jours par an</td><td>2017-10-13T12:00:00+01:00</td><td>2019-03-29T12:00:00+01:00</td></tr><tr><td style="white-space:nowrap">02<a name="TRE-R238-OuvertureAnnuelle-02"> </a></td><td>Semaine et week-end (de 211 à 364 jours par an)</td><td>2017-10-13T12:00:00+01:00</td><td>2018-01-26T12:00:00+01:00</td></tr><tr><td style="white-space:nowrap">03<a name="TRE-R238-OuvertureAnnuelle-03"> </a></td><td>Année complète (365 jours par an)</td><td>2017-10-13T12:00:00+01:00</td><td>2018-01-26T12:00:00+01:00</td></tr><tr><td style="white-space:nowrap">04<a name="TRE-R238-OuvertureAnnuelle-04"> </a></td><td>Semaine hors week-end à partir de 210 jours</td><td>2018-01-26T12:00:00+01:00</td><td>2019-03-29T12:00:00+01:00</td></tr><tr><td style="white-space:nowrap">05<a name="TRE-R238-OuvertureAnnuelle-05"> </a></td><td>Week-end et vacances scolaires uniquement</td><td>2018-01-26T12:00:00+01:00</td><td>2018-01-26T12:00:00+01:00</td></tr></table></div>
  </text>
  <extension url="http://hl7.org/fhir/StructureDefinition/resource-effectivePeriod">
    <valuePeriod>
      <start value="2017-10-13T12:00:00+01:00"/>
    </valuePeriod>
  </extension>
  <url value="https://mos.esante.gouv.fr/NOS/TRE_R238-OuvertureAnnuelle/FHIR/TRE-R238-OuvertureAnnuelle"/>
  <identifier>
    <value value="urn:oid:1.2.250.1.213.3.3.27"/>
  </identifier>
  <version value="1.4.0"/>
  <name value="TRE_R238-OuvertureAnnuelle"/>
  <status value="active"/>
  <date value="2023-12-15T12:00:00+01:00"/>
  <publisher value="ANS"/>
  <contact>
    <name value="ANS"/>
    <telecom>
      <system value="url"/>
      <value value="https://esante.gouv.fr"/>
    </telecom>
  </contact>
  <description value="Ouverture annuelle"/>
  <content value="complete"/>
  <property>
    <code value="dateValid"/>
    <description value="date de validité d'un code concept"/>
    <type value="dateTime"/>
  </property>
  <property>
    <code value="dateMaj"/>
    <description value="Date de mise à jour d'un code concept"/>
    <type value="dateTime"/>
  </property>
  <property>
    <code value="dateFin"/>
    <description value="Date de fin d'exploitation d'un code concept"/>
    <type value="dateTime"/>
  </property>
  <concept>
    <code value="01"/>
    <display value="Semaine hors week-end jusqu'à 210 jours par an"/>
    <designation>
      <use>
        <code value="LibelleCourt"/>
      </use>
      <value value="Jusqu'à 210 jours"/>
    </designation>
    <designation>
      <use>
        <code value="LibelleAdapte"/>
      </use>
      <value value="Semaine hors week-end jusqu'à 210 jours par an"/>
    </designation>
    <property>
      <code value="dateValid"/>
      <valueDateTime value="2017-10-13T12:00:00+01:00"/>
    </property>
    <property>
      <code value="dateMaj"/>
      <valueDateTime value="2019-03-29T12:00:00+01:00"/>
    </property>
  </concept>
  <concept>
    <code value="02"/>
    <display value="Semaine et week-end (de 211 à 364 jours par an)"/>
    <designation>
      <use>
        <code value="LibelleCourt"/>
      </use>
      <value value="De 211 à 364 jours par an"/>
    </designation>
    <designation>
      <use>
        <code value="LibelleAdapte"/>
      </use>
      <value value="Semaine et week-end (de 211 à 364 jours par an)"/>
    </designation>
    <property>
      <code value="dateValid"/>
      <valueDateTime value="2017-10-13T12:00:00+01:00"/>
    </property>
    <property>
      <code value="dateMaj"/>
      <valueDateTime value="2018-01-26T12:00:00+01:00"/>
    </property>
  </concept>
  <concept>
    <code value="03"/>
    <display value="Année complète (365 jours par an)"/>
    <designation>
      <use>
        <code value="LibelleCourt"/>
      </use>
      <value value="365 jours par an"/>
    </designation>
    <designation>
      <use>
        <code value="LibelleAdapte"/>
      </use>
      <value value="Année complète (365 jours par an)"/>
    </designation>
    <property>
      <code value="dateValid"/>
      <valueDateTime value="2017-10-13T12:00:00+01:00"/>
    </property>
    <property>
      <code value="dateMaj"/>
      <valueDateTime value="2018-01-26T12:00:00+01:00"/>
    </property>
  </concept>
  <concept>
    <code value="04"/>
    <display value="Semaine hors week-end à partir de 210 jours"/>
    <designation>
      <use>
        <code value="LibelleCourt"/>
      </use>
      <value value="A partir de 210 jours"/>
    </designation>
    <designation>
      <use>
        <code value="LibelleAdapte"/>
      </use>
      <value value="Semaine hors week-end à partir de 210 jours"/>
    </designation>
    <property>
      <code value="dateValid"/>
      <valueDateTime value="2018-01-26T12:00:00+01:00"/>
    </property>
    <property>
      <code value="dateMaj"/>
      <valueDateTime value="2019-03-29T12:00:00+01:00"/>
    </property>
  </concept>
  <concept>
    <code value="05"/>
    <display value="Week-end et vacances scolaires uniquement"/>
    <designation>
      <use>
        <code value="LibelleCourt"/>
      </use>
      <value value="Week-end et vacances scolaires"/>
    </designation>
    <designation>
      <use>
        <code value="LibelleAdapte"/>
      </use>
      <value value="Week-end et vacances scolaires uniquement"/>
    </designation>
    <property>
      <code value="dateValid"/>
      <valueDateTime value="2018-01-26T12:00:00+01:00"/>
    </property>
    <property>
      <code value="dateMaj"/>
      <valueDateTime value="2018-01-26T12:00:00+01:00"/>
    </property>
  </concept>
</CodeSystem>