{
  "resourceType" : "CodeSystem",
  "id" : "898afd66-785b-499d-8239-dcb158c48cff-3",
  "url" : "http://hl7.org/fhir/comparison/CodeSystem/898afd66-785b-499d-8239-dcb158c48cff-3",
  "name" : "IntersectionAsCsOrganizationTypesAndAsCsOrganizationTypes",
  "title" : "Intersection of AS CodeSystem OrganizationTypes And AS CodeSystem OrganizationTypes",
  "status" : "active",
  "date" : "2025-02-12T09:09:17+00:00",
  "jurisdiction" : [{
    "coding" : [{
      "system" : "urn:iso:std:iso:3166",
      "code" : "FR",
      "display" : "FRANCE"
    }]
  }],
  "concept" : [{
    "code" : "organizationType",
    "display" : "Type d'organisation",
    "definition" : "Type d'organisation"
  },
  {
    "code" : "activiteINSEE",
    "display" : "Activité INSEE",
    "definition" : "Activité INSEE"
  },
  {
    "code" : "statutJuridiqueINSEE",
    "display" : "Statut Juridique INSEE",
    "definition" : "Statut Juridique INSEE"
  },
  {
    "code" : "sphParticipation",
    "display" : "sph Participation",
    "definition" : "Participation au service public hospitalier"
  },
  {
    "code" : "typeEtablissement",
    "display" : "Type d'établissement",
    "definition" : "Type d'établissement"
  },
  {
    "code" : "secteurActiviteRASS",
    "display" : "Secteur d'activité RASS",
    "definition" : "Secteur d'activité RASS"
  }]
}