{
  "resourceType" : "CodeSystem",
  "id" : "TRE-R336-TypeCrise",
  "text" : {
    "status" : "generated",
    "div" : "<div xmlns=\"http://www.w3.org/1999/xhtml\"><p><b>Properties</b></p><p><b>This code system defines the following properties for its concepts</b></p><table class=\"grid\"><tr><td><b>Name</b></td><td><b>Code</b></td><td><b>Type</b></td><td><b>Description</b></td></tr><tr><td>dateValid</td><td>dateValid</td><td>dateTime</td><td>date de validité d'un code concept</td></tr><tr><td>dateMaj</td><td>dateMaj</td><td>dateTime</td><td>Date de mise à jour d'un code concept</td></tr><tr><td>dateFin</td><td>dateFin</td><td>dateTime</td><td>Date de fin d'exploitation d'un code concept</td></tr></table><p><b>Concepts</b></p><p>This  code system <code>https://mos.esante.gouv.fr/NOS/TRE_R336-TypeCrise/FHIR/TRE-R336-TypeCrise</code> defines the following codes:</p><table class=\"codes\"><tr><td style=\"white-space:nowrap\"><b>Code</b></td><td><b>Display</b></td><td><b>dateValid</b></td><td><b>dateMaj</b></td></tr><tr><td style=\"white-space:nowrap\">01<a name=\"TRE-R336-TypeCrise-01\"> </a></td><td>PMIE 1</td><td>2022-05-27T12:00:00+01:00</td><td>2022-05-27T12:00:00+01:00</td></tr><tr><td style=\"white-space:nowrap\">02<a name=\"TRE-R336-TypeCrise-02\"> </a></td><td>Situation sanitaire Exceptionnelle (SSE) (Plan blanc)</td><td>2022-05-27T12:00:00+01:00</td><td>2022-05-27T12:00:00+01:00</td></tr></table></div>"
  },
  "extension" : [{
    "url" : "http://hl7.org/fhir/StructureDefinition/resource-effectivePeriod",
    "valuePeriod" : {
      "start" : "2022-05-27T12:00:00+01:00"
    }
  }],
  "url" : "https://mos.esante.gouv.fr/NOS/TRE_R336-TypeCrise/FHIR/TRE-R336-TypeCrise",
  "identifier" : [{
    "value" : "urn:oid:1.2.250.1.213.3.3.219"
  }],
  "version" : "1.5.0",
  "name" : "TRE_R336-TypeCrise",
  "status" : "active",
  "date" : "2023-12-15T12:00:00+01:00",
  "publisher" : "ANS",
  "contact" : [{
    "name" : "ANS",
    "telecom" : [{
      "system" : "url",
      "value" : "https://esante.gouv.fr"
    }]
  }],
  "description" : "Permet d'indiquer le type de crise qui permet de mobiliser le nombre de lits supplémentaires décrits",
  "content" : "complete",
  "property" : [{
    "code" : "dateValid",
    "description" : "date de validité d'un code concept",
    "type" : "dateTime"
  },
  {
    "code" : "dateMaj",
    "description" : "Date de mise à jour d'un code concept",
    "type" : "dateTime"
  },
  {
    "code" : "dateFin",
    "description" : "Date de fin d'exploitation d'un code concept",
    "type" : "dateTime"
  }],
  "concept" : [{
    "code" : "01",
    "display" : "PMIE 1",
    "designation" : [{
      "use" : {
        "code" : "LibelleCourt"
      },
      "value" : "PMIE 1"
    },
    {
      "use" : {
        "code" : "LibelleAdapte"
      },
      "value" : "PMIE 1"
    }],
    "property" : [{
      "code" : "dateValid",
      "valueDateTime" : "2022-05-27T12:00:00+01:00"
    },
    {
      "code" : "dateMaj",
      "valueDateTime" : "2022-05-27T12:00:00+01:00"
    }]
  },
  {
    "code" : "02",
    "display" : "Situation sanitaire Exceptionnelle (SSE) (Plan blanc)",
    "designation" : [{
      "use" : {
        "code" : "LibelleCourt"
      },
      "value" : "SSE (Plan blanc)"
    },
    {
      "use" : {
        "code" : "LibelleAdapte"
      },
      "value" : "Situation sanitaire Exceptionnelle (SSE) (Plan blanc)"
    }],
    "property" : [{
      "code" : "dateValid",
      "valueDateTime" : "2022-05-27T12:00:00+01:00"
    },
    {
      "code" : "dateMaj",
      "valueDateTime" : "2022-05-27T12:00:00+01:00"
    }]
  }]
}