{
  "resourceType" : "CodeSystem",
  "id" : "TRE-R86-ProfilVIHF",
  "text" : {
    "status" : "generated",
    "div" : "<div xmlns=\"http://www.w3.org/1999/xhtml\"><p><b>Properties</b></p><p><b>This code system defines the following properties for its concepts</b></p><table class=\"grid\"><tr><td><b>Name</b></td><td><b>Code</b></td><td><b>Type</b></td><td><b>Description</b></td></tr><tr><td>dateValid</td><td>dateValid</td><td>dateTime</td><td>date de validité d'un code concept</td></tr><tr><td>dateMaj</td><td>dateMaj</td><td>dateTime</td><td>Date de mise à jour d'un code concept</td></tr><tr><td>dateFin</td><td>dateFin</td><td>dateTime</td><td>Date de fin d'exploitation d'un code concept</td></tr></table><p><b>Concepts</b></p><p>This  code system <code>https://mos.esante.gouv.fr/NOS/TRE_R86-ProfilVIHF/FHIR/TRE-R86-ProfilVIHF</code> defines the following codes:</p><table class=\"codes\"><tr><td style=\"white-space:nowrap\"><b>Code</b></td><td><b>Display</b></td><td><b>dateValid</b></td><td><b>dateMaj</b></td></tr><tr><td style=\"white-space:nowrap\">profil_generique<a name=\"TRE-R86-ProfilVIHF-profil_generique\"> </a></td><td>Contexte non spécifié</td><td>2016-04-14T00:00:00+01:00</td><td>2016-09-01T00:00:00+01:00</td></tr><tr><td style=\"white-space:nowrap\">profil_dossier_medical<a name=\"TRE-R86-ProfilVIHF-profil_dossier_medical\"> </a></td><td>Accès à un dossier médical</td><td>2016-04-14T00:00:00+01:00</td><td>2016-09-01T00:00:00+01:00</td></tr><tr><td style=\"white-space:nowrap\">profil_annuaire_PS<a name=\"TRE-R86-ProfilVIHF-profil_annuaire_PS\"> </a></td><td>Accès à un annuaire</td><td>2016-04-14T00:00:00+01:00</td><td>2016-04-14T00:00:00+01:00</td></tr><tr><td style=\"white-space:nowrap\">profil_referentiel<a name=\"TRE-R86-ProfilVIHF-profil_referentiel\"> </a></td><td>Accès à un référentiel</td><td>2021-12-17T12:00:00+01:00</td><td>2021-12-17T12:00:00+01:00</td></tr></table></div>"
  },
  "extension" : [{
    "url" : "http://hl7.org/fhir/StructureDefinition/resource-effectivePeriod",
    "valuePeriod" : {
      "start" : "2016-04-14T00:00:00+01:00"
    }
  }],
  "url" : "https://mos.esante.gouv.fr/NOS/TRE_R86-ProfilVIHF/FHIR/TRE-R86-ProfilVIHF",
  "identifier" : [{
    "value" : "urn:oid:1.2.250.1.213.1.1.4.312"
  }],
  "version" : "1.5.0",
  "name" : "TRE_R86-ProfilVIHF",
  "status" : "active",
  "date" : "2023-12-15T12:00:00+01:00",
  "publisher" : "ANS",
  "contact" : [{
    "name" : "ANS",
    "telecom" : [{
      "system" : "url",
      "value" : "https://esante.gouv.fr"
    }]
  }],
  "description" : "Profil VIHF d'accès",
  "content" : "complete",
  "property" : [{
    "code" : "dateValid",
    "description" : "date de validité d'un code concept",
    "type" : "dateTime"
  },
  {
    "code" : "dateMaj",
    "description" : "Date de mise à jour d'un code concept",
    "type" : "dateTime"
  },
  {
    "code" : "dateFin",
    "description" : "Date de fin d'exploitation d'un code concept",
    "type" : "dateTime"
  }],
  "concept" : [{
    "code" : "profil_generique",
    "display" : "Contexte non spécifié",
    "designation" : [{
      "use" : {
        "code" : "LibelleCourt"
      },
      "value" : "Contexte non spécifié"
    },
    {
      "use" : {
        "code" : "LibelleAdapte"
      },
      "value" : "Contexte non spécifié"
    }],
    "property" : [{
      "code" : "dateValid",
      "valueDateTime" : "2016-04-14T00:00:00+01:00"
    },
    {
      "code" : "dateMaj",
      "valueDateTime" : "2016-09-01T00:00:00+01:00"
    }]
  },
  {
    "code" : "profil_dossier_medical",
    "display" : "Accès à un dossier médical",
    "designation" : [{
      "use" : {
        "code" : "LibelleCourt"
      },
      "value" : "Accès à un dossier médical"
    },
    {
      "use" : {
        "code" : "LibelleAdapte"
      },
      "value" : "Accès à un dossier médical"
    }],
    "property" : [{
      "code" : "dateValid",
      "valueDateTime" : "2016-04-14T00:00:00+01:00"
    },
    {
      "code" : "dateMaj",
      "valueDateTime" : "2016-09-01T00:00:00+01:00"
    }]
  },
  {
    "code" : "profil_annuaire_PS",
    "display" : "Accès à un annuaire",
    "designation" : [{
      "use" : {
        "code" : "LibelleCourt"
      },
      "value" : "Accès à un annuaire"
    },
    {
      "use" : {
        "code" : "LibelleAdapte"
      },
      "value" : "Accès à un annuaire"
    }],
    "property" : [{
      "code" : "dateValid",
      "valueDateTime" : "2016-04-14T00:00:00+01:00"
    },
    {
      "code" : "dateMaj",
      "valueDateTime" : "2016-04-14T00:00:00+01:00"
    }]
  },
  {
    "code" : "profil_referentiel",
    "display" : "Accès à un référentiel",
    "designation" : [{
      "use" : {
        "code" : "LibelleCourt"
      },
      "value" : "Accès à un référentiel"
    },
    {
      "use" : {
        "code" : "LibelleAdapte"
      },
      "value" : "Accès à un référentiel"
    }],
    "property" : [{
      "code" : "dateValid",
      "valueDateTime" : "2021-12-17T12:00:00+01:00"
    },
    {
      "code" : "dateMaj",
      "valueDateTime" : "2021-12-17T12:00:00+01:00"
    }]
  }]
}