{
  "resourceType" : "ValueSet",
  "id" : "JDV-J98-StatutHospitalier-RASS",
  "text" : {
    "status" : "generated",
    "div" : "<div xmlns=\"http://www.w3.org/1999/xhtml\"><ul><li>Include these codes as defined in <a href=\"CodeSystem-TRE-R32-StatutHospitalier.html\"><code>https://mos.esante.gouv.fr/NOS/TRE_R32-StatutHospitalier/FHIR/TRE-R32-StatutHospitalier</code></a><table class=\"none\"><tr><td style=\"white-space:nowrap\"><b>Code</b></td><td><b>Display</b></td></tr><tr><td><a href=\"CodeSystem-TRE-R32-StatutHospitalier.html#TRE-R32-StatutHospitalier-SH01\">SH01</a></td><td>Professeur des universités - Praticien hospitalier (PU-PH) (décret n° 84-135)</td></tr><tr><td><a href=\"CodeSystem-TRE-R32-StatutHospitalier.html#TRE-R32-StatutHospitalier-SH02\">SH02</a></td><td>Maître de conférences des universités - Praticien hospitalier (décret n° 84-135)</td></tr><tr><td><a href=\"CodeSystem-TRE-R32-StatutHospitalier.html#TRE-R32-StatutHospitalier-SH03\">SH03</a></td><td>Chef de clinique des universités - Assistant des hôpitaux (décret n° 84-135)</td></tr><tr><td><a href=\"CodeSystem-TRE-R32-StatutHospitalier.html#TRE-R32-StatutHospitalier-SH04\">SH04</a></td><td>Assistant hospitalier universitaire (AHU) (décret n° 84-135)</td></tr><tr><td><a href=\"CodeSystem-TRE-R32-StatutHospitalier.html#TRE-R32-StatutHospitalier-SH05\">SH05</a></td><td>Professeur des universités - Praticien hospitalier des CSERD (décret n° 90-92)</td></tr><tr><td><a href=\"CodeSystem-TRE-R32-StatutHospitalier.html#TRE-R32-StatutHospitalier-SH06\">SH06</a></td><td>Maître de conf des universités - Praticien hospit des CSERD (décret n° 90-92)</td></tr><tr><td><a href=\"CodeSystem-TRE-R32-StatutHospitalier.html#TRE-R32-StatutHospitalier-SH07\">SH07</a></td><td>Assistant hospitalier universitaire (AHU) des CSERD (décret n° 90-92)</td></tr><tr><td><a href=\"CodeSystem-TRE-R32-StatutHospitalier.html#TRE-R32-StatutHospitalier-SH08\">SH08</a></td><td>Praticien hospitalier temps plein (R6152-1 et suivants du CSP)</td></tr><tr><td><a href=\"CodeSystem-TRE-R32-StatutHospitalier.html#TRE-R32-StatutHospitalier-SH09\">SH09</a></td><td>Praticien hospitalier temps partiel (R6152-201 et suivants du CSP)</td></tr><tr><td><a href=\"CodeSystem-TRE-R32-StatutHospitalier.html#TRE-R32-StatutHospitalier-SH10\">SH10</a></td><td>Assistant des hôpitaux et Assistant associé (R6152-501 et suivants du CSP)</td></tr><tr><td><a href=\"CodeSystem-TRE-R32-StatutHospitalier.html#TRE-R32-StatutHospitalier-SH11\">SH11</a></td><td>Praticien attaché et Praticien attaché associé (R6152-601 et suivants du CSP)</td></tr><tr><td><a href=\"CodeSystem-TRE-R32-StatutHospitalier.html#TRE-R32-StatutHospitalier-SH12\">SH12</a></td><td>Praticien contractuel (R 6152-401 et suivants du CSP)</td></tr><tr><td><a href=\"CodeSystem-TRE-R32-StatutHospitalier.html#TRE-R32-StatutHospitalier-SH13\">SH13</a></td><td>Praticien adjoint contractuel (décret n° 95-569)</td></tr><tr><td><a href=\"CodeSystem-TRE-R32-StatutHospitalier.html#TRE-R32-StatutHospitalier-SH14\">SH14</a></td><td>Interne (R6153-1 et suivants du CSP)</td></tr><tr><td><a href=\"CodeSystem-TRE-R32-StatutHospitalier.html#TRE-R32-StatutHospitalier-SH15\">SH15</a></td><td>Praticien Hospitalier-Universitaire (PHU) (décret n° 84-135)</td></tr><tr><td><a href=\"CodeSystem-TRE-R32-StatutHospitalier.html#TRE-R32-StatutHospitalier-SH16\">SH16</a></td><td>Praticien hospitalier associé (R6152-1 et suivants du CSP)</td></tr><tr><td><a href=\"CodeSystem-TRE-R32-StatutHospitalier.html#TRE-R32-StatutHospitalier-SH17\">SH17</a></td><td>Praticien hospitalier provisoire (abrogé depuis le 06/10/2006)</td></tr><tr><td><a href=\"CodeSystem-TRE-R32-StatutHospitalier.html#TRE-R32-StatutHospitalier-SH18\">SH18</a></td><td>Clinicien hospitalier (R6152-701 et suivants du CSP)</td></tr><tr><td><a href=\"CodeSystem-TRE-R32-StatutHospitalier.html#TRE-R32-StatutHospitalier-SH99\">SH99</a></td><td>Salarié hospitalier</td></tr></table></li></ul></div>"
  },
  "extension" : [{
    "url" : "http://hl7.org/fhir/StructureDefinition/resource-effectivePeriod",
    "valuePeriod" : {
      "start" : "2019-08-30T12:00:00+01:00"
    }
  }],
  "url" : "https://mos.esante.gouv.fr/NOS/JDV_J98-StatutHospitalier-RASS/FHIR/JDV-J98-StatutHospitalier-RASS",
  "identifier" : [{
    "value" : "urn:oid:1.2.250.1.213.1.6.1.166"
  }],
  "version" : "1.2.0",
  "name" : "JDV_J98-StatutHospitalier-RASS",
  "status" : "active",
  "date" : "2020-04-24T12:00:00+01:00",
  "publisher" : "ANS",
  "contact" : [{
    "name" : "ANS",
    "telecom" : [{
      "system" : "url",
      "value" : "https://esante.gouv.fr"
    }]
  }],
  "description" : "Statut des professionnels intervenant dans un hôpital dans le RASS",
  "compose" : {
    "include" : [{
      "system" : "https://mos.esante.gouv.fr/NOS/TRE_R32-StatutHospitalier/FHIR/TRE-R32-StatutHospitalier",
      "concept" : [{
        "code" : "SH01",
        "display" : "Professeur des universités - Praticien hospitalier (PU-PH) (décret n° 84-135)",
        "designation" : [{
          "use" : {
            "code" : "OID"
          },
          "value" : "urn:oid:1.2.250.1.213.1.6.1.21"
        }]
      },
      {
        "code" : "SH02",
        "display" : "Maître de conférences des universités - Praticien hospitalier (décret n° 84-135)",
        "designation" : [{
          "use" : {
            "code" : "OID"
          },
          "value" : "urn:oid:1.2.250.1.213.1.6.1.21"
        }]
      },
      {
        "code" : "SH03",
        "display" : "Chef de clinique des universités - Assistant des hôpitaux (décret n° 84-135)",
        "designation" : [{
          "use" : {
            "code" : "OID"
          },
          "value" : "urn:oid:1.2.250.1.213.1.6.1.21"
        }]
      },
      {
        "code" : "SH04",
        "display" : "Assistant hospitalier universitaire (AHU) (décret n° 84-135)",
        "designation" : [{
          "use" : {
            "code" : "OID"
          },
          "value" : "urn:oid:1.2.250.1.213.1.6.1.21"
        }]
      },
      {
        "code" : "SH05",
        "display" : "Professeur des universités - Praticien hospitalier des CSERD (décret n° 90-92)",
        "designation" : [{
          "use" : {
            "code" : "OID"
          },
          "value" : "urn:oid:1.2.250.1.213.1.6.1.21"
        }]
      },
      {
        "code" : "SH06",
        "display" : "Maître de conf des universités - Praticien hospit des CSERD (décret n° 90-92)",
        "designation" : [{
          "use" : {
            "code" : "OID"
          },
          "value" : "urn:oid:1.2.250.1.213.1.6.1.21"
        }]
      },
      {
        "code" : "SH07",
        "display" : "Assistant hospitalier universitaire (AHU) des CSERD (décret n° 90-92)",
        "designation" : [{
          "use" : {
            "code" : "OID"
          },
          "value" : "urn:oid:1.2.250.1.213.1.6.1.21"
        }]
      },
      {
        "code" : "SH08",
        "display" : "Praticien hospitalier temps plein (R6152-1 et suivants du CSP)",
        "designation" : [{
          "use" : {
            "code" : "OID"
          },
          "value" : "urn:oid:1.2.250.1.213.1.6.1.21"
        }]
      },
      {
        "code" : "SH09",
        "display" : "Praticien hospitalier temps partiel (R6152-201 et suivants du CSP)",
        "designation" : [{
          "use" : {
            "code" : "OID"
          },
          "value" : "urn:oid:1.2.250.1.213.1.6.1.21"
        }]
      },
      {
        "code" : "SH10",
        "display" : "Assistant des hôpitaux et Assistant associé (R6152-501 et suivants du CSP)",
        "designation" : [{
          "use" : {
            "code" : "OID"
          },
          "value" : "urn:oid:1.2.250.1.213.1.6.1.21"
        }]
      },
      {
        "code" : "SH11",
        "display" : "Praticien attaché et Praticien attaché associé (R6152-601 et suivants du CSP)",
        "designation" : [{
          "use" : {
            "code" : "OID"
          },
          "value" : "urn:oid:1.2.250.1.213.1.6.1.21"
        }]
      },
      {
        "code" : "SH12",
        "display" : "Praticien contractuel (R 6152-401 et suivants du CSP)",
        "designation" : [{
          "use" : {
            "code" : "OID"
          },
          "value" : "urn:oid:1.2.250.1.213.1.6.1.21"
        }]
      },
      {
        "code" : "SH13",
        "display" : "Praticien adjoint contractuel (décret n° 95-569)",
        "designation" : [{
          "use" : {
            "code" : "OID"
          },
          "value" : "urn:oid:1.2.250.1.213.1.6.1.21"
        }]
      },
      {
        "code" : "SH14",
        "display" : "Interne (R6153-1 et suivants du CSP)",
        "designation" : [{
          "use" : {
            "code" : "OID"
          },
          "value" : "urn:oid:1.2.250.1.213.1.6.1.21"
        }]
      },
      {
        "code" : "SH15",
        "display" : "Praticien Hospitalier-Universitaire (PHU) (décret n° 84-135)",
        "designation" : [{
          "use" : {
            "code" : "OID"
          },
          "value" : "urn:oid:1.2.250.1.213.1.6.1.21"
        }]
      },
      {
        "code" : "SH16",
        "display" : "Praticien hospitalier associé (R6152-1 et suivants du CSP)",
        "designation" : [{
          "use" : {
            "code" : "OID"
          },
          "value" : "urn:oid:1.2.250.1.213.1.6.1.21"
        }]
      },
      {
        "code" : "SH17",
        "display" : "Praticien hospitalier provisoire (abrogé depuis le 06/10/2006)",
        "designation" : [{
          "use" : {
            "code" : "OID"
          },
          "value" : "urn:oid:1.2.250.1.213.1.6.1.21"
        }]
      },
      {
        "code" : "SH18",
        "display" : "Clinicien hospitalier (R6152-701 et suivants du CSP)",
        "designation" : [{
          "use" : {
            "code" : "OID"
          },
          "value" : "urn:oid:1.2.250.1.213.1.6.1.21"
        }]
      },
      {
        "code" : "SH99",
        "display" : "Salarié hospitalier",
        "designation" : [{
          "use" : {
            "code" : "OID"
          },
          "value" : "urn:oid:1.2.250.1.213.1.6.1.21"
        }]
      }]
    }]
  }
}