{
  "resourceType" : "ValueSet",
  "id" : "JDV-J255-SurspecialiteTransversale-RPPS",
  "text" : {
    "status" : "generated",
    "div" : "<div xmlns=\"http://www.w3.org/1999/xhtml\"><p class=\"res-header-id\"><b>Generated Narrative: ValueSet JDV-J255-SurspecialiteTransversale-RPPS</b></p><a name=\"JDV-J255-SurspecialiteTransversale-RPPS\"> </a><a name=\"hcJDV-J255-SurspecialiteTransversale-RPPS\"> </a><a name=\"JDV-J255-SurspecialiteTransversale-RPPS-en-US\"> </a><ul><li>Include these codes as defined in <a href=\"CodeSystem-TRE-R359-SurspecialiteTransversale.html\"><code>https://mos.esante.gouv.fr/NOS/TRE_R359-SurspecialiteTransversale/FHIR/TRE-R359-SurspecialiteTransversale</code></a><table class=\"none\"><tr><td style=\"white-space:nowrap\"><b>Code</b></td><td><b>Display</b></td></tr><tr><td><a href=\"CodeSystem-TRE-R359-SurspecialiteTransversale.html#TRE-R359-SurspecialiteTransversale-SST01\">SST01</a></td><td>Addictologie</td></tr><tr><td><a href=\"CodeSystem-TRE-R359-SurspecialiteTransversale.html#TRE-R359-SurspecialiteTransversale-SST02\">SST02</a></td><td>Bio-informatique médicale</td></tr><tr><td><a href=\"CodeSystem-TRE-R359-SurspecialiteTransversale.html#TRE-R359-SurspecialiteTransversale-SST03\">SST03</a></td><td>Cancérologie déclinaison hémato-cancérologie pédiatrique</td></tr><tr><td><a href=\"CodeSystem-TRE-R359-SurspecialiteTransversale.html#TRE-R359-SurspecialiteTransversale-SST04\">SST04</a></td><td>Cancérologie traitements médicaux des cancers</td></tr><tr><td><a href=\"CodeSystem-TRE-R359-SurspecialiteTransversale.html#TRE-R359-SurspecialiteTransversale-SST05\">SST05</a></td><td>Cardiologie pédiatrique et congénitale</td></tr><tr><td><a href=\"CodeSystem-TRE-R359-SurspecialiteTransversale.html#TRE-R359-SurspecialiteTransversale-SST06\">SST06</a></td><td>Chirurgie de la main</td></tr><tr><td><a href=\"CodeSystem-TRE-R359-SurspecialiteTransversale.html#TRE-R359-SurspecialiteTransversale-SST07\">SST07</a></td><td>Chirurgie en situation de guerre ou de catastrophe</td></tr><tr><td><a href=\"CodeSystem-TRE-R359-SurspecialiteTransversale.html#TRE-R359-SurspecialiteTransversale-SST08\">SST08</a></td><td>Chirurgie orbito-palpébro-lacrymale</td></tr><tr><td><a href=\"CodeSystem-TRE-R359-SurspecialiteTransversale.html#TRE-R359-SurspecialiteTransversale-SST09\">SST09</a></td><td>Douleur</td></tr><tr><td><a href=\"CodeSystem-TRE-R359-SurspecialiteTransversale.html#TRE-R359-SurspecialiteTransversale-SST10\">SST10</a></td><td>Expertise médicale-préjudice corporel</td></tr><tr><td><a href=\"CodeSystem-TRE-R359-SurspecialiteTransversale.html#TRE-R359-SurspecialiteTransversale-SST11\">SST11</a></td><td>Foetopathologie</td></tr><tr><td><a href=\"CodeSystem-TRE-R359-SurspecialiteTransversale.html#TRE-R359-SurspecialiteTransversale-SST12\">SST12</a></td><td>Génétique et médecine moléculaire bioclinique</td></tr><tr><td><a href=\"CodeSystem-TRE-R359-SurspecialiteTransversale.html#TRE-R359-SurspecialiteTransversale-SST13\">SST13</a></td><td>Hématologie bioclinique</td></tr><tr><td><a href=\"CodeSystem-TRE-R359-SurspecialiteTransversale.html#TRE-R359-SurspecialiteTransversale-SST14\">SST14</a></td><td>Hygiène-prévention de l'infection, résistances</td></tr><tr><td><a href=\"CodeSystem-TRE-R359-SurspecialiteTransversale.html#TRE-R359-SurspecialiteTransversale-SST15\">SST15</a></td><td>Maladies allergiques</td></tr><tr><td><a href=\"CodeSystem-TRE-R359-SurspecialiteTransversale.html#TRE-R359-SurspecialiteTransversale-SST16\">SST16</a></td><td>Médecine hospitalière polyvalente</td></tr><tr><td><a href=\"CodeSystem-TRE-R359-SurspecialiteTransversale.html#TRE-R359-SurspecialiteTransversale-SST17\">SST17</a></td><td>Médecine palliative</td></tr><tr><td><a href=\"CodeSystem-TRE-R359-SurspecialiteTransversale.html#TRE-R359-SurspecialiteTransversale-SST18\">SST18</a></td><td>Médecine scolaire</td></tr><tr><td><a href=\"CodeSystem-TRE-R359-SurspecialiteTransversale.html#TRE-R359-SurspecialiteTransversale-SST19\">SST19</a></td><td>Médecine en situation de guerre ou en SSE</td></tr><tr><td><a href=\"CodeSystem-TRE-R359-SurspecialiteTransversale.html#TRE-R359-SurspecialiteTransversale-SST20\">SST20</a></td><td>Médecine et biologie de la reproduction-andrologie</td></tr><tr><td><a href=\"CodeSystem-TRE-R359-SurspecialiteTransversale.html#TRE-R359-SurspecialiteTransversale-SST21\">SST21</a></td><td>Médecine du sport</td></tr><tr><td><a href=\"CodeSystem-TRE-R359-SurspecialiteTransversale.html#TRE-R359-SurspecialiteTransversale-SST22\">SST22</a></td><td>Nutrition appliquée</td></tr><tr><td><a href=\"CodeSystem-TRE-R359-SurspecialiteTransversale.html#TRE-R359-SurspecialiteTransversale-SST23\">SST23</a></td><td>Pharmacologie médicale/ thérapeutique</td></tr><tr><td><a href=\"CodeSystem-TRE-R359-SurspecialiteTransversale.html#TRE-R359-SurspecialiteTransversale-SST24\">SST24</a></td><td>Sommeil</td></tr><tr><td><a href=\"CodeSystem-TRE-R359-SurspecialiteTransversale.html#TRE-R359-SurspecialiteTransversale-SST25\">SST25</a></td><td>Thérapie cellulaire/ transfusion</td></tr><tr><td><a href=\"CodeSystem-TRE-R359-SurspecialiteTransversale.html#TRE-R359-SurspecialiteTransversale-SST26\">SST26</a></td><td>Urgences pédiatriques</td></tr></table></li></ul></div>"
  },
  "extension" : [{
    "url" : "http://hl7.org/fhir/StructureDefinition/resource-effectivePeriod",
    "valuePeriod" : {
      "start" : "2023-12-15T12:00:00+01:00"
    }
  }],
  "url" : "https://mos.esante.gouv.fr/NOS/JDV_J255-SurspecialiteTransversale-RPPS/FHIR/JDV-J255-SurspecialiteTransversale-RPPS",
  "identifier" : [{
    "value" : "urn:oid:1.2.250.1.213.1.6.1.282"
  }],
  "version" : "1.3.0",
  "name" : "JDV_J255-SurspecialiteTransversale-RPPS",
  "status" : "active",
  "date" : "2024-03-29T12:00:00+01:00",
  "publisher" : "ANS",
  "contact" : [{
    "name" : "ANS",
    "telecom" : [{
      "system" : "url",
      "value" : "https://esante.gouv.fr"
    }]
  }],
  "description" : "Surspécialité (compétence) acquise par l'interne à l'issue d'une Formation Spécialisée Transversale (FST)",
  "compose" : {
    "include" : [{
      "system" : "https://mos.esante.gouv.fr/NOS/TRE_R359-SurspecialiteTransversale/FHIR/TRE-R359-SurspecialiteTransversale",
      "concept" : [{
        "code" : "SST01",
        "display" : "Addictologie",
        "designation" : [{
          "use" : {
            "code" : "OID"
          },
          "value" : "urn:oid:1.2.250.1.213.2.76"
        }]
      },
      {
        "code" : "SST02",
        "display" : "Bio-informatique médicale",
        "designation" : [{
          "use" : {
            "code" : "OID"
          },
          "value" : "urn:oid:1.2.250.1.213.2.76"
        }]
      },
      {
        "code" : "SST03",
        "display" : "Cancérologie déclinaison hémato-cancérologie pédiatrique",
        "designation" : [{
          "use" : {
            "code" : "OID"
          },
          "value" : "urn:oid:1.2.250.1.213.2.76"
        }]
      },
      {
        "code" : "SST04",
        "display" : "Cancérologie traitements médicaux des cancers",
        "designation" : [{
          "use" : {
            "code" : "OID"
          },
          "value" : "urn:oid:1.2.250.1.213.2.76"
        }]
      },
      {
        "code" : "SST05",
        "display" : "Cardiologie pédiatrique et congénitale",
        "designation" : [{
          "use" : {
            "code" : "OID"
          },
          "value" : "urn:oid:1.2.250.1.213.2.76"
        }]
      },
      {
        "code" : "SST06",
        "display" : "Chirurgie de la main",
        "designation" : [{
          "use" : {
            "code" : "OID"
          },
          "value" : "urn:oid:1.2.250.1.213.2.76"
        }]
      },
      {
        "code" : "SST07",
        "display" : "Chirurgie en situation de guerre ou de catastrophe",
        "designation" : [{
          "use" : {
            "code" : "OID"
          },
          "value" : "urn:oid:1.2.250.1.213.2.76"
        }]
      },
      {
        "code" : "SST08",
        "display" : "Chirurgie orbito-palpébro-lacrymale",
        "designation" : [{
          "use" : {
            "code" : "OID"
          },
          "value" : "urn:oid:1.2.250.1.213.2.76"
        }]
      },
      {
        "code" : "SST09",
        "display" : "Douleur",
        "designation" : [{
          "use" : {
            "code" : "OID"
          },
          "value" : "urn:oid:1.2.250.1.213.2.76"
        }]
      },
      {
        "code" : "SST10",
        "display" : "Expertise médicale-préjudice corporel",
        "designation" : [{
          "use" : {
            "code" : "OID"
          },
          "value" : "urn:oid:1.2.250.1.213.2.76"
        }]
      },
      {
        "code" : "SST11",
        "display" : "Foetopathologie",
        "designation" : [{
          "use" : {
            "code" : "OID"
          },
          "value" : "urn:oid:1.2.250.1.213.2.76"
        }]
      },
      {
        "code" : "SST12",
        "display" : "Génétique et médecine moléculaire bioclinique",
        "designation" : [{
          "use" : {
            "code" : "OID"
          },
          "value" : "urn:oid:1.2.250.1.213.2.76"
        }]
      },
      {
        "code" : "SST13",
        "display" : "Hématologie bioclinique",
        "designation" : [{
          "use" : {
            "code" : "OID"
          },
          "value" : "urn:oid:1.2.250.1.213.2.76"
        }]
      },
      {
        "code" : "SST14",
        "display" : "Hygiène-prévention de l'infection, résistances",
        "designation" : [{
          "use" : {
            "code" : "OID"
          },
          "value" : "urn:oid:1.2.250.1.213.2.76"
        }]
      },
      {
        "code" : "SST15",
        "display" : "Maladies allergiques",
        "designation" : [{
          "use" : {
            "code" : "OID"
          },
          "value" : "urn:oid:1.2.250.1.213.2.76"
        }]
      },
      {
        "code" : "SST16",
        "display" : "Médecine hospitalière polyvalente",
        "designation" : [{
          "use" : {
            "code" : "OID"
          },
          "value" : "urn:oid:1.2.250.1.213.2.76"
        }]
      },
      {
        "code" : "SST17",
        "display" : "Médecine palliative",
        "designation" : [{
          "use" : {
            "code" : "OID"
          },
          "value" : "urn:oid:1.2.250.1.213.2.76"
        }]
      },
      {
        "code" : "SST18",
        "display" : "Médecine scolaire",
        "designation" : [{
          "use" : {
            "code" : "OID"
          },
          "value" : "urn:oid:1.2.250.1.213.2.76"
        }]
      },
      {
        "code" : "SST19",
        "display" : "Médecine en situation de guerre ou en SSE",
        "designation" : [{
          "use" : {
            "code" : "OID"
          },
          "value" : "urn:oid:1.2.250.1.213.2.76"
        }]
      },
      {
        "code" : "SST20",
        "display" : "Médecine et biologie de la reproduction-andrologie",
        "designation" : [{
          "use" : {
            "code" : "OID"
          },
          "value" : "urn:oid:1.2.250.1.213.2.76"
        }]
      },
      {
        "code" : "SST21",
        "display" : "Médecine du sport",
        "designation" : [{
          "use" : {
            "code" : "OID"
          },
          "value" : "urn:oid:1.2.250.1.213.2.76"
        }]
      },
      {
        "code" : "SST22",
        "display" : "Nutrition appliquée",
        "designation" : [{
          "use" : {
            "code" : "OID"
          },
          "value" : "urn:oid:1.2.250.1.213.2.76"
        }]
      },
      {
        "code" : "SST23",
        "display" : "Pharmacologie médicale/ thérapeutique",
        "designation" : [{
          "use" : {
            "code" : "OID"
          },
          "value" : "urn:oid:1.2.250.1.213.2.76"
        }]
      },
      {
        "code" : "SST24",
        "display" : "Sommeil",
        "designation" : [{
          "use" : {
            "code" : "OID"
          },
          "value" : "urn:oid:1.2.250.1.213.2.76"
        }]
      },
      {
        "code" : "SST25",
        "display" : "Thérapie cellulaire/ transfusion",
        "designation" : [{
          "use" : {
            "code" : "OID"
          },
          "value" : "urn:oid:1.2.250.1.213.2.76"
        }]
      },
      {
        "code" : "SST26",
        "display" : "Urgences pédiatriques",
        "designation" : [{
          "use" : {
            "code" : "OID"
          },
          "value" : "urn:oid:1.2.250.1.213.2.76"
        }]
      }]
    }]
  }
}