{
  "resourceType" : "ValueSet",
  "id" : "JDV-J194-TypeCrise-ROR",
  "text" : {
    "status" : "generated",
    "div" : "<div xmlns=\"http://www.w3.org/1999/xhtml\"><ul><li>Include these codes as defined in <a href=\"CodeSystem-TRE-R336-TypeCrise.html\"><code>https://mos.esante.gouv.fr/NOS/TRE_R336-TypeCrise/FHIR/TRE-R336-TypeCrise</code></a><table class=\"none\"><tr><td style=\"white-space:nowrap\"><b>Code</b></td><td><b>Display</b></td></tr><tr><td><a href=\"CodeSystem-TRE-R336-TypeCrise.html#TRE-R336-TypeCrise-01\">01</a></td><td>PMIE 1</td></tr><tr><td><a href=\"CodeSystem-TRE-R336-TypeCrise.html#TRE-R336-TypeCrise-02\">02</a></td><td>Situation sanitaire Exceptionnelle (SSE) (Plan blanc)</td></tr></table></li></ul></div>"
  },
  "extension" : [{
    "url" : "http://hl7.org/fhir/StructureDefinition/resource-effectivePeriod",
    "valuePeriod" : {
      "start" : "2022-05-27T12:00:00+01:00"
    }
  }],
  "url" : "https://mos.esante.gouv.fr/NOS/JDV_J194-TypeCrise-ROR/FHIR/JDV-J194-TypeCrise-ROR",
  "identifier" : [{
    "value" : "urn:oid:1.2.250.1.213.3.4.27"
  }],
  "version" : "1.2.0",
  "name" : "JDV_J194-TypeCrise-ROR",
  "status" : "active",
  "date" : "2022-05-27T12:00:00+01:00",
  "publisher" : "ANS",
  "contact" : [{
    "name" : "ANS",
    "telecom" : [{
      "system" : "url",
      "value" : "https://esante.gouv.fr"
    }]
  }],
  "description" : "Permet d'indiquer dans le ROR le type de crise qui permet de mobiliser le nombre de lits supplémentaires décrits",
  "compose" : {
    "include" : [{
      "system" : "https://mos.esante.gouv.fr/NOS/TRE_R336-TypeCrise/FHIR/TRE-R336-TypeCrise",
      "concept" : [{
        "code" : "01",
        "display" : "PMIE 1",
        "designation" : [{
          "use" : {
            "code" : "OID"
          },
          "value" : "urn:oid:1.2.250.1.213.3.3.219"
        }]
      },
      {
        "code" : "02",
        "display" : "Situation sanitaire Exceptionnelle (SSE) (Plan blanc)",
        "designation" : [{
          "use" : {
            "code" : "OID"
          },
          "value" : "urn:oid:1.2.250.1.213.3.3.219"
        }]
      }]
    }]
  }
}