{
  "resourceType" : "CodeSystem",
  "id" : "42dd91a7-d1ba-4c00-95b7-83bca9ee2b02-12",
  "url" : "http://hl7.org/fhir/comparison/CodeSystem/42dd91a7-d1ba-4c00-95b7-83bca9ee2b02-12",
  "name" : "IntersectionEclaireStudyPhaseSourceCSAndEclaireStudyPhaseSourceCS",
  "title" : "Intersection of Définition des phase de l'essai utilisés dans la base de données ECLAIRE And Définition des phase de l'essai utilisés dans la base de données ECLAIRE",
  "status" : "draft",
  "date" : "2024-02-26T13:35:53+00:00",
  "jurisdiction" : [{
    "coding" : [{
      "system" : "urn:iso:std:iso:3166",
      "code" : "FR",
      "display" : "FRANCE"
    }]
  }],
  "concept" : [{
    "code" : "jarde-early",
    "display" : "Jardé phase précoce"
  },
  {
    "code" : "phase-I-first-admin",
    "display" : "Human Pharmacology (Phase I) - First administration to humans"
  },
  {
    "code" : "phase-I-bioequivalence",
    "display" : "Human Pharmacology (Phase I) - Bioequivalence Study"
  },
  {
    "code" : "phase-I-other",
    "display" : "Human Pharmacology (Phase I) -  Other"
  },
  {
    "code" : "phase-I-II-first-admin",
    "display" : "Phase I and Phase II (Integrated) - First administration to humans"
  },
  {
    "code" : "phase-I-II-first-bioequivalence",
    "display" : "Phase I and Phase II (Integrated) - Bioequivalence Study"
  },
  {
    "code" : "phase-I-II-other",
    "display" : "Phase I and Phase II (Integrated) - Other"
  },
  {
    "code" : "phase-II",
    "display" : "Therapeutic exploratory (Phase II)"
  },
  {
    "code" : "phase-II-III",
    "display" : "Phase II and Phase III (Integrated)"
  },
  {
    "code" : "phase-III",
    "display" : "Therapeutic confirmatory  (Phase III)"
  },
  {
    "code" : "phase-IV",
    "display" : "Therapeutic use (Phase IV)"
  },
  {
    "code" : "phase-III-IV",
    "display" : "Phase III and phase IV (Integrated)"
  }]
}