<?xml version="1.0" encoding="UTF-8"?><SearchParameter xmlns="http://hl7.org/fhir"><id value="ror-sp-organization-price-amount-value"/><text><status value="generated"/><div xmlns="http://www.w3.org/1999/xhtml"><h2>RORSPOrganizationPriceAmountValue</h2><p>Parameter <code>amount-value</code>:<code>number</code></p><div><p>Paramètre de recherche sur la valeur du tarif des prestations et services</p>
</div><table class="grid"><tr><td>Resource</td><td><a href="http://hl7.org/fhir/R4/organization.html">Organization</a></td></tr><tr><td>Expression</td><td><code>Organization.extension.where(url='https://interop.esante.gouv.fr/ig/fhir/ror/StructureDefinition/ror-organization-price').extension.where(url='amount').value.as(Money).value</code></td></tr><tr><td>Multiples</td><td><ul><li>multipleAnd: It's up to the server whether the parameter may repeat in order to specify multiple values that must all be true</li><li>multipleOr: It's up to the server whether the parameter can have multiple values (separated by comma) where at least one must be true</li></ul></td></tr></table></div></text><url value="https://interop.esante.gouv.fr/ig/fhir/ror/SearchParameter/ror-sp-organization-price-amount-value"/><version value="0.3.0"/><name value="RORSPOrganizationPriceAmountValue"/><status value="active"/><date value="2024-03-13T09:14:58+00:00"/><publisher value="ANS"/><contact><name value="ANS"/><telecom><system value="url"/><value value="https://esante.gouv.fr"/></telecom></contact><description value="Paramètre de recherche sur la valeur du tarif des prestations et services"/><jurisdiction><coding><system value="urn:iso:std:iso:3166"/><code value="FR"/><display value="FRANCE"/></coding></jurisdiction><code value="amount-value"/><base value="Organization"/><type value="number"/><expression value="Organization.extension.where(url='https://interop.esante.gouv.fr/ig/fhir/ror/StructureDefinition/ror-organization-price').extension.where(url='amount').value.as(Money).value"/></SearchParameter>