<?xml version="1.0" encoding="UTF-8"?><SearchParameter xmlns="http://hl7.org/fhir"><id value="ror-sp-organization-drop-zone"/><text><status value="generated"/><div xmlns="http://www.w3.org/1999/xhtml"><h2>RORSPOrganizationDropZone</h2><p>Parameter <code>drop-zone</code>:<code>token</code></p><div><p>Paramètre de recherche permettant d'indiquer s'il y a une zone poser sur le site concerné</p>
</div><table class="grid"><tr><td>Resource</td><td><a href="http://hl7.org/fhir/R4/organization.html">Organization</a></td></tr><tr><td>Expression</td><td><code>Organization.extension.where(url='https://interop.esante.gouv.fr/ig/fhir/ror/StructureDefinition/ror-organization-drop-zone').valueBoolean</code></td></tr><tr><td>Multiples</td><td>The parameter cannot repeat or have multiple values</td></tr></table></div></text><url value="https://interop.esante.gouv.fr/ig/fhir/ror/SearchParameter/ror-sp-organization-drop-zone"/><version value="0.1.0"/><name value="RORSPOrganizationDropZone"/><status value="active"/><date value="2023-04-12T17:55:39+02:00"/><publisher value="ANS"/><contact><name value="ANS"/><telecom><system value="url"/><value value="https://esante.gouv.fr"/></telecom></contact><description value="Paramètre de recherche permettant d'indiquer s'il y a une zone poser sur le site concerné"/><code value="drop-zone"/><base value="Organization"/><type value="token"/><expression value="Organization.extension.where(url='https://interop.esante.gouv.fr/ig/fhir/ror/StructureDefinition/ror-organization-drop-zone').valueBoolean"/></SearchParameter>