<?xml version="1.0" encoding="UTF-8"?><CodeSystem xmlns="http://hl7.org/fhir"><id value="TRE-R344-NiveauExpertise"/><text><status value="generated"/><div xmlns="http://www.w3.org/1999/xhtml"><p><b>Properties</b></p><p><b>This code system  defines the following properties for its concepts</b></p><table class="grid"><tr><td><b>Code</b></td><td><b>Type</b></td><td><b>Description</b></td></tr><tr><td>dateValid</td><td>dateTime</td><td>date de validité d'un code concept</td></tr><tr><td>dateMaj</td><td>dateTime</td><td>Date de mise à jour d'un code concept</td></tr><tr><td>dateFin</td><td>dateTime</td><td>Date de fin d'exploitation d'un code concept</td></tr></table><p><b>Concepts</b></p><p>This  code system <code>https://mos.esante.gouv.fr/NOS/TRE_R344-NiveauExpertise/FHIR/TRE-R344-NiveauExpertise</code> defines the following codes:</p><table class="codes"><tr><td style="white-space:nowrap"><b>Code</b></td><td><b>Display</b></td><td><b>dateValid</b></td><td><b>dateMaj</b></td></tr><tr><td style="white-space:nowrap">10<a name="TRE-R344-NiveauExpertise-10"> </a></td><td>Centre de référence labellisé</td><td>2023-03-31T12:00:00+01:00</td><td>2023-03-31T12:00:00+01:00</td></tr><tr><td style="white-space:nowrap">11<a name="TRE-R344-NiveauExpertise-11"> </a></td><td>Centre de compétences labellisé</td><td>2023-03-31T12:00:00+01:00</td><td>2023-09-22T12:00:00+01:00</td></tr><tr><td style="white-space:nowrap">12<a name="TRE-R344-NiveauExpertise-12"> </a></td><td>Structure spécialisée labellisée</td><td>2023-03-31T12:00:00+01:00</td><td>2023-09-22T12:00:00+01:00</td></tr><tr><td style="white-space:nowrap">13<a name="TRE-R344-NiveauExpertise-13"> </a></td><td>SMR Labellisé soins dédiées aux personnes en état de conscience altérée</td><td>2023-03-31T12:00:00+01:00</td><td>2023-03-31T12:00:00+01:00</td></tr><tr><td style="white-space:nowrap">14<a name="TRE-R344-NiveauExpertise-14"> </a></td><td>SMR Labellisé patients amputés, appareillés ou non</td><td>2023-03-31T12:00:00+01:00</td><td>2023-03-31T12:00:00+01:00</td></tr><tr><td style="white-space:nowrap">15<a name="TRE-R344-NiveauExpertise-15"> </a></td><td>SMR Labellisé affections cardio-vasculaires spécialisé réadaptation PREPAC</td><td>2023-03-31T12:00:00+01:00</td><td>2023-03-31T12:00:00+01:00</td></tr><tr><td style="white-space:nowrap">16<a name="TRE-R344-NiveauExpertise-16"> </a></td><td>SMR Labellisé affections respiratoires spécialisé réadaptation PREPAR</td><td>2023-03-31T12:00:00+01:00</td><td>2023-03-31T12:00:00+01:00</td></tr><tr><td style="white-space:nowrap">17<a name="TRE-R344-NiveauExpertise-17"> </a></td><td>SMR Labellisé affections du système nerveux spécialisé neuro-orthopédique</td><td>2023-03-31T12:00:00+01:00</td><td>2023-03-31T12:00:00+01:00</td></tr><tr><td style="white-space:nowrap">18<a name="TRE-R344-NiveauExpertise-18"> </a></td><td>SMR Labellisé affections du système nerveux spécialisé SRPR</td><td>2023-03-31T12:00:00+01:00</td><td>2023-03-31T12:00:00+01:00</td></tr><tr><td style="white-space:nowrap">19<a name="TRE-R344-NiveauExpertise-19"> </a></td><td>SMR Labellisé affections du système nerveux spécialisé réadaptation PREPAN</td><td>2023-03-31T12:00:00+01:00</td><td>2023-03-31T12:00:00+01:00</td></tr><tr><td style="white-space:nowrap">20<a name="TRE-R344-NiveauExpertise-20"> </a></td><td>SMR Labellisé système nerveux spécialisé patients cérébro-lésés</td><td>2023-03-31T12:00:00+01:00</td><td>2023-03-31T12:00:00+01:00</td></tr><tr><td style="white-space:nowrap">21<a name="TRE-R344-NiveauExpertise-21"> </a></td><td>SMR Labellisé affections du système nerveux spécialisé lésions médullaires</td><td>2023-03-31T12:00:00+01:00</td><td>2023-09-22T12:00:00+01:00</td></tr><tr><td style="white-space:nowrap">22<a name="TRE-R344-NiveauExpertise-22"> </a></td><td>SMR Labellisé affections endocrino spécialisé obésités complexes</td><td>2023-03-31T12:00:00+01:00</td><td>2023-03-31T12:00:00+01:00</td></tr><tr><td style="white-space:nowrap">23<a name="TRE-R344-NiveauExpertise-23"> </a></td><td>SMR Labellisé spécialisé troubles cognitifs liés à une conduite addictive</td><td>2023-03-31T12:00:00+01:00</td><td>2023-03-31T12:00:00+01:00</td></tr><tr><td style="white-space:nowrap">24<a name="TRE-R344-NiveauExpertise-24"> </a></td><td>SMR Labellisé prise en charge du polyhandicap</td><td>2023-03-31T12:00:00+01:00</td><td>2023-03-31T12:00:00+01:00</td></tr><tr><td style="white-space:nowrap">25<a name="TRE-R344-NiveauExpertise-25"> </a></td><td>SMR Labellisé prise en charge des troubles du langage et des apprentissages</td><td>2023-03-31T12:00:00+01:00</td><td>2023-03-31T12:00:00+01:00</td></tr><tr><td style="white-space:nowrap">26<a name="TRE-R344-NiveauExpertise-26"> </a></td><td>Centre de recours pour chirurgie oncologique complexe</td><td>2023-10-30T12:00:00+01:00</td><td>2023-10-30T12:00:00+01:00</td></tr><tr><td style="white-space:nowrap">27<a name="TRE-R344-NiveauExpertise-27"> </a></td><td>Niveau 1 - Proximité</td><td>2023-10-30T12:00:00+01:00</td><td>2023-10-30T12:00:00+01:00</td></tr><tr><td style="white-space:nowrap">28<a name="TRE-R344-NiveauExpertise-28"> </a></td><td>Niveau 2 - Recours</td><td>2023-10-30T12:00:00+01:00</td><td>2023-10-30T12:00:00+01:00</td></tr><tr><td style="white-space:nowrap">29<a name="TRE-R344-NiveauExpertise-29"> </a></td><td>Niveau 3 - Excellence</td><td>2023-10-30T12:00:00+01:00</td><td>2023-10-30T12:00:00+01:00</td></tr><tr><td style="white-space:nowrap">30<a name="TRE-R344-NiveauExpertise-30"> </a></td><td>Unité de réanimation pédiatrique de recours</td><td>2024-01-26T12:00:00+01:00</td><td>2024-01-26T12:00:00+01:00</td></tr></table></div></text><extension url="http://hl7.org/fhir/StructureDefinition/resource-effectivePeriod"><valuePeriod><start value="2023-03-31T12:00:00+01:00"/></valuePeriod></extension><url value="https://mos.esante.gouv.fr/NOS/TRE_R344-NiveauExpertise/FHIR/TRE-R344-NiveauExpertise"/><identifier><value value="urn:oid:1.2.250.1.213.3.3.228"/></identifier><version value="1.2.0"/><name value="TRE_R344-NiveauExpertise"/><status value="active"/><date value="2024-01-26T12:00:00+01:00"/><publisher value="ANS"/><contact><name value="ANS"/><telecom><system value="url"/><value value="https://esante.gouv.fr"/></telecom></contact><description value="Niveau d'expertise des offres de santé"/><content value="complete"/><property><code value="dateValid"/><description value="date de validité d'un code concept"/><type value="dateTime"/></property><property><code value="dateMaj"/><description value="Date de mise à jour d'un code concept"/><type value="dateTime"/></property><property><code value="dateFin"/><description value="Date de fin d'exploitation d'un code concept"/><type value="dateTime"/></property><concept><code value="10"/><display value="Centre de référence labellisé"/><designation><use><code value="LibelleCourt"/></use><value value="Centre de référence labellisé"/></designation><designation><use><code value="LibelleAdapte"/></use><value value="Centre de référence labellisé"/></designation><property><code value="dateValid"/><valueDateTime value="2023-03-31T12:00:00+01:00"/></property><property><code value="dateMaj"/><valueDateTime value="2023-03-31T12:00:00+01:00"/></property></concept><concept><code value="11"/><display value="Centre de compétences labellisé"/><designation><use><code value="LibelleCourt"/></use><value value="Centre compétences labellisé"/></designation><designation><use><code value="LibelleAdapte"/></use><value value="Centre de compétences labellisé"/></designation><property><code value="dateValid"/><valueDateTime value="2023-03-31T12:00:00+01:00"/></property><property><code value="dateMaj"/><valueDateTime value="2023-09-22T12:00:00+01:00"/></property></concept><concept><code value="12"/><display value="Structure spécialisée labellisée"/><designation><use><code value="LibelleCourt"/></use><value value="Structure spé labellisée"/></designation><designation><use><code value="LibelleAdapte"/></use><value value="Structure spécialisée labellisée"/></designation><property><code value="dateValid"/><valueDateTime value="2023-03-31T12:00:00+01:00"/></property><property><code value="dateMaj"/><valueDateTime value="2023-09-22T12:00:00+01:00"/></property></concept><concept><code value="13"/><display value="SMR Labellisé soins dédiées aux personnes en état de conscience altérée"/><designation><use><code value="LibelleCourt"/></use><value value="SMR Labellisé conscience alt."/></designation><designation><use><code value="LibelleAdapte"/></use><value value="SMR Labellisé soins dédiées aux personnes en état de conscience altérée"/></designation><property><code value="dateValid"/><valueDateTime value="2023-03-31T12:00:00+01:00"/></property><property><code value="dateMaj"/><valueDateTime value="2023-03-31T12:00:00+01:00"/></property></concept><concept><code value="14"/><display value="SMR Labellisé patients amputés, appareillés ou non"/><designation><use><code value="LibelleCourt"/></use><value value="SMR Labellisé patients amputés"/></designation><designation><use><code value="LibelleAdapte"/></use><value value="SMR Labellisé patients amputés, appareillés ou non"/></designation><property><code value="dateValid"/><valueDateTime value="2023-03-31T12:00:00+01:00"/></property><property><code value="dateMaj"/><valueDateTime value="2023-03-31T12:00:00+01:00"/></property></concept><concept><code value="15"/><display value="SMR Labellisé affections cardio-vasculaires spécialisé réadaptation PREPAC"/><designation><use><code value="LibelleCourt"/></use><value value="SMR Labellisé PREPAC"/></designation><designation><use><code value="LibelleAdapte"/></use><value value="SMR Labellisé affections cardio-vasculaires spécialisé réadaptation PREcoce Post-Aiguë Cardiologique (PREPAC)"/></designation><property><code value="dateValid"/><valueDateTime value="2023-03-31T12:00:00+01:00"/></property><property><code value="dateMaj"/><valueDateTime value="2023-03-31T12:00:00+01:00"/></property></concept><concept><code value="16"/><display value="SMR Labellisé affections respiratoires spécialisé réadaptation PREPAR"/><designation><use><code value="LibelleCourt"/></use><value value="SMR Labellisé PREPAR"/></designation><designation><use><code value="LibelleAdapte"/></use><value value="SMR Labellisé affections respiratoires spécialisé réadaptation PREcoce Post-Aiguë Respiratoire (PREPAR)"/></designation><property><code value="dateValid"/><valueDateTime value="2023-03-31T12:00:00+01:00"/></property><property><code value="dateMaj"/><valueDateTime value="2023-03-31T12:00:00+01:00"/></property></concept><concept><code value="17"/><display value="SMR Labellisé affections du système nerveux spécialisé neuro-orthopédique"/><designation><use><code value="LibelleCourt"/></use><value value="SMR Labellisé neuro-ortho"/></designation><designation><use><code value="LibelleAdapte"/></use><value value="SMR Labellisé affections du système nerveux spécialisé neuro-orthopédique"/></designation><property><code value="dateValid"/><valueDateTime value="2023-03-31T12:00:00+01:00"/></property><property><code value="dateMaj"/><valueDateTime value="2023-03-31T12:00:00+01:00"/></property></concept><concept><code value="18"/><display value="SMR Labellisé affections du système nerveux spécialisé SRPR"/><designation><use><code value="LibelleCourt"/></use><value value="SMR Labellisé SRPR"/></designation><designation><use><code value="LibelleAdapte"/></use><value value="SMR Labellisé affections du système nerveux spécialisé réadaptation post-réanimation (SRPR)"/></designation><property><code value="dateValid"/><valueDateTime value="2023-03-31T12:00:00+01:00"/></property><property><code value="dateMaj"/><valueDateTime value="2023-03-31T12:00:00+01:00"/></property></concept><concept><code value="19"/><display value="SMR Labellisé affections du système nerveux spécialisé réadaptation PREPAN"/><designation><use><code value="LibelleCourt"/></use><value value="SMR Labellisé PREPAN"/></designation><designation><use><code value="LibelleAdapte"/></use><value value="SMR Labellisé affections du système nerveux spécialisé réadaptation PREcoce Post-Aiguë Neurologique (PREPAN)"/></designation><property><code value="dateValid"/><valueDateTime value="2023-03-31T12:00:00+01:00"/></property><property><code value="dateMaj"/><valueDateTime value="2023-03-31T12:00:00+01:00"/></property></concept><concept><code value="20"/><display value="SMR Labellisé système nerveux spécialisé patients cérébro-lésés"/><designation><use><code value="LibelleCourt"/></use><value value="SMR Labellisé cérébro-lésés"/></designation><designation><use><code value="LibelleAdapte"/></use><value value="SMR Labellisé affections du système nerveux spécialisé troubles cognitifs et comportementaux des patients cérébro-lésés"/></designation><property><code value="dateValid"/><valueDateTime value="2023-03-31T12:00:00+01:00"/></property><property><code value="dateMaj"/><valueDateTime value="2023-03-31T12:00:00+01:00"/></property></concept><concept><code value="21"/><display value="SMR Labellisé affections du système nerveux spécialisé lésions médullaires"/><designation><use><code value="LibelleCourt"/></use><value value="SMR Labellisé lésion médullair"/></designation><designation><use><code value="LibelleAdapte"/></use><value value="SMR Labellisé affections du système nerveux spécialisé lésions médullaires"/></designation><property><code value="dateValid"/><valueDateTime value="2023-03-31T12:00:00+01:00"/></property><property><code value="dateMaj"/><valueDateTime value="2023-09-22T12:00:00+01:00"/></property></concept><concept><code value="22"/><display value="SMR Labellisé affections endocrino spécialisé obésités complexes"/><designation><use><code value="LibelleCourt"/></use><value value="SMR Labellisé obésité complexe"/></designation><designation><use><code value="LibelleAdapte"/></use><value value="SMR Labellisé affections endocrino-métaboliques et nutrition spécialisé obésités complexes"/></designation><property><code value="dateValid"/><valueDateTime value="2023-03-31T12:00:00+01:00"/></property><property><code value="dateMaj"/><valueDateTime value="2023-03-31T12:00:00+01:00"/></property></concept><concept><code value="23"/><display value="SMR Labellisé spécialisé troubles cognitifs liés à une conduite addictive"/><designation><use><code value="LibelleCourt"/></use><value value="SMR Labellisé conduite addict."/></designation><designation><use><code value="LibelleAdapte"/></use><value value="SMR Labellisé spécialisé troubles cognitifs sévères liés à une conduite addictive"/></designation><property><code value="dateValid"/><valueDateTime value="2023-03-31T12:00:00+01:00"/></property><property><code value="dateMaj"/><valueDateTime value="2023-03-31T12:00:00+01:00"/></property></concept><concept><code value="24"/><display value="SMR Labellisé prise en charge du polyhandicap"/><designation><use><code value="LibelleCourt"/></use><value value="SMR Labellisé polyhandicap"/></designation><designation><use><code value="LibelleAdapte"/></use><value value="SMR Labellisé prise en charge du polyhandicap"/></designation><property><code value="dateValid"/><valueDateTime value="2023-03-31T12:00:00+01:00"/></property><property><code value="dateMaj"/><valueDateTime value="2023-03-31T12:00:00+01:00"/></property></concept><concept><code value="25"/><display value="SMR Labellisé prise en charge des troubles du langage et des apprentissages"/><designation><use><code value="LibelleCourt"/></use><value value="SMR Labellisé troubles langage"/></designation><designation><use><code value="LibelleAdapte"/></use><value value="SMR Labellisé prise en charge des troubles du langage et des apprentissages"/></designation><property><code value="dateValid"/><valueDateTime value="2023-03-31T12:00:00+01:00"/></property><property><code value="dateMaj"/><valueDateTime value="2023-03-31T12:00:00+01:00"/></property></concept><concept><code value="26"/><display value="Centre de recours pour chirurgie oncologique complexe"/><designation><use><code value="LibelleCourt"/></use><value value="Centre recours chir onco cplx"/></designation><designation><use><code value="LibelleAdapte"/></use><value value="Centre de recours pour chirurgie oncologique complexe"/></designation><property><code value="dateValid"/><valueDateTime value="2023-10-30T12:00:00+01:00"/></property><property><code value="dateMaj"/><valueDateTime value="2023-10-30T12:00:00+01:00"/></property></concept><concept><code value="27"/><display value="Niveau 1 - Proximité"/><designation><use><code value="LibelleCourt"/></use><value value="Niveau 1 - Proximité"/></designation><designation><use><code value="LibelleAdapte"/></use><value value="Niveau 1 - Proximité"/></designation><property><code value="dateValid"/><valueDateTime value="2023-10-30T12:00:00+01:00"/></property><property><code value="dateMaj"/><valueDateTime value="2023-10-30T12:00:00+01:00"/></property></concept><concept><code value="28"/><display value="Niveau 2 - Recours"/><designation><use><code value="LibelleCourt"/></use><value value="Niveau 2 - Recours"/></designation><designation><use><code value="LibelleAdapte"/></use><value value="Niveau 2 - Recours"/></designation><property><code value="dateValid"/><valueDateTime value="2023-10-30T12:00:00+01:00"/></property><property><code value="dateMaj"/><valueDateTime value="2023-10-30T12:00:00+01:00"/></property></concept><concept><code value="29"/><display value="Niveau 3 - Excellence"/><designation><use><code value="LibelleCourt"/></use><value value="Niveau 3 - Excellence"/></designation><designation><use><code value="LibelleAdapte"/></use><value value="Niveau 3 - Excellence"/></designation><property><code value="dateValid"/><valueDateTime value="2023-10-30T12:00:00+01:00"/></property><property><code value="dateMaj"/><valueDateTime value="2023-10-30T12:00:00+01:00"/></property></concept><concept><code value="30"/><display value="Unité de réanimation pédiatrique de recours"/><designation><use><code value="LibelleCourt"/></use><value value="Unité réa pédiatrique recours"/></designation><designation><use><code value="LibelleAdapte"/></use><value value="Unité de réanimation pédiatrique de recours"/></designation><property><code value="dateValid"/><valueDateTime value="2024-01-26T12:00:00+01:00"/></property><property><code value="dateMaj"/><valueDateTime value="2024-01-26T12:00:00+01:00"/></property></concept></CodeSystem>