{
  "resourceType" : "CodeSystem",
  "id" : "TRE-G11-NatureQualificationADELI",
  "text" : {
    "status" : "generated",
    "div" : "<div xmlns=\"http://www.w3.org/1999/xhtml\"><p><b>Properties</b></p><p><b>This code system  defines the following properties for its concepts</b></p><table class=\"grid\"><tr><td><b>Code</b></td><td><b>Type</b></td><td><b>Description</b></td></tr><tr><td>dateValid</td><td>dateTime</td><td>date de validité d'un code concept</td></tr><tr><td>dateMaj</td><td>dateTime</td><td>Date de mise à jour d'un code concept</td></tr><tr><td>dateFin</td><td>dateTime</td><td>Date de fin d'exploitation d'un code concept</td></tr></table><p><b>Concepts</b></p><p>This  code system <code>https://mos.esante.gouv.fr/NOS/TRE_G11-NatureQualificationADELI/FHIR/TRE-G11-NatureQualificationADELI</code> defines the following codes:</p><table class=\"codes\"><tr><td style=\"white-space:nowrap\"><b>Code</b></td><td><b>Display</b></td><td><b>dateValid</b></td><td><b>dateMaj</b></td><td><b>dateFin</b></td></tr><tr><td style=\"white-space:nowrap\">00<a name=\"TRE-G11-NatureQualificationADELI-00\"> </a></td><td>Spécialité de concours hospitalier (SCH)</td><td>2000-12-13T00:00:00+01:00</td><td>2016-04-01T00:00:00+01:00</td><td/></tr><tr><td style=\"white-space:nowrap\">01<a name=\"TRE-G11-NatureQualificationADELI-01\"> </a></td><td>Spécialité ordinale (SM)</td><td>2000-12-13T00:00:00+01:00</td><td>2016-04-01T00:00:00+01:00</td><td/></tr><tr><td style=\"white-space:nowrap\">02<a name=\"TRE-G11-NatureQualificationADELI-02\"> </a></td><td>Compétence (C)</td><td>2000-12-13T00:00:00+01:00</td><td>2016-04-01T00:00:00+01:00</td><td/></tr><tr><td style=\"white-space:nowrap\">03<a name=\"TRE-G11-NatureQualificationADELI-03\"> </a></td><td>Qualifié généraliste</td><td>2000-12-13T00:00:00+01:00</td><td>2016-04-01T00:00:00+01:00</td><td/></tr><tr><td style=\"white-space:nowrap\">04<a name=\"TRE-G11-NatureQualificationADELI-04\"> </a></td><td>Compétence exclusive (CEX)</td><td>2000-12-13T00:00:00+01:00</td><td>2016-04-01T00:00:00+01:00</td><td/></tr><tr><td style=\"white-space:nowrap\">05<a name=\"TRE-G11-NatureQualificationADELI-05\"> </a></td><td>Concours hospitalier</td><td>2000-12-13T00:00:00+01:00</td><td>2016-04-01T00:00:00+01:00</td><td>2016-04-01T00:00:00+01:00</td></tr><tr><td style=\"white-space:nowrap\">07<a name=\"TRE-G11-NatureQualificationADELI-07\"> </a></td><td>DESC non qualifiant (DNQ)</td><td>2000-12-13T00:00:00+01:00</td><td>2016-09-01T00:00:00+01:00</td><td/></tr><tr><td style=\"white-space:nowrap\">08<a name=\"TRE-G11-NatureQualificationADELI-08\"> </a></td><td>Capacité (CAPA)</td><td>2000-12-13T00:00:00+01:00</td><td>2016-04-01T00:00:00+01:00</td><td/></tr><tr><td style=\"white-space:nowrap\">09<a name=\"TRE-G11-NatureQualificationADELI-09\"> </a></td><td>Surspécialité acquise à l'issue d'une Formation Spécialisée Transversale (SST)</td><td>2023-10-30T12:00:00+01:00</td><td>2023-10-30T12:00:00+01:00</td><td/></tr></table></div>"
  },
  "extension" : [{
    "url" : "http://hl7.org/fhir/StructureDefinition/resource-effectivePeriod",
    "valuePeriod" : {
      "start" : "2015-12-28T00:00:00+01:00"
    }
  }],
  "url" : "https://mos.esante.gouv.fr/NOS/TRE_G11-NatureQualificationADELI/FHIR/TRE-G11-NatureQualificationADELI",
  "identifier" : [{
    "value" : "urn:oid:1.2.250.1.71.1.2.17"
  }],
  "version" : "1.2.0",
  "name" : "TRE_G11-NatureQualificationADELI",
  "status" : "active",
  "date" : "2023-12-15T12:00:00+01:00",
  "publisher" : "ANS",
  "contact" : [{
    "name" : "ANS",
    "telecom" : [{
      "system" : "url",
      "value" : "https://esante.gouv.fr"
    }]
  }],
  "description" : "Nature de qualification ADELI",
  "content" : "complete",
  "property" : [{
    "code" : "dateValid",
    "description" : "date de validité d'un code concept",
    "type" : "dateTime"
  },
  {
    "code" : "dateMaj",
    "description" : "Date de mise à jour d'un code concept",
    "type" : "dateTime"
  },
  {
    "code" : "dateFin",
    "description" : "Date de fin d'exploitation d'un code concept",
    "type" : "dateTime"
  }],
  "concept" : [{
    "code" : "00",
    "display" : "Spécialité de concours hospitalier (SCH)",
    "designation" : [{
      "use" : {
        "code" : "LibelleCourt"
      },
      "value" : "Spéc. concours hosp."
    },
    {
      "use" : {
        "code" : "LibelleAdapte"
      },
      "value" : "Spécialité de concours hospitalier (SCH)"
    }],
    "property" : [{
      "code" : "dateValid",
      "valueDateTime" : "2000-12-13T00:00:00+01:00"
    },
    {
      "code" : "dateMaj",
      "valueDateTime" : "2016-04-01T00:00:00+01:00"
    }]
  },
  {
    "code" : "01",
    "display" : "Spécialité ordinale (SM)",
    "designation" : [{
      "use" : {
        "code" : "LibelleCourt"
      },
      "value" : "Spécialité"
    },
    {
      "use" : {
        "code" : "LibelleAdapte"
      },
      "value" : "Spécialité ordinale (SM)"
    }],
    "property" : [{
      "code" : "dateValid",
      "valueDateTime" : "2000-12-13T00:00:00+01:00"
    },
    {
      "code" : "dateMaj",
      "valueDateTime" : "2016-04-01T00:00:00+01:00"
    }]
  },
  {
    "code" : "02",
    "display" : "Compétence (C)",
    "designation" : [{
      "use" : {
        "code" : "LibelleCourt"
      },
      "value" : "Compétence"
    },
    {
      "use" : {
        "code" : "LibelleAdapte"
      },
      "value" : "Compétence (C)"
    }],
    "property" : [{
      "code" : "dateValid",
      "valueDateTime" : "2000-12-13T00:00:00+01:00"
    },
    {
      "code" : "dateMaj",
      "valueDateTime" : "2016-04-01T00:00:00+01:00"
    }]
  },
  {
    "code" : "03",
    "display" : "Qualifié généraliste",
    "designation" : [{
      "use" : {
        "code" : "LibelleCourt"
      },
      "value" : "Qual. généraliste"
    },
    {
      "use" : {
        "code" : "LibelleAdapte"
      },
      "value" : "Qualifié généraliste"
    }],
    "property" : [{
      "code" : "dateValid",
      "valueDateTime" : "2000-12-13T00:00:00+01:00"
    },
    {
      "code" : "dateMaj",
      "valueDateTime" : "2016-04-01T00:00:00+01:00"
    }]
  },
  {
    "code" : "04",
    "display" : "Compétence exclusive (CEX)",
    "designation" : [{
      "use" : {
        "code" : "LibelleCourt"
      },
      "value" : "Comp. exclusive"
    },
    {
      "use" : {
        "code" : "LibelleAdapte"
      },
      "value" : "Compétence exclusive (CEX)"
    }],
    "property" : [{
      "code" : "dateValid",
      "valueDateTime" : "2000-12-13T00:00:00+01:00"
    },
    {
      "code" : "dateMaj",
      "valueDateTime" : "2016-04-01T00:00:00+01:00"
    }]
  },
  {
    "code" : "05",
    "display" : "Concours hospitalier",
    "designation" : [{
      "use" : {
        "code" : "LibelleCourt"
      },
      "value" : "Concours hosp."
    },
    {
      "use" : {
        "code" : "LibelleAdapte"
      },
      "value" : "Concours hospitalier"
    }],
    "property" : [{
      "code" : "dateValid",
      "valueDateTime" : "2000-12-13T00:00:00+01:00"
    },
    {
      "code" : "dateFin",
      "valueDateTime" : "2016-04-01T00:00:00+01:00"
    },
    {
      "code" : "dateMaj",
      "valueDateTime" : "2016-04-01T00:00:00+01:00"
    }]
  },
  {
    "code" : "07",
    "display" : "DESC non qualifiant (DNQ)",
    "designation" : [{
      "use" : {
        "code" : "LibelleCourt"
      },
      "value" : "DNQ"
    },
    {
      "use" : {
        "code" : "LibelleAdapte"
      },
      "value" : "DESC non qualifiant (DNQ)"
    }],
    "property" : [{
      "code" : "dateValid",
      "valueDateTime" : "2000-12-13T00:00:00+01:00"
    },
    {
      "code" : "dateMaj",
      "valueDateTime" : "2016-09-01T00:00:00+01:00"
    }]
  },
  {
    "code" : "08",
    "display" : "Capacité (CAPA)",
    "designation" : [{
      "use" : {
        "code" : "LibelleCourt"
      },
      "value" : "Capacité"
    },
    {
      "use" : {
        "code" : "LibelleAdapte"
      },
      "value" : "Capacité (CAPA)"
    }],
    "property" : [{
      "code" : "dateValid",
      "valueDateTime" : "2000-12-13T00:00:00+01:00"
    },
    {
      "code" : "dateMaj",
      "valueDateTime" : "2016-04-01T00:00:00+01:00"
    }]
  },
  {
    "code" : "09",
    "display" : "Surspécialité acquise à l'issue d'une Formation Spécialisée Transversale (SST)",
    "designation" : [{
      "use" : {
        "code" : "LibelleCourt"
      },
      "value" : "Surspécialité transversale"
    },
    {
      "use" : {
        "code" : "LibelleAdapte"
      },
      "value" : "Surspécialité acquise à l'issue d'une Formation Spécialisée Transversale (SST)"
    }],
    "property" : [{
      "code" : "dateValid",
      "valueDateTime" : "2023-10-30T12:00:00+01:00"
    },
    {
      "code" : "dateMaj",
      "valueDateTime" : "2023-10-30T12:00:00+01:00"
    }]
  }]
}