<?xml version="1.0" encoding="UTF-8"?><CodeSystem xmlns="http://hl7.org/fhir"><id value="TRE-A01-CadreExercice"/><text><status value="generated"/><div xmlns="http://www.w3.org/1999/xhtml"><p><b>Properties</b></p><p><b>This code system  defines the following properties for its concepts</b></p><table class="grid"><tr><td><b>Code</b></td><td><b>Type</b></td><td><b>Description</b></td></tr><tr><td>dateValid</td><td>dateTime</td><td>date de validité d'un code concept</td></tr><tr><td>dateMaj</td><td>dateTime</td><td>Date de mise à jour d'un code concept</td></tr><tr><td>dateFin</td><td>dateTime</td><td>Date de fin d'exploitation d'un code concept</td></tr></table><p><b>Concepts</b></p><p>This  code system <code>https://mos.esante.gouv.fr/NOS/TRE_A01-CadreExercice/FHIR/TRE-A01-CadreExercice</code> defines the following codes:</p><table class="codes"><tr><td style="white-space:nowrap"><b>Code</b></td><td><b>Display</b></td><td><b>dateValid</b></td><td><b>dateMaj</b></td></tr><tr><td style="white-space:nowrap">AMBULATOIRE<a name="TRE-A01-CadreExercice-AMBULATOIRE"> </a></td><td>Ambulatoire</td><td>2016-05-19T00:00:00+01:00</td><td>2016-05-19T00:00:00+01:00</td></tr><tr><td style="white-space:nowrap">AMO<a name="TRE-A01-CadreExercice-AMO"> </a></td><td>Organisme d'assurance maladie obligatoire</td><td>2016-05-19T00:00:00+01:00</td><td>2016-05-19T00:00:00+01:00</td></tr><tr><td style="white-space:nowrap">DEPISTAGE<a name="TRE-A01-CadreExercice-DEPISTAGE"> </a></td><td>Dépistage</td><td>2016-05-19T00:00:00+01:00</td><td>2016-05-19T00:00:00+01:00</td></tr><tr><td style="white-space:nowrap">ETABLISSEMENT<a name="TRE-A01-CadreExercice-ETABLISSEMENT"> </a></td><td>Etablissement de santé</td><td>2016-05-19T00:00:00+01:00</td><td>2016-05-19T00:00:00+01:00</td></tr><tr><td style="white-space:nowrap">HAD<a name="TRE-A01-CadreExercice-HAD"> </a></td><td>Hospitalisation à domicile</td><td>2016-05-19T00:00:00+01:00</td><td>2016-05-19T00:00:00+01:00</td></tr><tr><td style="white-space:nowrap">MAD<a name="TRE-A01-CadreExercice-MAD"> </a></td><td>Maintien à domicile</td><td>2016-05-19T00:00:00+01:00</td><td>2016-05-19T00:00:00+01:00</td></tr><tr><td style="white-space:nowrap">PALLIATIF<a name="TRE-A01-CadreExercice-PALLIATIF"> </a></td><td>Soins palliatifs</td><td>2016-05-19T00:00:00+01:00</td><td>2016-05-19T00:00:00+01:00</td></tr><tr><td style="white-space:nowrap">SAD<a name="TRE-A01-CadreExercice-SAD"> </a></td><td>Soins à domicile</td><td>2016-05-19T00:00:00+01:00</td><td>2016-05-19T00:00:00+01:00</td></tr><tr><td style="white-space:nowrap">SAMU_SMUR<a name="TRE-A01-CadreExercice-SAMU_SMUR"> </a></td><td>SAMU/SMUR</td><td>2016-05-19T00:00:00+01:00</td><td>2016-05-19T00:00:00+01:00</td></tr></table></div></text><extension url="http://hl7.org/fhir/StructureDefinition/resource-effectivePeriod"><valuePeriod><start value="2016-05-19T00:00:00+01:00"/></valuePeriod></extension><url value="https://mos.esante.gouv.fr/NOS/TRE_A01-CadreExercice/FHIR/TRE-A01-CadreExercice"/><identifier><value value="urn:oid:1.2.250.1.213.1.1.4.9"/></identifier><version value="1.2.0"/><name value="TRE_A01-CadreExercice"/><status value="active"/><date value="2023-12-15T12:00:00+01:00"/><publisher value="ANS"/><contact><name value="ANS"/><telecom><system value="url"/><value value="https://esante.gouv.fr"/></telecom></contact><description value="Cadre d'exercice"/><content value="complete"/><property><code value="dateValid"/><description value="date de validité d'un code concept"/><type value="dateTime"/></property><property><code value="dateMaj"/><description value="Date de mise à jour d'un code concept"/><type value="dateTime"/></property><property><code value="dateFin"/><description value="Date de fin d'exploitation d'un code concept"/><type value="dateTime"/></property><concept><code value="AMBULATOIRE"/><display value="Ambulatoire"/><designation><use><code value="LibelleCourt"/></use><value value="Ambulatoire"/></designation><designation><use><code value="LibelleAdapte"/></use><value value="Ambulatoire"/></designation><property><code value="dateValid"/><valueDateTime value="2016-05-19T00:00:00+01:00"/></property><property><code value="dateMaj"/><valueDateTime value="2016-05-19T00:00:00+01:00"/></property></concept><concept><code value="AMO"/><display value="Organisme d'assurance maladie obligatoire"/><designation><use><code value="LibelleCourt"/></use><value value="Organisme AMO"/></designation><designation><use><code value="LibelleAdapte"/></use><value value="Organisme d'assurance maladie obligatoire"/></designation><property><code value="dateValid"/><valueDateTime value="2016-05-19T00:00:00+01:00"/></property><property><code value="dateMaj"/><valueDateTime value="2016-05-19T00:00:00+01:00"/></property></concept><concept><code value="DEPISTAGE"/><display value="Dépistage"/><designation><use><code value="LibelleCourt"/></use><value value="Dépistage"/></designation><designation><use><code value="LibelleAdapte"/></use><value value="Dépistage"/></designation><property><code value="dateValid"/><valueDateTime value="2016-05-19T00:00:00+01:00"/></property><property><code value="dateMaj"/><valueDateTime value="2016-05-19T00:00:00+01:00"/></property></concept><concept><code value="ETABLISSEMENT"/><display value="Etablissement de santé"/><designation><use><code value="LibelleCourt"/></use><value value="Etab de santé"/></designation><designation><use><code value="LibelleAdapte"/></use><value value="Etablissement de santé"/></designation><property><code value="dateValid"/><valueDateTime value="2016-05-19T00:00:00+01:00"/></property><property><code value="dateMaj"/><valueDateTime value="2016-05-19T00:00:00+01:00"/></property></concept><concept><code value="HAD"/><display value="Hospitalisation à domicile"/><designation><use><code value="LibelleCourt"/></use><value value="Hosp à domicile"/></designation><designation><use><code value="LibelleAdapte"/></use><value value="Hospitalisation à domicile"/></designation><property><code value="dateValid"/><valueDateTime value="2016-05-19T00:00:00+01:00"/></property><property><code value="dateMaj"/><valueDateTime value="2016-05-19T00:00:00+01:00"/></property></concept><concept><code value="MAD"/><display value="Maintien à domicile"/><designation><use><code value="LibelleCourt"/></use><value value="Maintien à domicile"/></designation><designation><use><code value="LibelleAdapte"/></use><value value="Maintien à domicile"/></designation><property><code value="dateValid"/><valueDateTime value="2016-05-19T00:00:00+01:00"/></property><property><code value="dateMaj"/><valueDateTime value="2016-05-19T00:00:00+01:00"/></property></concept><concept><code value="PALLIATIF"/><display value="Soins palliatifs"/><designation><use><code value="LibelleCourt"/></use><value value="Soins palliatifs"/></designation><designation><use><code value="LibelleAdapte"/></use><value value="Soins palliatifs"/></designation><property><code value="dateValid"/><valueDateTime value="2016-05-19T00:00:00+01:00"/></property><property><code value="dateMaj"/><valueDateTime value="2016-05-19T00:00:00+01:00"/></property></concept><concept><code value="SAD"/><display value="Soins à domicile"/><designation><use><code value="LibelleCourt"/></use><value value="Soins à domicile"/></designation><designation><use><code value="LibelleAdapte"/></use><value value="Soins à domicile"/></designation><property><code value="dateValid"/><valueDateTime value="2016-05-19T00:00:00+01:00"/></property><property><code value="dateMaj"/><valueDateTime value="2016-05-19T00:00:00+01:00"/></property></concept><concept><code value="SAMU_SMUR"/><display value="SAMU/SMUR"/><designation><use><code value="LibelleCourt"/></use><value value="SAMU/SMUR"/></designation><designation><use><code value="LibelleAdapte"/></use><value value="SAMU/SMUR"/></designation><property><code value="dateValid"/><valueDateTime value="2016-05-19T00:00:00+01:00"/></property><property><code value="dateMaj"/><valueDateTime value="2016-05-19T00:00:00+01:00"/></property></concept></CodeSystem>