<?xml version="1.0" encoding="UTF-8"?><CodeSystem xmlns="http://hl7.org/fhir"><id value="TRE-R22-GenreActivite"/><text><status value="generated"/><div xmlns="http://www.w3.org/1999/xhtml"><p><b>Properties</b></p><p><b>This code system defines the following properties for its concepts</b></p><table class="grid"><tr><td><b>Name</b></td><td><b>Code</b></td><td><b>Type</b></td><td><b>Description</b></td></tr><tr><td>dateValid</td><td>dateValid</td><td>dateTime</td><td>date de validité d'un code concept</td></tr><tr><td>dateMaj</td><td>dateMaj</td><td>dateTime</td><td>Date de mise à jour d'un code concept</td></tr><tr><td>dateFin</td><td>dateFin</td><td>dateTime</td><td>Date de fin d'exploitation d'un code concept</td></tr></table><p><b>Concepts</b></p><p>This  code system <code>https://mos.esante.gouv.fr/NOS/TRE_R22-GenreActivite/FHIR/TRE-R22-GenreActivite</code> defines the following codes:</p><table class="codes"><tr><td style="white-space:nowrap"><b>Code</b></td><td><b>Display</b></td><td><b>Definition</b></td><td><b>dateValid</b></td><td><b>dateMaj</b></td><td><b>dateFin</b></td></tr><tr><td style="white-space:nowrap">GENR01<a name="TRE-R22-GenreActivite-GENR01"> </a></td><td>Activité de soin et de pharmacie</td><td>Activité de soin dans le cadre de la prise en charge des patients ou usagers, incluant la pharmacie</td><td>2007-07-25T00:00:00+01:00</td><td>2022-02-25T12:00:00+01:00</td><td/></tr><tr><td style="white-space:nowrap">GENR02<a name="TRE-R22-GenreActivite-GENR02"> </a></td><td>Activité de soins ou de pharmacien en tant que remplaçant</td><td/><td>2007-07-25T00:00:00+01:00</td><td>2016-09-01T00:00:00+01:00</td><td/></tr><tr><td style="white-space:nowrap">GENR03<a name="TRE-R22-GenreActivite-GENR03"> </a></td><td>Remplacement dans une activité de soins</td><td/><td>2007-07-25T00:00:00+01:00</td><td>2016-03-21T00:00:00+01:00</td><td/></tr><tr><td style="white-space:nowrap">GENR04<a name="TRE-R22-GenreActivite-GENR04"> </a></td><td>Activité non soignante</td><td>Activité non soignante du secteur sanitaire</td><td>2007-07-25T00:00:00+01:00</td><td>2007-07-25T00:00:00+01:00</td><td/></tr><tr><td style="white-space:nowrap">GENR05<a name="TRE-R22-GenreActivite-GENR05"> </a></td><td>Activité non médicale</td><td/><td>2007-07-25T00:00:00+01:00</td><td>2020-06-26T12:00:00+01:00</td><td>2020-06-26T12:00:00+01:00</td></tr><tr><td style="white-space:nowrap">GENR06<a name="TRE-R22-GenreActivite-GENR06"> </a></td><td>Délégation de responsabilité pour continuité de service</td><td/><td>2007-07-25T00:00:00+01:00</td><td>2016-09-01T00:00:00+01:00</td><td/></tr><tr><td style="white-space:nowrap">GENR07<a name="TRE-R22-GenreActivite-GENR07"> </a></td><td>Activité de soins en tant qu'intérimaire</td><td/><td>2016-03-21T00:00:00+01:00</td><td>2020-06-26T12:00:00+01:00</td><td>2020-06-26T12:00:00+01:00</td></tr><tr><td style="white-space:nowrap">GENR08<a name="TRE-R22-GenreActivite-GENR08"> </a></td><td>Coordination et orientation</td><td>Activité de professionnel du secteur sanitaire, social et médico-social exerçant des fonctions de coordination et d'orientation</td><td>2022-02-25T12:00:00+01:00</td><td>2022-06-24T12:00:00+01:00</td><td/></tr><tr><td style="white-space:nowrap">GENR09<a name="TRE-R22-GenreActivite-GENR09"> </a></td><td>Administratif ou appui à l'organisation de l'accompagnement social/médico-social</td><td>Activité de professionnel du secteur social et médico-social exerçant des fonctions administratives ou d'appui à l'organisation de l'accompagnement</td><td>2022-02-25T12:00:00+01:00</td><td>2022-06-24T12:00:00+01:00</td><td/></tr><tr><td style="white-space:nowrap">GENR10<a name="TRE-R22-GenreActivite-GENR10"> </a></td><td>Accompagnement social/médico-social à la vie sociale, professionnelle, éducative</td><td>Activité de professionnel du secteur social et médico-social exerçant des fonctions d'accompagnement à la vie sociale, professionnelle et éducative</td><td>2022-02-25T12:00:00+01:00</td><td>2022-06-24T12:00:00+01:00</td><td/></tr><tr><td style="white-space:nowrap">GENR11<a name="TRE-R22-GenreActivite-GENR11"> </a></td><td>Accompagnement social/médico-social au soin</td><td>Activité de professionnel du secteur social et médico-social exerçant des fonctions d'accompagnement au soin</td><td>2022-02-25T12:00:00+01:00</td><td>2022-06-24T12:00:00+01:00</td><td/></tr><tr><td style="white-space:nowrap">GENR12<a name="TRE-R22-GenreActivite-GENR12"> </a></td><td>Encadrement et organisation de l'accompagnement social/médico-social</td><td>Activité de professionnel du social et médico-social exerçant des fonctions d'encadrement et d'organisation de l'accompagnement</td><td>2022-02-25T12:00:00+01:00</td><td>2022-06-24T12:00:00+01:00</td><td/></tr><tr><td style="white-space:nowrap">GENR13<a name="TRE-R22-GenreActivite-GENR13"> </a></td><td>Activité médico-administrative</td><td/><td>2023-07-28T09:00:00+01:00</td><td>2023-07-28T09:00:00+01:00</td><td/></tr><tr><td style="white-space:nowrap">GENR99<a name="TRE-R22-GenreActivite-GENR99"> </a></td><td>Autre activité</td><td/><td>2023-11-24T12:00:00+01:00</td><td>2023-11-24T12:00:00+01:00</td><td/></tr></table></div></text><extension url="http://hl7.org/fhir/StructureDefinition/resource-effectivePeriod"><valuePeriod><start value="2013-06-28T00:00:00+01:00"/></valuePeriod></extension><url value="https://mos.esante.gouv.fr/NOS/TRE_R22-GenreActivite/FHIR/TRE-R22-GenreActivite"/><identifier><value value="urn:oid:1.2.250.1.213.1.6.1.19"/></identifier><version value="1.4.0"/><name value="TRE_R22-GenreActivite"/><status value="active"/><date value="2024-03-29T12:00:00+01:00"/><publisher value="ANS"/><contact><name value="ANS"/><telecom><system value="url"/><value value="https://esante.gouv.fr"/></telecom></contact><description value="Genre d'activité"/><content value="complete"/><property><code value="dateValid"/><description value="date de validité d'un code concept"/><type value="dateTime"/></property><property><code value="dateMaj"/><description value="Date de mise à jour d'un code concept"/><type value="dateTime"/></property><property><code value="dateFin"/><description value="Date de fin d'exploitation d'un code concept"/><type value="dateTime"/></property><concept><code value="GENR01"/><display value="Activité de soin et de pharmacie"/><definition value="Activité de soin dans le cadre de la prise en charge des patients ou usagers, incluant la pharmacie"/><designation><use><code value="LibelleCourt"/></use><value value="Soignant"/></designation><designation><use><code value="LibelleAdapte"/></use><value value="Activité de soin et de pharmacie"/></designation><property><code value="dateValid"/><valueDateTime value="2007-07-25T00:00:00+01:00"/></property><property><code value="dateMaj"/><valueDateTime value="2022-02-25T12:00:00+01:00"/></property></concept><concept><code value="GENR02"/><display value="Activité de soins ou de pharmacien en tant que remplaçant"/><designation><use><code value="LibelleCourt"/></use><value value="Remplaçant"/></designation><designation><use><code value="LibelleAdapte"/></use><value value="Activité de soins ou de pharmacien en tant que remplaçant"/></designation><property><code value="dateValid"/><valueDateTime value="2007-07-25T00:00:00+01:00"/></property><property><code value="dateMaj"/><valueDateTime value="2016-09-01T00:00:00+01:00"/></property></concept><concept><code value="GENR03"/><display value="Remplacement dans une activité de soins"/><designation><use><code value="LibelleCourt"/></use><value value="Remplacement"/></designation><designation><use><code value="LibelleAdapte"/></use><value value="Remplacement dans une activité de soins"/></designation><property><code value="dateValid"/><valueDateTime value="2007-07-25T00:00:00+01:00"/></property><property><code value="dateMaj"/><valueDateTime value="2016-03-21T00:00:00+01:00"/></property></concept><concept><code value="GENR04"/><display value="Activité non soignante"/><definition value="Activité non soignante du secteur sanitaire"/><designation><use><code value="LibelleCourt"/></use><value value="Non soignante"/></designation><designation><use><code value="LibelleAdapte"/></use><value value="Activité non soignante"/></designation><property><code value="dateValid"/><valueDateTime value="2007-07-25T00:00:00+01:00"/></property><property><code value="dateMaj"/><valueDateTime value="2007-07-25T00:00:00+01:00"/></property></concept><concept><code value="GENR05"/><display value="Activité non médicale"/><designation><use><code value="LibelleCourt"/></use><value value="Non médicale"/></designation><designation><use><code value="LibelleAdapte"/></use><value value="Activité non médicale"/></designation><property><code value="dateValid"/><valueDateTime value="2007-07-25T00:00:00+01:00"/></property><property><code value="dateFin"/><valueDateTime value="2020-06-26T12:00:00+01:00"/></property><property><code value="dateMaj"/><valueDateTime value="2020-06-26T12:00:00+01:00"/></property></concept><concept><code value="GENR06"/><display value="Délégation de responsabilité pour continuité de service"/><designation><use><code value="LibelleCourt"/></use><value value="Délégation de responsabilité"/></designation><designation><use><code value="LibelleAdapte"/></use><value value="Délégation de responsabilité pour continuité de service"/></designation><property><code value="dateValid"/><valueDateTime value="2007-07-25T00:00:00+01:00"/></property><property><code value="dateMaj"/><valueDateTime value="2016-09-01T00:00:00+01:00"/></property></concept><concept><code value="GENR07"/><display value="Activité de soins en tant qu'intérimaire"/><designation><use><code value="LibelleCourt"/></use><value value="Intérimaire"/></designation><designation><use><code value="LibelleAdapte"/></use><value value="Activité de soins en tant qu'intérimaire"/></designation><property><code value="dateValid"/><valueDateTime value="2016-03-21T00:00:00+01:00"/></property><property><code value="dateFin"/><valueDateTime value="2020-06-26T12:00:00+01:00"/></property><property><code value="dateMaj"/><valueDateTime value="2020-06-26T12:00:00+01:00"/></property></concept><concept><code value="GENR08"/><display value="Coordination et orientation"/><definition value="Activité de professionnel du secteur sanitaire, social et médico-social exerçant des fonctions de coordination et d'orientation"/><designation><use><code value="LibelleCourt"/></use><value value="Coordination et orientation"/></designation><designation><use><code value="LibelleAdapte"/></use><value value="Activité de coordination et d'orientation"/></designation><property><code value="dateValid"/><valueDateTime value="2022-02-25T12:00:00+01:00"/></property><property><code value="dateMaj"/><valueDateTime value="2022-06-24T12:00:00+01:00"/></property></concept><concept><code value="GENR09"/><display value="Administratif ou appui à l'organisation de l'accompagnement social/médico-social"/><definition value="Activité de professionnel du secteur social et médico-social exerçant des fonctions administratives ou d'appui à l'organisation de l'accompagnement"/><designation><use><code value="LibelleCourt"/></use><value value="Administratif soc/médico-soc"/></designation><designation><use><code value="LibelleAdapte"/></use><value value="Activité de professionnel du secteur social et médico-social exerçant des fonctions administratives ou d'appui à l'organisation de l'accompagnement"/></designation><property><code value="dateValid"/><valueDateTime value="2022-02-25T12:00:00+01:00"/></property><property><code value="dateMaj"/><valueDateTime value="2022-06-24T12:00:00+01:00"/></property></concept><concept><code value="GENR10"/><display value="Accompagnement social/médico-social à la vie sociale, professionnelle, éducative"/><definition value="Activité de professionnel du secteur social et médico-social exerçant des fonctions d'accompagnement à la vie sociale, professionnelle et éducative"/><designation><use><code value="LibelleCourt"/></use><value value="Accompagnement vie sociale"/></designation><designation><use><code value="LibelleAdapte"/></use><value value="Activité de professionnel du secteur social et médico-social exerçant des fonctions d'accompagnement à la vie sociale, professionnelle et éducative"/></designation><property><code value="dateValid"/><valueDateTime value="2022-02-25T12:00:00+01:00"/></property><property><code value="dateMaj"/><valueDateTime value="2022-06-24T12:00:00+01:00"/></property></concept><concept><code value="GENR11"/><display value="Accompagnement social/médico-social au soin"/><definition value="Activité de professionnel du secteur social et médico-social exerçant des fonctions d'accompagnement au soin"/><designation><use><code value="LibelleCourt"/></use><value value="Accompagnt au soin soc/méd-soc"/></designation><designation><use><code value="LibelleAdapte"/></use><value value="Activité de professionnel du secteur social et médico-social exerçant des fonctions d'accompagnement au soin"/></designation><property><code value="dateValid"/><valueDateTime value="2022-02-25T12:00:00+01:00"/></property><property><code value="dateMaj"/><valueDateTime value="2022-06-24T12:00:00+01:00"/></property></concept><concept><code value="GENR12"/><display value="Encadrement et organisation de l'accompagnement social/médico-social"/><definition value="Activité de professionnel du social et médico-social exerçant des fonctions d'encadrement et d'organisation de l'accompagnement"/><designation><use><code value="LibelleCourt"/></use><value value="Encadrement soc/médico-soc"/></designation><designation><use><code value="LibelleAdapte"/></use><value value="Activité de professionnel du social et médico-social exerçant des fonctions d'encadrement et d'organisation de l'accompagnement"/></designation><property><code value="dateValid"/><valueDateTime value="2022-02-25T12:00:00+01:00"/></property><property><code value="dateMaj"/><valueDateTime value="2022-06-24T12:00:00+01:00"/></property></concept><concept><code value="GENR13"/><display value="Activité médico-administrative"/><designation><use><code value="LibelleCourt"/></use><value value="Médico-administratif"/></designation><designation><use><code value="LibelleAdapte"/></use><value value="Activité médico-administrative"/></designation><property><code value="dateValid"/><valueDateTime value="2023-07-28T09:00:00+01:00"/></property><property><code value="dateMaj"/><valueDateTime value="2023-07-28T09:00:00+01:00"/></property></concept><concept><code value="GENR99"/><display value="Autre activité"/><designation><use><code value="LibelleCourt"/></use><value value="Autre"/></designation><designation><use><code value="LibelleAdapte"/></use><value value="Autre activité"/></designation><property><code value="dateValid"/><valueDateTime value="2023-11-24T12:00:00+01:00"/></property><property><code value="dateMaj"/><valueDateTime value="2023-11-24T12:00:00+01:00"/></property></concept></CodeSystem>