<?xml version="1.0" encoding="UTF-8"?><CodeSystem xmlns="http://hl7.org/fhir"><id value="TRE-R349-ActionAnomalie"/><text><status value="generated"/><div xmlns="http://www.w3.org/1999/xhtml"><p><b>Properties</b></p><p><b>This code system defines the following properties for its concepts</b></p><table class="grid"><tr><td><b>Name</b></td><td><b>Code</b></td><td><b>Type</b></td><td><b>Description</b></td></tr><tr><td>dateValid</td><td>dateValid</td><td>dateTime</td><td>date de validité d'un code concept</td></tr><tr><td>dateMaj</td><td>dateMaj</td><td>dateTime</td><td>Date de mise à jour d'un code concept</td></tr><tr><td>dateFin</td><td>dateFin</td><td>dateTime</td><td>Date de fin d'exploitation d'un code concept</td></tr></table><p><b>Concepts</b></p><p>This  code system <code>https://mos.esante.gouv.fr/NOS/TRE_R349-ActionAnomalie/FHIR/TRE-R349-ActionAnomalie</code> defines the following codes:</p><table class="codes"><tr><td style="white-space:nowrap"><b>Code</b></td><td><b>Display</b></td><td><b>dateValid</b></td><td><b>dateMaj</b></td></tr><tr><td style="white-space:nowrap">AJO<a name="TRE-R349-ActionAnomalie-AJO"> </a></td><td>Ajout</td><td>2023-03-31T12:00:00+01:00</td><td>2023-03-31T12:00:00+01:00</td></tr><tr><td style="white-space:nowrap">COR<a name="TRE-R349-ActionAnomalie-COR"> </a></td><td>Correction</td><td>2023-03-31T12:00:00+01:00</td><td>2023-03-31T12:00:00+01:00</td></tr><tr><td style="white-space:nowrap">SUP<a name="TRE-R349-ActionAnomalie-SUP"> </a></td><td>Suppression</td><td>2023-03-31T12:00:00+01:00</td><td>2023-03-31T12:00:00+01:00</td></tr></table></div></text><extension url="http://hl7.org/fhir/StructureDefinition/resource-effectivePeriod"><valuePeriod><start value="2023-03-31T12:00:00+01:00"/></valuePeriod></extension><url value="https://mos.esante.gouv.fr/NOS/TRE_R349-ActionAnomalie/FHIR/TRE-R349-ActionAnomalie"/><identifier><value value="urn:oid:1.2.250.1.213.3.3.239"/></identifier><version value="1.4.0"/><name value="TRE_R349-ActionAnomalie"/><status value="active"/><date value="2023-12-15T12:00:00+01:00"/><publisher value="ANS"/><contact><name value="ANS"/><telecom><system value="url"/><value value="https://esante.gouv.fr"/></telecom></contact><description value="Action attendue dans le cadre de la gestion d'une anomalie"/><content value="complete"/><property><code value="dateValid"/><description value="date de validité d'un code concept"/><type value="dateTime"/></property><property><code value="dateMaj"/><description value="Date de mise à jour d'un code concept"/><type value="dateTime"/></property><property><code value="dateFin"/><description value="Date de fin d'exploitation d'un code concept"/><type value="dateTime"/></property><concept><code value="AJO"/><display value="Ajout"/><designation><use><code value="LibelleCourt"/></use><value value="Ajout"/></designation><designation><use><code value="LibelleAdapte"/></use><value value="Ajout"/></designation><property><code value="dateValid"/><valueDateTime value="2023-03-31T12:00:00+01:00"/></property><property><code value="dateMaj"/><valueDateTime value="2023-03-31T12:00:00+01:00"/></property></concept><concept><code value="COR"/><display value="Correction"/><designation><use><code value="LibelleCourt"/></use><value value="Correction"/></designation><designation><use><code value="LibelleAdapte"/></use><value value="Correction"/></designation><property><code value="dateValid"/><valueDateTime value="2023-03-31T12:00:00+01:00"/></property><property><code value="dateMaj"/><valueDateTime value="2023-03-31T12:00:00+01:00"/></property></concept><concept><code value="SUP"/><display value="Suppression"/><designation><use><code value="LibelleCourt"/></use><value value="Suppression"/></designation><designation><use><code value="LibelleAdapte"/></use><value value="Suppression"/></designation><property><code value="dateValid"/><valueDateTime value="2023-03-31T12:00:00+01:00"/></property><property><code value="dateMaj"/><valueDateTime value="2023-03-31T12:00:00+01:00"/></property></concept></CodeSystem>