<?xml version="1.0" encoding="UTF-8"?><ValueSet xmlns="http://hl7.org/fhir"><id value="JDV-J265-RoleMembreCercleDeSoins-CISIS"/><text><status value="generated"/><div xmlns="http://www.w3.org/1999/xhtml"><p class="res-header-id"><b>Generated Narrative: ValueSet JDV-J265-RoleMembreCercleDeSoins-CISIS</b></p><a name="JDV-J265-RoleMembreCercleDeSoins-CISIS"> </a><a name="hcJDV-J265-RoleMembreCercleDeSoins-CISIS"> </a><a name="JDV-J265-RoleMembreCercleDeSoins-CISIS-en-US"> </a><p>This value set includes codes based on the following rules:</p><ul><li>Include these codes as defined in <a href="CodeSystem-TRE-R260-HL7RoleClass.html"><code>https://mos.esante.gouv.fr/NOS/TRE_R260-HL7RoleClass/FHIR/TRE-R260-HL7RoleClass</code></a><table class="none"><tr><td style="white-space:nowrap"><b>Code</b></td><td><b>Display</b></td></tr><tr><td><a href="CodeSystem-TRE-R260-HL7RoleClass.html#TRE-R260-HL7RoleClass-GUARD">GUARD</a></td><td>Responsable légal</td></tr><tr><td><a href="CodeSystem-TRE-R260-HL7RoleClass.html#TRE-R260-HL7RoleClass-CAREGIVER">CAREGIVER</a></td><td>Aidant</td></tr><tr><td><a href="CodeSystem-TRE-R260-HL7RoleClass.html#TRE-R260-HL7RoleClass-NOK">NOK</a></td><td>personne de confiance</td></tr><tr><td><a href="CodeSystem-TRE-R260-HL7RoleClass.html#TRE-R260-HL7RoleClass-CON">CON</a></td><td>Informateur</td></tr><tr><td><a href="CodeSystem-TRE-R260-HL7RoleClass.html#TRE-R260-HL7RoleClass-ECON">ECON</a></td><td>personne à prévenir en cas d'urgence</td></tr></table></li><li>Include these codes as defined in <a href="CodeSystem-TRE-R259-HL7ParticipationFunction.html"><code>https://mos.esante.gouv.fr/NOS/TRE_R259-HL7ParticipationFunction/FHIR/TRE-R259-HL7ParticipationFunction</code></a><table class="none"><tr><td style="white-space:nowrap"><b>Code</b></td><td><b>Display</b></td></tr><tr><td><a href="CodeSystem-TRE-R259-HL7ParticipationFunction.html#TRE-R259-HL7ParticipationFunction-PCP">PCP</a></td><td>Médecin traitant</td></tr></table></li></ul></div></text><extension url="http://hl7.org/fhir/StructureDefinition/resource-effectivePeriod"><valuePeriod><start value="2024-07-26T12:00:00+01:00"/></valuePeriod></extension><url value="https://mos.esante.gouv.fr/NOS/JDV_J265-RoleMembreCercleDeSoins-CISIS/FHIR/JDV-J265-RoleMembreCercleDeSoins-CISIS"/><identifier><value value="urn:oid:1.2.250.1.213.1.1.5.795"/></identifier><version value="1.3.0"/><name value="JDV_J265-RoleMembreCercleDeSoins-CISIS"/><status value="active"/><date value="2024-07-26T12:00:00+01:00"/><publisher value="ANS"/><contact><name value="ANS"/><telecom><system value="url"/><value value="https://esante.gouv.fr"/></telecom></contact><description value="Rôles des membres d'un cercle de soins"/><compose><include><system value="https://mos.esante.gouv.fr/NOS/TRE_R260-HL7RoleClass/FHIR/TRE-R260-HL7RoleClass"/><concept><code value="GUARD"/><display value="Responsable légal"/><designation><use><code value="OID"/></use><value value="urn:oid:2.16.840.1.113883.5.110"/></designation></concept><concept><code value="CAREGIVER"/><display value="Aidant"/><designation><use><code value="OID"/></use><value value="urn:oid:2.16.840.1.113883.5.110"/></designation></concept><concept><code value="NOK"/><display value="personne de confiance"/><designation><use><code value="OID"/></use><value value="urn:oid:2.16.840.1.113883.5.110"/></designation></concept><concept><code value="CON"/><display value="Informateur"/><designation><use><code value="OID"/></use><value value="urn:oid:2.16.840.1.113883.5.110"/></designation></concept><concept><code value="ECON"/><display value="personne à prévenir en cas d'urgence"/><designation><use><code value="OID"/></use><value value="urn:oid:2.16.840.1.113883.5.110"/></designation></concept></include><include><system value="https://mos.esante.gouv.fr/NOS/TRE_R259-HL7ParticipationFunction/FHIR/TRE-R259-HL7ParticipationFunction"/><concept><code value="PCP"/><display value="Médecin traitant"/><designation><use><code value="OID"/></use><value value="urn:oid:2.16.840.1.113883.5.88"/></designation></concept></include></compose></ValueSet>