<?xml version="1.0" encoding="UTF-8"?><ValueSet xmlns="http://hl7.org/fhir"><id value="JDV-J185-TypeFermeture-ROR"/><text><status value="generated"/><div xmlns="http://www.w3.org/1999/xhtml"><p class="res-header-id"><b>Generated Narrative: ValueSet JDV-J185-TypeFermeture-ROR</b></p><a name="JDV-J185-TypeFermeture-ROR"> </a><a name="hcJDV-J185-TypeFermeture-ROR"> </a><a name="JDV-J185-TypeFermeture-ROR-en-US"> </a><ul><li>Include these codes as defined in <a href="CodeSystem-TRE-R286-TypeFermeture.html"><code>https://mos.esante.gouv.fr/NOS/TRE_R286-TypeFermeture/FHIR/TRE-R286-TypeFermeture</code></a><table class="none"><tr><td style="white-space:nowrap"><b>Code</b></td><td><b>Display</b></td></tr><tr><td><a href="CodeSystem-TRE-R286-TypeFermeture.html#TRE-R286-TypeFermeture-DEF">DEF</a></td><td>Définitive</td></tr><tr><td><a href="CodeSystem-TRE-R286-TypeFermeture.html#TRE-R286-TypeFermeture-PRO">PRO</a></td><td>Provisoire</td></tr></table></li></ul></div></text><extension url="http://hl7.org/fhir/StructureDefinition/resource-effectivePeriod"><valuePeriod><start value="2022-09-30T12:00:00+01:00"/></valuePeriod></extension><url value="https://mos.esante.gouv.fr/NOS/JDV_J185-TypeFermeture-ROR/FHIR/JDV-J185-TypeFermeture-ROR"/><identifier><value value="urn:oid:1.2.250.1.213.3.4.18"/></identifier><version value="1.3.0"/><name value="JDV_J185-TypeFermeture-ROR"/><status value="active"/><date value="2022-09-30T12:00:00+01:00"/><publisher value="ANS"/><contact><name value="ANS"/><telecom><system value="url"/><value value="https://esante.gouv.fr"/></telecom></contact><description value="Destination d'usage du lieu pour le lieu de réalisation de l'offre."/><compose><include><system value="https://mos.esante.gouv.fr/NOS/TRE_R286-TypeFermeture/FHIR/TRE-R286-TypeFermeture"/><concept><code value="DEF"/><display value="Définitive"/><designation><use><code value="OID"/></use><value value="urn:oid:1.2.250.1.213.1.6.1.136"/></designation></concept><concept><code value="PRO"/><display value="Provisoire"/><designation><use><code value="OID"/></use><value value="urn:oid:1.2.250.1.213.1.6.1.136"/></designation></concept></include></compose></ValueSet>