<?xml version="1.0" encoding="UTF-8"?><ValueSet xmlns="http://hl7.org/fhir"><id value="JDV-J03-XdsContentTypeCode-CISIS"/><text><status value="generated"/><div xmlns="http://www.w3.org/1999/xhtml"><p>This value set includes codes based on the following rules:</p><ul><li>Include these codes as defined in <a href="CodeSystem-TRE-A00-ProducteurDocNonPS.html"><code>https://mos.esante.gouv.fr/NOS/TRE_A00-ProducteurDocNonPS/FHIR/TRE-A00-ProducteurDocNonPS</code></a><table class="none"><tr><td style="white-space:nowrap"><b>Code</b></td><td><b>Display</b></td></tr><tr><td><a href="CodeSystem-TRE-A00-ProducteurDocNonPS.html#TRE-A00-ProducteurDocNonPS-EXP_PATIENT">EXP_PATIENT</a></td><td>Expression personnelle du patient</td></tr></table></li><li>Include these codes as defined in <a href="CodeSystem-TRE-R209-TypeActivite.html"><code>https://mos.esante.gouv.fr/NOS/TRE_R209-TypeActivite/FHIR/TRE-R209-TypeActivite</code></a><table class="none"><tr><td style="white-space:nowrap"><b>Code</b></td><td><b>Display</b></td></tr><tr><td><a href="CodeSystem-TRE-R209-TypeActivite.html#TRE-R209-TypeActivite-03">03</a></td><td>Hospitalisation complète (non compris hospitalisation de semaine)</td></tr><tr><td><a href="CodeSystem-TRE-R209-TypeActivite.html#TRE-R209-TypeActivite-04">04</a></td><td>Hospitalisation de jour</td></tr><tr><td><a href="CodeSystem-TRE-R209-TypeActivite.html#TRE-R209-TypeActivite-07">07</a></td><td>Consultations soins externes</td></tr><tr><td><a href="CodeSystem-TRE-R209-TypeActivite.html#TRE-R209-TypeActivite-08">08</a></td><td>Bloc opératoire (y compris obstétrical et gynécologique)</td></tr><tr><td><a href="CodeSystem-TRE-R209-TypeActivite.html#TRE-R209-TypeActivite-09">09</a></td><td>Autres unités médico-techniques (anesthésiologie, explor fonct, rééduc et réadapt fonct, pharmacie)</td></tr><tr><td><a href="CodeSystem-TRE-R209-TypeActivite.html#TRE-R209-TypeActivite-11">11</a></td><td>Hébergement complet ou internat (non compris internat de semaine)</td></tr><tr><td><a href="CodeSystem-TRE-R209-TypeActivite.html#TRE-R209-TypeActivite-13">13</a></td><td>Semi-internat</td></tr><tr><td><a href="CodeSystem-TRE-R209-TypeActivite.html#TRE-R209-TypeActivite-14">14</a></td><td>Externat</td></tr><tr><td><a href="CodeSystem-TRE-R209-TypeActivite.html#TRE-R209-TypeActivite-15">15</a></td><td>Placement en famille d'accueil (strictement social)</td></tr><tr><td><a href="CodeSystem-TRE-R209-TypeActivite.html#TRE-R209-TypeActivite-16">16</a></td><td>Prestations sur le lieu de vie (non compris placement familial)</td></tr><tr><td><a href="CodeSystem-TRE-R209-TypeActivite.html#TRE-R209-TypeActivite-17">17</a></td><td>Internat de semaine</td></tr><tr><td><a href="CodeSystem-TRE-R209-TypeActivite.html#TRE-R209-TypeActivite-18">18</a></td><td>Hébergement de nuit en structure éclatée</td></tr><tr><td><a href="CodeSystem-TRE-R209-TypeActivite.html#TRE-R209-TypeActivite-19">19</a></td><td>Traitement et cure ambulatoire</td></tr><tr><td><a href="CodeSystem-TRE-R209-TypeActivite.html#TRE-R209-TypeActivite-20">20</a></td><td>Hospitalisation de semaine</td></tr><tr><td><a href="CodeSystem-TRE-R209-TypeActivite.html#TRE-R209-TypeActivite-21">21</a></td><td>Accueil de Jour (sans distinction entre semi-internat et externat)</td></tr><tr><td><a href="CodeSystem-TRE-R209-TypeActivite.html#TRE-R209-TypeActivite-22">22</a></td><td>Accueil de nuit</td></tr><tr><td><a href="CodeSystem-TRE-R209-TypeActivite.html#TRE-R209-TypeActivite-26">26</a></td><td>Analyses médicales biologiques</td></tr><tr><td><a href="CodeSystem-TRE-R209-TypeActivite.html#TRE-R209-TypeActivite-27">27</a></td><td>Accueil modulable/séquentiel</td></tr><tr><td><a href="CodeSystem-TRE-R209-TypeActivite.html#TRE-R209-TypeActivite-28">28</a></td><td>Consultations dentaires et soins dentaires</td></tr><tr><td><a href="CodeSystem-TRE-R209-TypeActivite.html#TRE-R209-TypeActivite-33">33</a></td><td>Recherche</td></tr><tr><td><a href="CodeSystem-TRE-R209-TypeActivite.html#TRE-R209-TypeActivite-37">37</a></td><td>Accueil et prise en charge en appartement thérapeutique</td></tr><tr><td><a href="CodeSystem-TRE-R209-TypeActivite.html#TRE-R209-TypeActivite-40">40</a></td><td>Accueil temporaire avec hébergement</td></tr><tr><td><a href="CodeSystem-TRE-R209-TypeActivite.html#TRE-R209-TypeActivite-42">42</a></td><td>Equipe mobile de rue</td></tr><tr><td><a href="CodeSystem-TRE-R209-TypeActivite.html#TRE-R209-TypeActivite-43">43</a></td><td>Tous modes d'accueil avec hébergement</td></tr><tr><td><a href="CodeSystem-TRE-R209-TypeActivite.html#TRE-R209-TypeActivite-44">44</a></td><td>Accueil temporaire de jour</td></tr><tr><td><a href="CodeSystem-TRE-R209-TypeActivite.html#TRE-R209-TypeActivite-45">45</a></td><td>Accueil temporaire (avec et sans hébergement)</td></tr><tr><td><a href="CodeSystem-TRE-R209-TypeActivite.html#TRE-R209-TypeActivite-46">46</a></td><td>Tous modes d'accueil (avec et sans hébergement)</td></tr><tr><td><a href="CodeSystem-TRE-R209-TypeActivite.html#TRE-R209-TypeActivite-47">47</a></td><td>Accueil de jour et accompagnement en milieu ordinaire</td></tr><tr><td><a href="CodeSystem-TRE-R209-TypeActivite.html#TRE-R209-TypeActivite-48">48</a></td><td>Tous modes d'accueil et d'accompagnement</td></tr><tr><td><a href="CodeSystem-TRE-R209-TypeActivite.html#TRE-R209-TypeActivite-50">50</a></td><td>Protection juridique</td></tr><tr><td><a href="CodeSystem-TRE-R209-TypeActivite.html#TRE-R209-TypeActivite-52">52</a></td><td>Accompagnement social personnalisé</td></tr><tr><td><a href="CodeSystem-TRE-R209-TypeActivite.html#TRE-R209-TypeActivite-60">60</a></td><td>Consultations et actes</td></tr><tr><td><a href="CodeSystem-TRE-R209-TypeActivite.html#TRE-R209-TypeActivite-97">97</a></td><td>Type d'activité indifferencié</td></tr></table></li><li>Include these codes as defined in <a href="CodeSystem-TRE-R02-SecteurActivite.html"><code>https://mos.esante.gouv.fr/NOS/TRE_R02-SecteurActivite/FHIR/TRE-R02-SecteurActivite</code></a><table class="none"><tr><td style="white-space:nowrap"><b>Code</b></td><td><b>Display</b></td></tr><tr><td><a href="CodeSystem-TRE-R02-SecteurActivite.html#TRE-R02-SecteurActivite-SA05">SA05</a></td><td>Centre de santé</td></tr><tr><td><a href="CodeSystem-TRE-R02-SecteurActivite.html#TRE-R02-SecteurActivite-SA06">SA06</a></td><td>Autre structure du Service de santé des armées</td></tr><tr><td><a href="CodeSystem-TRE-R02-SecteurActivite.html#TRE-R02-SecteurActivite-SA07">SA07</a></td><td>Cabinet individuel</td></tr><tr><td><a href="CodeSystem-TRE-R02-SecteurActivite.html#TRE-R02-SecteurActivite-SA08">SA08</a></td><td>Cabinet de groupe</td></tr><tr><td><a href="CodeSystem-TRE-R02-SecteurActivite.html#TRE-R02-SecteurActivite-SA09">SA09</a></td><td>Exercice en société</td></tr><tr><td><a href="CodeSystem-TRE-R02-SecteurActivite.html#TRE-R02-SecteurActivite-SA10">SA10</a></td><td>Transporteur sanitaire</td></tr><tr><td><a href="CodeSystem-TRE-R02-SecteurActivite.html#TRE-R02-SecteurActivite-SA12">SA12</a></td><td>Etablissement de soins et prévention</td></tr><tr><td><a href="CodeSystem-TRE-R02-SecteurActivite.html#TRE-R02-SecteurActivite-SA13">SA13</a></td><td>Prévention et soins en entreprise</td></tr><tr><td><a href="CodeSystem-TRE-R02-SecteurActivite.html#TRE-R02-SecteurActivite-SA14">SA14</a></td><td>Etablissements scolaires, universitaires et de formation hors champ FINESS</td></tr><tr><td><a href="CodeSystem-TRE-R02-SecteurActivite.html#TRE-R02-SecteurActivite-SA15">SA15</a></td><td>PMI et Planification familiale</td></tr><tr><td><a href="CodeSystem-TRE-R02-SecteurActivite.html#TRE-R02-SecteurActivite-SA16">SA16</a></td><td>Etablissement pour personnes handicapées</td></tr><tr><td><a href="CodeSystem-TRE-R02-SecteurActivite.html#TRE-R02-SecteurActivite-SA17">SA17</a></td><td>Etablissement pour personnes âgées</td></tr><tr><td><a href="CodeSystem-TRE-R02-SecteurActivite.html#TRE-R02-SecteurActivite-SA18">SA18</a></td><td>Etablissement aide à la famille</td></tr><tr><td><a href="CodeSystem-TRE-R02-SecteurActivite.html#TRE-R02-SecteurActivite-SA19">SA19</a></td><td>Etablissements FINESS de formation aux professions sanitaires et sociales</td></tr><tr><td><a href="CodeSystem-TRE-R02-SecteurActivite.html#TRE-R02-SecteurActivite-SA20">SA20</a></td><td>Etablissement pour la protection de l'enfance</td></tr><tr><td><a href="CodeSystem-TRE-R02-SecteurActivite.html#TRE-R02-SecteurActivite-SA21">SA21</a></td><td>Etablissement d'hébergement et de réadaptation</td></tr><tr><td><a href="CodeSystem-TRE-R02-SecteurActivite.html#TRE-R02-SecteurActivite-SA22">SA22</a></td><td>Recherche</td></tr><tr><td><a href="CodeSystem-TRE-R02-SecteurActivite.html#TRE-R02-SecteurActivite-SA23">SA23</a></td><td>Assurance privée</td></tr><tr><td><a href="CodeSystem-TRE-R02-SecteurActivite.html#TRE-R02-SecteurActivite-SA24">SA24</a></td><td>Organisme de sécurité sociale</td></tr><tr><td><a href="CodeSystem-TRE-R02-SecteurActivite.html#TRE-R02-SecteurActivite-SA25">SA25</a></td><td>Laboratoire de biologie médicale</td></tr><tr><td><a href="CodeSystem-TRE-R02-SecteurActivite.html#TRE-R02-SecteurActivite-SA26">SA26</a></td><td>Ministère ou Service déconcentré</td></tr><tr><td><a href="CodeSystem-TRE-R02-SecteurActivite.html#TRE-R02-SecteurActivite-SA27">SA27</a></td><td>Collectivité territoriale</td></tr><tr><td><a href="CodeSystem-TRE-R02-SecteurActivite.html#TRE-R02-SecteurActivite-SA28">SA28</a></td><td>Association ou organisme humanitaire</td></tr><tr><td><a href="CodeSystem-TRE-R02-SecteurActivite.html#TRE-R02-SecteurActivite-SA29">SA29</a></td><td>Laboratoire d'analyses et de biologie médicale</td></tr><tr><td><a href="CodeSystem-TRE-R02-SecteurActivite.html#TRE-R02-SecteurActivite-SA30">SA30</a></td><td>Autre établissement sanitaire</td></tr><tr><td><a href="CodeSystem-TRE-R02-SecteurActivite.html#TRE-R02-SecteurActivite-SA31">SA31</a></td><td>Répartition et Distribution de médicaments et dispositifs médicaux</td></tr><tr><td><a href="CodeSystem-TRE-R02-SecteurActivite.html#TRE-R02-SecteurActivite-SA32">SA32</a></td><td>Fabrication, Exploitation et Importation de médicaments et dispositifs médicaux</td></tr><tr><td><a href="CodeSystem-TRE-R02-SecteurActivite.html#TRE-R02-SecteurActivite-SA33">SA33</a></td><td>Pharmacie d'officine</td></tr><tr><td><a href="CodeSystem-TRE-R02-SecteurActivite.html#TRE-R02-SecteurActivite-SA34">SA34</a></td><td>Centre de dialyse</td></tr><tr><td><a href="CodeSystem-TRE-R02-SecteurActivite.html#TRE-R02-SecteurActivite-SA35">SA35</a></td><td>Para-pharmacie</td></tr><tr><td><a href="CodeSystem-TRE-R02-SecteurActivite.html#TRE-R02-SecteurActivite-SA36">SA36</a></td><td>Centre anti-cancer</td></tr><tr><td><a href="CodeSystem-TRE-R02-SecteurActivite.html#TRE-R02-SecteurActivite-SA37">SA37</a></td><td>Centre de transfusion sanguine</td></tr><tr><td><a href="CodeSystem-TRE-R02-SecteurActivite.html#TRE-R02-SecteurActivite-SA38">SA38</a></td><td>Pharmacie minière</td></tr><tr><td><a href="CodeSystem-TRE-R02-SecteurActivite.html#TRE-R02-SecteurActivite-SA39">SA39</a></td><td>Pharmacie mutualiste</td></tr><tr><td><a href="CodeSystem-TRE-R02-SecteurActivite.html#TRE-R02-SecteurActivite-SA40">SA40</a></td><td>Secteur privé, praticien hospitalier temps plein</td></tr><tr><td><a href="CodeSystem-TRE-R02-SecteurActivite.html#TRE-R02-SecteurActivite-SA41">SA41</a></td><td>Autre établissement du domaine social ou médico-social</td></tr><tr><td><a href="CodeSystem-TRE-R02-SecteurActivite.html#TRE-R02-SecteurActivite-SA42">SA42</a></td><td>Appareillage médical</td></tr><tr><td><a href="CodeSystem-TRE-R02-SecteurActivite.html#TRE-R02-SecteurActivite-SA43">SA43</a></td><td>Secteur non défini</td></tr><tr><td><a href="CodeSystem-TRE-R02-SecteurActivite.html#TRE-R02-SecteurActivite-SA44">SA44</a></td><td>Recrutement ou Gestion RH</td></tr><tr><td><a href="CodeSystem-TRE-R02-SecteurActivite.html#TRE-R02-SecteurActivite-SA45">SA45</a></td><td>Communication, Marketing, Consulting, Média</td></tr><tr><td><a href="CodeSystem-TRE-R02-SecteurActivite.html#TRE-R02-SecteurActivite-SA46">SA46</a></td><td>Fabrication, Exploitation, Importation, Répartition, Distribution médicaments et dispositifs médicaux</td></tr><tr><td><a href="CodeSystem-TRE-R02-SecteurActivite.html#TRE-R02-SecteurActivite-SA47">SA47</a></td><td>Incendie et secours</td></tr><tr><td><a href="CodeSystem-TRE-R02-SecteurActivite.html#TRE-R02-SecteurActivite-SA48">SA48</a></td><td>Entreprise industrielle et tertiaire hors industrie pharmaceutique</td></tr><tr><td><a href="CodeSystem-TRE-R02-SecteurActivite.html#TRE-R02-SecteurActivite-SA49">SA49</a></td><td>Entité Outre-Mer</td></tr><tr><td><a href="CodeSystem-TRE-R02-SecteurActivite.html#TRE-R02-SecteurActivite-SA50">SA50</a></td><td>Permanence des soins ambulatoires hors cabinet</td></tr><tr><td><a href="CodeSystem-TRE-R02-SecteurActivite.html#TRE-R02-SecteurActivite-SA51">SA51</a></td><td>Structure de coopération avec autorisation de soins</td></tr><tr><td><a href="CodeSystem-TRE-R02-SecteurActivite.html#TRE-R02-SecteurActivite-SA52">SA52</a></td><td>Maison de santé ou Pôle de santé</td></tr><tr><td><a href="CodeSystem-TRE-R02-SecteurActivite.html#TRE-R02-SecteurActivite-SA53">SA53</a></td><td>Siège administratif d'un établissement de santé</td></tr><tr><td><a href="CodeSystem-TRE-R02-SecteurActivite.html#TRE-R02-SecteurActivite-SA54">SA54</a></td><td>Centre de dépistage et de prévention</td></tr><tr><td><a href="CodeSystem-TRE-R02-SecteurActivite.html#TRE-R02-SecteurActivite-SA55">SA55</a></td><td>Laboratoire pharmaceutique préparant et délivrant des allergènes</td></tr><tr><td><a href="CodeSystem-TRE-R02-SecteurActivite.html#TRE-R02-SecteurActivite-SA56">SA56</a></td><td>Propharmacie</td></tr><tr><td><a href="CodeSystem-TRE-R02-SecteurActivite.html#TRE-R02-SecteurActivite-SA57">SA57</a></td><td>Structure de coopération avec mission de coordination de soins</td></tr><tr><td><a href="CodeSystem-TRE-R02-SecteurActivite.html#TRE-R02-SecteurActivite-SA58">SA58</a></td><td>Entreprise de taxis</td></tr><tr><td><a href="CodeSystem-TRE-R02-SecteurActivite.html#TRE-R02-SecteurActivite-SA59">SA59</a></td><td>Laboratoire de biologie médicale hors catégorie standard</td></tr><tr><td><a href="CodeSystem-TRE-R02-SecteurActivite.html#TRE-R02-SecteurActivite-SA60">SA60</a></td><td>Centres médicaux SNCF</td></tr><tr><td><a href="CodeSystem-TRE-R02-SecteurActivite.html#TRE-R02-SecteurActivite-SA61">SA61</a></td><td>Structure Dispensatrice à domicile d'Oxygène à usage médical</td></tr><tr><td><a href="CodeSystem-TRE-R02-SecteurActivite.html#TRE-R02-SecteurActivite-SA63">SA63</a></td><td>Communauté Professionnelle Territoriale de Santé</td></tr></table></li><li>Include these codes as defined in <a href="CodeSystem-TRE-R276-FormeActivite.html"><code>https://mos.esante.gouv.fr/NOS/TRE_R276-FormeActivite/FHIR/TRE-R276-FormeActivite</code></a><table class="none"><tr><td style="white-space:nowrap"><b>Code</b></td><td><b>Display</b></td></tr><tr><td><a href="CodeSystem-TRE-R276-FormeActivite.html#TRE-R276-FormeActivite-05">05</a></td><td>Hospitalisation à domicile (au domicile du patient)</td></tr></table></li></ul></div></text><extension url="http://hl7.org/fhir/StructureDefinition/resource-effectivePeriod"><valuePeriod><start value="2014-10-08T00:00:00+01:00"/></valuePeriod></extension><url value="https://mos.esante.gouv.fr/NOS/JDV_J03-XdsContentTypeCode-CISIS/FHIR/JDV-J03-XdsContentTypeCode-CISIS"/><identifier><value value="urn:oid:1.2.250.1.213.1.1.5.464"/></identifier><version value="1.1.0"/><name value="JDV_J03-XdsContentTypeCode-CISIS"/><status value="active"/><date value="2023-10-30T12:00:00+01:00"/><publisher value="ANS"/><contact><name value="ANS"/><telecom><system value="url"/><value value="https://esante.gouv.fr"/></telecom></contact><description value="XDS contentTypeCode CI-SIS"/><compose><include><system value="https://mos.esante.gouv.fr/NOS/TRE_A00-ProducteurDocNonPS/FHIR/TRE-A00-ProducteurDocNonPS"/><concept><code value="EXP_PATIENT"/><display value="Expression personnelle du patient"/><designation><use><code value="OID"/></use><value value="urn:oid:1.2.250.1.213.1.1.4.6"/></designation></concept></include><include><system value="https://mos.esante.gouv.fr/NOS/TRE_R209-TypeActivite/FHIR/TRE-R209-TypeActivite"/><concept><code value="03"/><display value="Hospitalisation complète (non compris hospitalisation de semaine)"/><designation><use><code value="OID"/></use><value value="urn:oid:1.2.250.1.213.2.2"/></designation></concept><concept><code value="04"/><display value="Hospitalisation de jour"/><designation><use><code value="OID"/></use><value value="urn:oid:1.2.250.1.213.2.2"/></designation></concept><concept><code value="07"/><display value="Consultations soins externes"/><designation><use><code value="OID"/></use><value value="urn:oid:1.2.250.1.213.2.2"/></designation></concept><concept><code value="08"/><display value="Bloc opératoire (y compris obstétrical et gynécologique)"/><designation><use><code value="OID"/></use><value value="urn:oid:1.2.250.1.213.2.2"/></designation></concept><concept><code value="09"/><display value="Autres unités médico-techniques (anesthésiologie, explor fonct, rééduc et réadapt fonct, pharmacie)"/><designation><use><code value="OID"/></use><value value="urn:oid:1.2.250.1.213.2.2"/></designation></concept><concept><code value="11"/><display value="Hébergement complet ou internat (non compris internat de semaine)"/><designation><use><code value="OID"/></use><value value="urn:oid:1.2.250.1.213.2.2"/></designation></concept><concept><code value="13"/><display value="Semi-internat"/><designation><use><code value="OID"/></use><value value="urn:oid:1.2.250.1.213.2.2"/></designation></concept><concept><code value="14"/><display value="Externat"/><designation><use><code value="OID"/></use><value value="urn:oid:1.2.250.1.213.2.2"/></designation></concept><concept><code value="15"/><display value="Placement en famille d'accueil (strictement social)"/><designation><use><code value="OID"/></use><value value="urn:oid:1.2.250.1.213.2.2"/></designation></concept><concept><code value="16"/><display value="Prestations sur le lieu de vie (non compris placement familial)"/><designation><use><code value="OID"/></use><value value="urn:oid:1.2.250.1.213.2.2"/></designation></concept><concept><code value="17"/><display value="Internat de semaine"/><designation><use><code value="OID"/></use><value value="urn:oid:1.2.250.1.213.2.2"/></designation></concept><concept><code value="18"/><display value="Hébergement de nuit en structure éclatée"/><designation><use><code value="OID"/></use><value value="urn:oid:1.2.250.1.213.2.2"/></designation></concept><concept><code value="19"/><display value="Traitement et cure ambulatoire"/><designation><use><code value="OID"/></use><value value="urn:oid:1.2.250.1.213.2.2"/></designation></concept><concept><code value="20"/><display value="Hospitalisation de semaine"/><designation><use><code value="OID"/></use><value value="urn:oid:1.2.250.1.213.2.2"/></designation></concept><concept><code value="21"/><display value="Accueil de Jour (sans distinction entre semi-internat et externat)"/><designation><use><code value="OID"/></use><value value="urn:oid:1.2.250.1.213.2.2"/></designation></concept><concept><code value="22"/><display value="Accueil de nuit"/><designation><use><code value="OID"/></use><value value="urn:oid:1.2.250.1.213.2.2"/></designation></concept><concept><code value="26"/><display value="Analyses médicales biologiques"/><designation><use><code value="OID"/></use><value value="urn:oid:1.2.250.1.213.2.2"/></designation></concept><concept><code value="27"/><display value="Accueil modulable/séquentiel"/><designation><use><code value="OID"/></use><value value="urn:oid:1.2.250.1.213.2.2"/></designation></concept><concept><code value="28"/><display value="Consultations dentaires et soins dentaires"/><designation><use><code value="OID"/></use><value value="urn:oid:1.2.250.1.213.2.2"/></designation></concept><concept><code value="33"/><display value="Recherche"/><designation><use><code value="OID"/></use><value value="urn:oid:1.2.250.1.213.2.2"/></designation></concept><concept><code value="37"/><display value="Accueil et prise en charge en appartement thérapeutique"/><designation><use><code value="OID"/></use><value value="urn:oid:1.2.250.1.213.2.2"/></designation></concept><concept><code value="40"/><display value="Accueil temporaire avec hébergement"/><designation><use><code value="OID"/></use><value value="urn:oid:1.2.250.1.213.2.2"/></designation></concept><concept><code value="42"/><display value="Equipe mobile de rue"/><designation><use><code value="OID"/></use><value value="urn:oid:1.2.250.1.213.2.2"/></designation></concept><concept><code value="43"/><display value="Tous modes d'accueil avec hébergement"/><designation><use><code value="OID"/></use><value value="urn:oid:1.2.250.1.213.2.2"/></designation></concept><concept><code value="44"/><display value="Accueil temporaire de jour"/><designation><use><code value="OID"/></use><value value="urn:oid:1.2.250.1.213.2.2"/></designation></concept><concept><code value="45"/><display value="Accueil temporaire (avec et sans hébergement)"/><designation><use><code value="OID"/></use><value value="urn:oid:1.2.250.1.213.2.2"/></designation></concept><concept><code value="46"/><display value="Tous modes d'accueil (avec et sans hébergement)"/><designation><use><code value="OID"/></use><value value="urn:oid:1.2.250.1.213.2.2"/></designation></concept><concept><code value="47"/><display value="Accueil de jour et accompagnement en milieu ordinaire"/><designation><use><code value="OID"/></use><value value="urn:oid:1.2.250.1.213.2.2"/></designation></concept><concept><code value="48"/><display value="Tous modes d'accueil et d'accompagnement"/><designation><use><code value="OID"/></use><value value="urn:oid:1.2.250.1.213.2.2"/></designation></concept><concept><code value="50"/><display value="Protection juridique"/><designation><use><code value="OID"/></use><value value="urn:oid:1.2.250.1.213.2.2"/></designation></concept><concept><code value="52"/><display value="Accompagnement social personnalisé"/><designation><use><code value="OID"/></use><value value="urn:oid:1.2.250.1.213.2.2"/></designation></concept><concept><code value="60"/><display value="Consultations et actes"/><designation><use><code value="OID"/></use><value value="urn:oid:1.2.250.1.213.2.2"/></designation></concept><concept><code value="97"/><display value="Type d'activité indifferencié"/><designation><use><code value="OID"/></use><value value="urn:oid:1.2.250.1.213.2.2"/></designation></concept></include><include><system value="https://mos.esante.gouv.fr/NOS/TRE_R02-SecteurActivite/FHIR/TRE-R02-SecteurActivite"/><concept><code value="SA05"/><display value="Centre de santé"/><designation><use><code value="OID"/></use><value value="urn:oid:1.2.250.1.71.4.2.4"/></designation></concept><concept><code value="SA06"/><display value="Autre structure du Service de santé des armées"/><designation><use><code value="OID"/></use><value value="urn:oid:1.2.250.1.71.4.2.4"/></designation></concept><concept><code value="SA07"/><display value="Cabinet individuel"/><designation><use><code value="OID"/></use><value value="urn:oid:1.2.250.1.71.4.2.4"/></designation></concept><concept><code value="SA08"/><display value="Cabinet de groupe"/><designation><use><code value="OID"/></use><value value="urn:oid:1.2.250.1.71.4.2.4"/></designation></concept><concept><code value="SA09"/><display value="Exercice en société"/><designation><use><code value="OID"/></use><value value="urn:oid:1.2.250.1.71.4.2.4"/></designation></concept><concept><code value="SA10"/><display value="Transporteur sanitaire"/><designation><use><code value="OID"/></use><value value="urn:oid:1.2.250.1.71.4.2.4"/></designation></concept><concept><code value="SA12"/><display value="Etablissement de soins et prévention"/><designation><use><code value="OID"/></use><value value="urn:oid:1.2.250.1.71.4.2.4"/></designation></concept><concept><code value="SA13"/><display value="Prévention et soins en entreprise"/><designation><use><code value="OID"/></use><value value="urn:oid:1.2.250.1.71.4.2.4"/></designation></concept><concept><code value="SA14"/><display value="Etablissements scolaires, universitaires et de formation hors champ FINESS"/><designation><use><code value="OID"/></use><value value="urn:oid:1.2.250.1.71.4.2.4"/></designation></concept><concept><code value="SA15"/><display value="PMI et Planification familiale"/><designation><use><code value="OID"/></use><value value="urn:oid:1.2.250.1.71.4.2.4"/></designation></concept><concept><code value="SA16"/><display value="Etablissement pour personnes handicapées"/><designation><use><code value="OID"/></use><value value="urn:oid:1.2.250.1.71.4.2.4"/></designation></concept><concept><code value="SA17"/><display value="Etablissement pour personnes âgées"/><designation><use><code value="OID"/></use><value value="urn:oid:1.2.250.1.71.4.2.4"/></designation></concept><concept><code value="SA18"/><display value="Etablissement aide à la famille"/><designation><use><code value="OID"/></use><value value="urn:oid:1.2.250.1.71.4.2.4"/></designation></concept><concept><code value="SA19"/><display value="Etablissements FINESS de formation aux professions sanitaires et sociales"/><designation><use><code value="OID"/></use><value value="urn:oid:1.2.250.1.71.4.2.4"/></designation></concept><concept><code value="SA20"/><display value="Etablissement pour la protection de l'enfance"/><designation><use><code value="OID"/></use><value value="urn:oid:1.2.250.1.71.4.2.4"/></designation></concept><concept><code value="SA21"/><display value="Etablissement d'hébergement et de réadaptation"/><designation><use><code value="OID"/></use><value value="urn:oid:1.2.250.1.71.4.2.4"/></designation></concept><concept><code value="SA22"/><display value="Recherche"/><designation><use><code value="OID"/></use><value value="urn:oid:1.2.250.1.71.4.2.4"/></designation></concept><concept><code value="SA23"/><display value="Assurance privée"/><designation><use><code value="OID"/></use><value value="urn:oid:1.2.250.1.71.4.2.4"/></designation></concept><concept><code value="SA24"/><display value="Organisme de sécurité sociale"/><designation><use><code value="OID"/></use><value value="urn:oid:1.2.250.1.71.4.2.4"/></designation></concept><concept><code value="SA25"/><display value="Laboratoire de biologie médicale"/><designation><use><code value="OID"/></use><value value="urn:oid:1.2.250.1.71.4.2.4"/></designation></concept><concept><code value="SA26"/><display value="Ministère ou Service déconcentré"/><designation><use><code value="OID"/></use><value value="urn:oid:1.2.250.1.71.4.2.4"/></designation></concept><concept><code value="SA27"/><display value="Collectivité territoriale"/><designation><use><code value="OID"/></use><value value="urn:oid:1.2.250.1.71.4.2.4"/></designation></concept><concept><code value="SA28"/><display value="Association ou organisme humanitaire"/><designation><use><code value="OID"/></use><value value="urn:oid:1.2.250.1.71.4.2.4"/></designation></concept><concept><code value="SA29"/><display value="Laboratoire d'analyses et de biologie médicale"/><designation><use><code value="OID"/></use><value value="urn:oid:1.2.250.1.71.4.2.4"/></designation></concept><concept><code value="SA30"/><display value="Autre établissement sanitaire"/><designation><use><code value="OID"/></use><value value="urn:oid:1.2.250.1.71.4.2.4"/></designation></concept><concept><code value="SA31"/><display value="Répartition et Distribution de médicaments et dispositifs médicaux"/><designation><use><code value="OID"/></use><value value="urn:oid:1.2.250.1.71.4.2.4"/></designation></concept><concept><code value="SA32"/><display value="Fabrication, Exploitation et Importation de médicaments et dispositifs médicaux"/><designation><use><code value="OID"/></use><value value="urn:oid:1.2.250.1.71.4.2.4"/></designation></concept><concept><code value="SA33"/><display value="Pharmacie d'officine"/><designation><use><code value="OID"/></use><value value="urn:oid:1.2.250.1.71.4.2.4"/></designation></concept><concept><code value="SA34"/><display value="Centre de dialyse"/><designation><use><code value="OID"/></use><value value="urn:oid:1.2.250.1.71.4.2.4"/></designation></concept><concept><code value="SA35"/><display value="Para-pharmacie"/><designation><use><code value="OID"/></use><value value="urn:oid:1.2.250.1.71.4.2.4"/></designation></concept><concept><code value="SA36"/><display value="Centre anti-cancer"/><designation><use><code value="OID"/></use><value value="urn:oid:1.2.250.1.71.4.2.4"/></designation></concept><concept><code value="SA37"/><display value="Centre de transfusion sanguine"/><designation><use><code value="OID"/></use><value value="urn:oid:1.2.250.1.71.4.2.4"/></designation></concept><concept><code value="SA38"/><display value="Pharmacie minière"/><designation><use><code value="OID"/></use><value value="urn:oid:1.2.250.1.71.4.2.4"/></designation></concept><concept><code value="SA39"/><display value="Pharmacie mutualiste"/><designation><use><code value="OID"/></use><value value="urn:oid:1.2.250.1.71.4.2.4"/></designation></concept><concept><code value="SA40"/><display value="Secteur privé, praticien hospitalier temps plein"/><designation><use><code value="OID"/></use><value value="urn:oid:1.2.250.1.71.4.2.4"/></designation></concept><concept><code value="SA41"/><display value="Autre établissement du domaine social ou médico-social"/><designation><use><code value="OID"/></use><value value="urn:oid:1.2.250.1.71.4.2.4"/></designation></concept><concept><code value="SA42"/><display value="Appareillage médical"/><designation><use><code value="OID"/></use><value value="urn:oid:1.2.250.1.71.4.2.4"/></designation></concept><concept><code value="SA43"/><display value="Secteur non défini"/><designation><use><code value="OID"/></use><value value="urn:oid:1.2.250.1.71.4.2.4"/></designation></concept><concept><code value="SA44"/><display value="Recrutement ou Gestion RH"/><designation><use><code value="OID"/></use><value value="urn:oid:1.2.250.1.71.4.2.4"/></designation></concept><concept><code value="SA45"/><display value="Communication, Marketing, Consulting, Média"/><designation><use><code value="OID"/></use><value value="urn:oid:1.2.250.1.71.4.2.4"/></designation></concept><concept><code value="SA46"/><display value="Fabrication, Exploitation, Importation, Répartition, Distribution médicaments et dispositifs médicaux"/><designation><use><code value="OID"/></use><value value="urn:oid:1.2.250.1.71.4.2.4"/></designation></concept><concept><code value="SA47"/><display value="Incendie et secours"/><designation><use><code value="OID"/></use><value value="urn:oid:1.2.250.1.71.4.2.4"/></designation></concept><concept><code value="SA48"/><display value="Entreprise industrielle et tertiaire hors industrie pharmaceutique"/><designation><use><code value="OID"/></use><value value="urn:oid:1.2.250.1.71.4.2.4"/></designation></concept><concept><code value="SA49"/><display value="Entité Outre-Mer"/><designation><use><code value="OID"/></use><value value="urn:oid:1.2.250.1.71.4.2.4"/></designation></concept><concept><code value="SA50"/><display value="Permanence des soins ambulatoires hors cabinet"/><designation><use><code value="OID"/></use><value value="urn:oid:1.2.250.1.71.4.2.4"/></designation></concept><concept><code value="SA51"/><display value="Structure de coopération avec autorisation de soins"/><designation><use><code value="OID"/></use><value value="urn:oid:1.2.250.1.71.4.2.4"/></designation></concept><concept><code value="SA52"/><display value="Maison de santé ou Pôle de santé"/><designation><use><code value="OID"/></use><value value="urn:oid:1.2.250.1.71.4.2.4"/></designation></concept><concept><code value="SA53"/><display value="Siège administratif d'un établissement de santé"/><designation><use><code value="OID"/></use><value value="urn:oid:1.2.250.1.71.4.2.4"/></designation></concept><concept><code value="SA54"/><display value="Centre de dépistage et de prévention"/><designation><use><code value="OID"/></use><value value="urn:oid:1.2.250.1.71.4.2.4"/></designation></concept><concept><code value="SA55"/><display value="Laboratoire pharmaceutique préparant et délivrant des allergènes"/><designation><use><code value="OID"/></use><value value="urn:oid:1.2.250.1.71.4.2.4"/></designation></concept><concept><code value="SA56"/><display value="Propharmacie"/><designation><use><code value="OID"/></use><value value="urn:oid:1.2.250.1.71.4.2.4"/></designation></concept><concept><code value="SA57"/><display value="Structure de coopération avec mission de coordination de soins"/><designation><use><code value="OID"/></use><value value="urn:oid:1.2.250.1.71.4.2.4"/></designation></concept><concept><code value="SA58"/><display value="Entreprise de taxis"/><designation><use><code value="OID"/></use><value value="urn:oid:1.2.250.1.71.4.2.4"/></designation></concept><concept><code value="SA59"/><display value="Laboratoire de biologie médicale hors catégorie standard"/><designation><use><code value="OID"/></use><value value="urn:oid:1.2.250.1.71.4.2.4"/></designation></concept><concept><code value="SA60"/><display value="Centres médicaux SNCF"/><designation><use><code value="OID"/></use><value value="urn:oid:1.2.250.1.71.4.2.4"/></designation></concept><concept><code value="SA61"/><display value="Structure Dispensatrice à domicile d'Oxygène à usage médical"/><designation><use><code value="OID"/></use><value value="urn:oid:1.2.250.1.71.4.2.4"/></designation></concept><concept><code value="SA63"/><display value="Communauté Professionnelle Territoriale de Santé"/><designation><use><code value="OID"/></use><value value="urn:oid:1.2.250.1.71.4.2.4"/></designation></concept></include><include><system value="https://mos.esante.gouv.fr/NOS/TRE_R276-FormeActivite/FHIR/TRE-R276-FormeActivite"/><concept><code value="05"/><display value="Hospitalisation à domicile (au domicile du patient)"/><designation><use><code value="OID"/></use><value value="urn:oid:1.2.250.1.213.1.6.1.128"/></designation></concept></include></compose></ValueSet>