<?xml version="1.0" encoding="UTF-8"?><ValueSet xmlns="http://hl7.org/fhir"><id value="JDV-J35-SpecialisationDePriseEnCharge-ROR"/><text><status value="generated"/><div xmlns="http://www.w3.org/1999/xhtml"><p>This value set includes codes based on the following rules:</p><ul><li>Include these codes as defined in <a href="CodeSystem-TRE-R245-SpecialisationDePriseEnCharge.html"><code>https://mos.esante.gouv.fr/NOS/TRE_R245-SpecialisationDePriseEnCharge/FHIR/TRE-R245-SpecialisationDePriseEnCharge</code></a><table class="none"><tr><td style="white-space:nowrap"><b>Code</b></td><td><b>Display</b></td></tr><tr><td><a href="CodeSystem-TRE-R245-SpecialisationDePriseEnCharge.html#TRE-R245-SpecialisationDePriseEnCharge-01">01</a></td><td>Troubles des conduites alimentaires (TCA)</td></tr><tr><td><a href="CodeSystem-TRE-R245-SpecialisationDePriseEnCharge.html#TRE-R245-SpecialisationDePriseEnCharge-02">02</a></td><td>Troubles du spectre de l'autisme</td></tr><tr><td><a href="CodeSystem-TRE-R245-SpecialisationDePriseEnCharge.html#TRE-R245-SpecialisationDePriseEnCharge-03">03</a></td><td>Troubles du déficit de l'attention avec ou sans hyperactivité (TDAH)</td></tr><tr><td><a href="CodeSystem-TRE-R245-SpecialisationDePriseEnCharge.html#TRE-R245-SpecialisationDePriseEnCharge-04">04</a></td><td>Troubles psychiques des victimes de violences sexuelles</td></tr><tr><td><a href="CodeSystem-TRE-R245-SpecialisationDePriseEnCharge.html#TRE-R245-SpecialisationDePriseEnCharge-05">05</a></td><td>Troubles psychiques des auteurs de violences sexuelles</td></tr><tr><td><a href="CodeSystem-TRE-R245-SpecialisationDePriseEnCharge.html#TRE-R245-SpecialisationDePriseEnCharge-06">06</a></td><td>Schizophrénie émergente</td></tr><tr><td><a href="CodeSystem-TRE-R245-SpecialisationDePriseEnCharge.html#TRE-R245-SpecialisationDePriseEnCharge-07">07</a></td><td>Troubles psychotiques (schizophrénie, délires)</td></tr><tr><td><a href="CodeSystem-TRE-R245-SpecialisationDePriseEnCharge.html#TRE-R245-SpecialisationDePriseEnCharge-08">08</a></td><td>Troubles de l'humeur (bipolaire, dépression...)</td></tr><tr><td><a href="CodeSystem-TRE-R245-SpecialisationDePriseEnCharge.html#TRE-R245-SpecialisationDePriseEnCharge-09">09</a></td><td>Troubles Obsessionnels Compulsifs (TOC)</td></tr><tr><td><a href="CodeSystem-TRE-R245-SpecialisationDePriseEnCharge.html#TRE-R245-SpecialisationDePriseEnCharge-10">10</a></td><td>Conduites addictives</td></tr><tr><td><a href="CodeSystem-TRE-R245-SpecialisationDePriseEnCharge.html#TRE-R245-SpecialisationDePriseEnCharge-11">11</a></td><td>Troubles spécifiques de la communication (dysphasie, bégaiement, etc.) et / ou des apprentissages (dyslexie, dysorthographie, dyscalculie) hors TSA</td></tr><tr><td><a href="CodeSystem-TRE-R245-SpecialisationDePriseEnCharge.html#TRE-R245-SpecialisationDePriseEnCharge-12">12</a></td><td>Troubles psychiques dûs à une affection organique ou à une lésion cérébrale (épilepsie...)</td></tr><tr><td><a href="CodeSystem-TRE-R245-SpecialisationDePriseEnCharge.html#TRE-R245-SpecialisationDePriseEnCharge-13">13</a></td><td>Démence dégénérative</td></tr><tr><td><a href="CodeSystem-TRE-R245-SpecialisationDePriseEnCharge.html#TRE-R245-SpecialisationDePriseEnCharge-14">14</a></td><td>Troubles du développement intellectuel (TDI)</td></tr><tr><td><a href="CodeSystem-TRE-R245-SpecialisationDePriseEnCharge.html#TRE-R245-SpecialisationDePriseEnCharge-16">16</a></td><td>Handicap psychique</td></tr><tr><td><a href="CodeSystem-TRE-R245-SpecialisationDePriseEnCharge.html#TRE-R245-SpecialisationDePriseEnCharge-17">17</a></td><td>Polyhandicap</td></tr><tr><td><a href="CodeSystem-TRE-R245-SpecialisationDePriseEnCharge.html#TRE-R245-SpecialisationDePriseEnCharge-18">18</a></td><td>Déficience auditive grave</td></tr><tr><td><a href="CodeSystem-TRE-R245-SpecialisationDePriseEnCharge.html#TRE-R245-SpecialisationDePriseEnCharge-19">19</a></td><td>Déficience visuelle grave</td></tr><tr><td><a href="CodeSystem-TRE-R245-SpecialisationDePriseEnCharge.html#TRE-R245-SpecialisationDePriseEnCharge-21">21</a></td><td>Handicap rare</td></tr><tr><td><a href="CodeSystem-TRE-R245-SpecialisationDePriseEnCharge.html#TRE-R245-SpecialisationDePriseEnCharge-22">22</a></td><td>Déficience à prédominance motrice</td></tr><tr><td><a href="CodeSystem-TRE-R245-SpecialisationDePriseEnCharge.html#TRE-R245-SpecialisationDePriseEnCharge-23">23</a></td><td>Handicap à prédominance cognitive</td></tr><tr><td><a href="CodeSystem-TRE-R245-SpecialisationDePriseEnCharge.html#TRE-R245-SpecialisationDePriseEnCharge-24">24</a></td><td>Handicap à prédominance cognitive avec trouble du comportement (dont traumatisé crânien, syndrome de Korsakoff,...)</td></tr><tr><td><a href="CodeSystem-TRE-R245-SpecialisationDePriseEnCharge.html#TRE-R245-SpecialisationDePriseEnCharge-25">25</a></td><td>Surdi-cécité avec ou sans troubles associés</td></tr><tr><td><a href="CodeSystem-TRE-R245-SpecialisationDePriseEnCharge.html#TRE-R245-SpecialisationDePriseEnCharge-26">26</a></td><td>Difficulté psychologique avec troubles du comportement</td></tr><tr><td><a href="CodeSystem-TRE-R245-SpecialisationDePriseEnCharge.html#TRE-R245-SpecialisationDePriseEnCharge-27">27</a></td><td>Troubles neuro-cognitifs chroniques (Alzheimer et apparentées) avec troubles du comportement perturbateurs</td></tr><tr><td><a href="CodeSystem-TRE-R245-SpecialisationDePriseEnCharge.html#TRE-R245-SpecialisationDePriseEnCharge-28">28</a></td><td>Maladies d'Alzheimer et apparentées</td></tr><tr><td><a href="CodeSystem-TRE-R245-SpecialisationDePriseEnCharge.html#TRE-R245-SpecialisationDePriseEnCharge-29">29</a></td><td>Maladies rares liées à une anomalie du développement embryonnaire</td></tr><tr><td><a href="CodeSystem-TRE-R245-SpecialisationDePriseEnCharge.html#TRE-R245-SpecialisationDePriseEnCharge-30">30</a></td><td>Maladies rares de l'infertilité</td></tr><tr><td><a href="CodeSystem-TRE-R245-SpecialisationDePriseEnCharge.html#TRE-R245-SpecialisationDePriseEnCharge-31">31</a></td><td>Maladies rares allergiques</td></tr><tr><td><a href="CodeSystem-TRE-R245-SpecialisationDePriseEnCharge.html#TRE-R245-SpecialisationDePriseEnCharge-32">32</a></td><td>Maladies rares cardiaques</td></tr><tr><td><a href="CodeSystem-TRE-R245-SpecialisationDePriseEnCharge.html#TRE-R245-SpecialisationDePriseEnCharge-33">33</a></td><td>Maladies rares chirurgicales abdominales</td></tr><tr><td><a href="CodeSystem-TRE-R245-SpecialisationDePriseEnCharge.html#TRE-R245-SpecialisationDePriseEnCharge-34">34</a></td><td>Maladies rares endocriniennes</td></tr><tr><td><a href="CodeSystem-TRE-R245-SpecialisationDePriseEnCharge.html#TRE-R245-SpecialisationDePriseEnCharge-35">35</a></td><td>Maladies rares gastro-entérologiques</td></tr><tr><td><a href="CodeSystem-TRE-R245-SpecialisationDePriseEnCharge.html#TRE-R245-SpecialisationDePriseEnCharge-36">36</a></td><td>Maladies rares génétiques</td></tr><tr><td><a href="CodeSystem-TRE-R245-SpecialisationDePriseEnCharge.html#TRE-R245-SpecialisationDePriseEnCharge-37">37</a></td><td>Maladies rares gynécologiques et obstétriques</td></tr><tr><td><a href="CodeSystem-TRE-R245-SpecialisationDePriseEnCharge.html#TRE-R245-SpecialisationDePriseEnCharge-38">38</a></td><td>Maladies rares hématologiques</td></tr><tr><td><a href="CodeSystem-TRE-R245-SpecialisationDePriseEnCharge.html#TRE-R245-SpecialisationDePriseEnCharge-39">39</a></td><td>Maladies rares hépatiques</td></tr><tr><td><a href="CodeSystem-TRE-R245-SpecialisationDePriseEnCharge.html#TRE-R245-SpecialisationDePriseEnCharge-40">40</a></td><td>Maladies rares immunologiques</td></tr><tr><td><a href="CodeSystem-TRE-R245-SpecialisationDePriseEnCharge.html#TRE-R245-SpecialisationDePriseEnCharge-41">41</a></td><td>Maladies rares infectieuses</td></tr><tr><td><a href="CodeSystem-TRE-R245-SpecialisationDePriseEnCharge.html#TRE-R245-SpecialisationDePriseEnCharge-42">42</a></td><td>Maladies rares métaboliques</td></tr><tr><td><a href="CodeSystem-TRE-R245-SpecialisationDePriseEnCharge.html#TRE-R245-SpecialisationDePriseEnCharge-43">43</a></td><td>Maladies rares néoplasiques</td></tr><tr><td><a href="CodeSystem-TRE-R245-SpecialisationDePriseEnCharge.html#TRE-R245-SpecialisationDePriseEnCharge-44">44</a></td><td>Maladies rares neurologiques</td></tr><tr><td><a href="CodeSystem-TRE-R245-SpecialisationDePriseEnCharge.html#TRE-R245-SpecialisationDePriseEnCharge-45">45</a></td><td>Maladies rares odontologiques</td></tr><tr><td><a href="CodeSystem-TRE-R245-SpecialisationDePriseEnCharge.html#TRE-R245-SpecialisationDePriseEnCharge-46">46</a></td><td>Maladies rares ophtalmiques</td></tr><tr><td><a href="CodeSystem-TRE-R245-SpecialisationDePriseEnCharge.html#TRE-R245-SpecialisationDePriseEnCharge-47">47</a></td><td>Maladies rares osseuses</td></tr><tr><td><a href="CodeSystem-TRE-R245-SpecialisationDePriseEnCharge.html#TRE-R245-SpecialisationDePriseEnCharge-48">48</a></td><td>Maladies rares oto-rhino-laryngologiques</td></tr><tr><td><a href="CodeSystem-TRE-R245-SpecialisationDePriseEnCharge.html#TRE-R245-SpecialisationDePriseEnCharge-49">49</a></td><td>Maladies rares de la peau</td></tr><tr><td><a href="CodeSystem-TRE-R245-SpecialisationDePriseEnCharge.html#TRE-R245-SpecialisationDePriseEnCharge-50">50</a></td><td>Maladies rares du système circulatoire</td></tr><tr><td><a href="CodeSystem-TRE-R245-SpecialisationDePriseEnCharge.html#TRE-R245-SpecialisationDePriseEnCharge-51">51</a></td><td>Maladies rares dues à des effets toxiques</td></tr><tr><td><a href="CodeSystem-TRE-R245-SpecialisationDePriseEnCharge.html#TRE-R245-SpecialisationDePriseEnCharge-52">52</a></td><td>Maladies rares liées à la transplantation</td></tr><tr><td><a href="CodeSystem-TRE-R245-SpecialisationDePriseEnCharge.html#TRE-R245-SpecialisationDePriseEnCharge-53">53</a></td><td>Maladies rares rénales</td></tr><tr><td><a href="CodeSystem-TRE-R245-SpecialisationDePriseEnCharge.html#TRE-R245-SpecialisationDePriseEnCharge-54">54</a></td><td>Maladies rares respiratoires</td></tr><tr><td><a href="CodeSystem-TRE-R245-SpecialisationDePriseEnCharge.html#TRE-R245-SpecialisationDePriseEnCharge-55">55</a></td><td>Maladies rares systémiques et rhumatologiques</td></tr><tr><td><a href="CodeSystem-TRE-R245-SpecialisationDePriseEnCharge.html#TRE-R245-SpecialisationDePriseEnCharge-56">56</a></td><td>Maladies rares systémiques ou rhumatologiques de l'enfant</td></tr><tr><td><a href="CodeSystem-TRE-R245-SpecialisationDePriseEnCharge.html#TRE-R245-SpecialisationDePriseEnCharge-57">57</a></td><td>Maladies rares thoraciques chirurgicales</td></tr><tr><td><a href="CodeSystem-TRE-R245-SpecialisationDePriseEnCharge.html#TRE-R245-SpecialisationDePriseEnCharge-58">58</a></td><td>Maladies rares urogénitales</td></tr><tr><td><a href="CodeSystem-TRE-R245-SpecialisationDePriseEnCharge.html#TRE-R245-SpecialisationDePriseEnCharge-59">59</a></td><td>Maladies rares liées à une malformation cardiaque</td></tr><tr><td><a href="CodeSystem-TRE-R245-SpecialisationDePriseEnCharge.html#TRE-R245-SpecialisationDePriseEnCharge-60">60</a></td><td>Maladies rares chirurgicales maxillo-faciales</td></tr><tr><td><a href="CodeSystem-TRE-R245-SpecialisationDePriseEnCharge.html#TRE-R245-SpecialisationDePriseEnCharge-61">61</a></td><td>Maladies rares liées à un trouble tératologique rare</td></tr><tr><td><a href="CodeSystem-TRE-R245-SpecialisationDePriseEnCharge.html#TRE-R245-SpecialisationDePriseEnCharge-62">62</a></td><td>Suicidant</td></tr><tr><td><a href="CodeSystem-TRE-R245-SpecialisationDePriseEnCharge.html#TRE-R245-SpecialisationDePriseEnCharge-63">63</a></td><td>Troubles de la personnalité sévères</td></tr><tr><td><a href="CodeSystem-TRE-R245-SpecialisationDePriseEnCharge.html#TRE-R245-SpecialisationDePriseEnCharge-64">64</a></td><td>Endométriose</td></tr><tr><td><a href="CodeSystem-TRE-R245-SpecialisationDePriseEnCharge.html#TRE-R245-SpecialisationDePriseEnCharge-65">65</a></td><td>Troubles anxieux</td></tr><tr><td><a href="CodeSystem-TRE-R245-SpecialisationDePriseEnCharge.html#TRE-R245-SpecialisationDePriseEnCharge-66">66</a></td><td>Troubles du neurodéveloppement à prédominance motrice (dont Trouble Développemental de la Coordination TDC, dyspraxie, mouvements stéréotypés, tics)</td></tr><tr><td><a href="CodeSystem-TRE-R245-SpecialisationDePriseEnCharge.html#TRE-R245-SpecialisationDePriseEnCharge-67">67</a></td><td>Trouble psychotraumatique (dont Troubles Stress Post-Traumatique)</td></tr></table></li><li>Include these codes as defined in <a href="CodeSystem-TRE-R211-ActiviteOperationnelle.html"><code>https://mos.esante.gouv.fr/NOS/TRE_R211-ActiviteOperationnelle/FHIR/TRE-R211-ActiviteOperationnelle</code></a><table class="none"><tr><td style="white-space:nowrap"><b>Code</b></td><td><b>Display</b></td></tr><tr><td><a href="CodeSystem-TRE-R211-ActiviteOperationnelle.html#TRE-R211-ActiviteOperationnelle-068">068</a></td><td>Troubles cognitifs ou du comportement et de la relation affective dus à une lésion cérébrale acquise</td></tr></table></li></ul></div></text><extension url="http://hl7.org/fhir/StructureDefinition/resource-effectivePeriod"><valuePeriod><start value="2017-10-13T12:00:00+01:00"/></valuePeriod></extension><url value="https://mos.esante.gouv.fr/NOS/JDV_J35-SpecialisationDePriseEnCharge-ROR/FHIR/JDV-J35-SpecialisationDePriseEnCharge-ROR"/><identifier><value value="urn:oid:1.2.250.1.213.3.3.42"/></identifier><version value="1.4.0"/><name value="JDV_J35-SpecialisationDePriseEnCharge-ROR"/><status value="active"/><date value="2024-10-25T12:00:00+01:00"/><publisher value="ANS"/><contact><name value="ANS"/><telecom><system value="url"/><value value="https://esante.gouv.fr"/></telecom></contact><description value="Spécialisation de prise en charge - ROR"/><compose><include><system value="https://mos.esante.gouv.fr/NOS/TRE_R245-SpecialisationDePriseEnCharge/FHIR/TRE-R245-SpecialisationDePriseEnCharge"/><concept><code value="01"/><display value="Troubles des conduites alimentaires (TCA)"/><designation><use><code value="OID"/></use><value value="urn:oid:1.2.250.1.213.3.3.41"/></designation></concept><concept><code value="02"/><display value="Troubles du spectre de l'autisme"/><designation><use><code value="OID"/></use><value value="urn:oid:1.2.250.1.213.3.3.41"/></designation></concept><concept><code value="03"/><display value="Troubles du déficit de l'attention avec ou sans hyperactivité (TDAH)"/><designation><use><code value="OID"/></use><value value="urn:oid:1.2.250.1.213.3.3.41"/></designation></concept><concept><code value="04"/><display value="Troubles psychiques des victimes de violences sexuelles"/><designation><use><code value="OID"/></use><value value="urn:oid:1.2.250.1.213.3.3.41"/></designation></concept><concept><code value="05"/><display value="Troubles psychiques des auteurs de violences sexuelles"/><designation><use><code value="OID"/></use><value value="urn:oid:1.2.250.1.213.3.3.41"/></designation></concept><concept><code value="06"/><display value="Schizophrénie émergente"/><designation><use><code value="OID"/></use><value value="urn:oid:1.2.250.1.213.3.3.41"/></designation></concept><concept><code value="07"/><display value="Troubles psychotiques (schizophrénie, délires)"/><designation><use><code value="OID"/></use><value value="urn:oid:1.2.250.1.213.3.3.41"/></designation></concept><concept><code value="08"/><display value="Troubles de l'humeur (bipolaire, dépression...)"/><designation><use><code value="OID"/></use><value value="urn:oid:1.2.250.1.213.3.3.41"/></designation></concept><concept><code value="09"/><display value="Troubles Obsessionnels Compulsifs (TOC)"/><designation><use><code value="OID"/></use><value value="urn:oid:1.2.250.1.213.3.3.41"/></designation></concept><concept><code value="10"/><display value="Conduites addictives"/><designation><use><code value="OID"/></use><value value="urn:oid:1.2.250.1.213.3.3.41"/></designation></concept><concept><code value="11"/><display value="Troubles spécifiques de la communication (dysphasie, bégaiement, etc.) et / ou des apprentissages (dyslexie, dysorthographie, dyscalculie) hors TSA"/><designation><use><code value="OID"/></use><value value="urn:oid:1.2.250.1.213.3.3.41"/></designation></concept><concept><code value="12"/><display value="Troubles psychiques dûs à une affection organique ou à une lésion cérébrale (épilepsie...)"/><designation><use><code value="OID"/></use><value value="urn:oid:1.2.250.1.213.3.3.41"/></designation></concept><concept><code value="13"/><display value="Démence dégénérative"/><designation><use><code value="OID"/></use><value value="urn:oid:1.2.250.1.213.3.3.41"/></designation></concept><concept><code value="14"/><display value="Troubles du développement intellectuel (TDI)"/><designation><use><code value="OID"/></use><value value="urn:oid:1.2.250.1.213.3.3.41"/></designation></concept><concept><code value="16"/><display value="Handicap psychique"/><designation><use><code value="OID"/></use><value value="urn:oid:1.2.250.1.213.3.3.41"/></designation></concept><concept><code value="17"/><display value="Polyhandicap"/><designation><use><code value="OID"/></use><value value="urn:oid:1.2.250.1.213.3.3.41"/></designation></concept><concept><code value="18"/><display value="Déficience auditive grave"/><designation><use><code value="OID"/></use><value value="urn:oid:1.2.250.1.213.3.3.41"/></designation></concept><concept><code value="19"/><display value="Déficience visuelle grave"/><designation><use><code value="OID"/></use><value value="urn:oid:1.2.250.1.213.3.3.41"/></designation></concept><concept><code value="21"/><display value="Handicap rare"/><designation><use><code value="OID"/></use><value value="urn:oid:1.2.250.1.213.3.3.41"/></designation></concept><concept><code value="22"/><display value="Déficience à prédominance motrice"/><designation><use><code value="OID"/></use><value value="urn:oid:1.2.250.1.213.3.3.41"/></designation></concept><concept><code value="23"/><display value="Handicap à prédominance cognitive"/><designation><use><code value="OID"/></use><value value="urn:oid:1.2.250.1.213.3.3.41"/></designation></concept><concept><code value="24"/><display value="Handicap à prédominance cognitive avec trouble du comportement (dont traumatisé crânien, syndrome de Korsakoff,...)"/><designation><use><code value="OID"/></use><value value="urn:oid:1.2.250.1.213.3.3.41"/></designation></concept><concept><code value="25"/><display value="Surdi-cécité avec ou sans troubles associés"/><designation><use><code value="OID"/></use><value value="urn:oid:1.2.250.1.213.3.3.41"/></designation></concept><concept><code value="26"/><display value="Difficulté psychologique avec troubles du comportement"/><designation><use><code value="OID"/></use><value value="urn:oid:1.2.250.1.213.3.3.41"/></designation></concept><concept><code value="27"/><display value="Troubles neuro-cognitifs chroniques (Alzheimer et apparentées) avec troubles du comportement perturbateurs"/><designation><use><code value="OID"/></use><value value="urn:oid:1.2.250.1.213.3.3.41"/></designation></concept><concept><code value="28"/><display value="Maladies d'Alzheimer et apparentées"/><designation><use><code value="OID"/></use><value value="urn:oid:1.2.250.1.213.3.3.41"/></designation></concept><concept><code value="29"/><display value="Maladies rares liées à une anomalie du développement embryonnaire"/><designation><use><code value="OID"/></use><value value="urn:oid:1.2.250.1.213.3.3.41"/></designation></concept><concept><code value="30"/><display value="Maladies rares de l'infertilité"/><designation><use><code value="OID"/></use><value value="urn:oid:1.2.250.1.213.3.3.41"/></designation></concept><concept><code value="31"/><display value="Maladies rares allergiques"/><designation><use><code value="OID"/></use><value value="urn:oid:1.2.250.1.213.3.3.41"/></designation></concept><concept><code value="32"/><display value="Maladies rares cardiaques"/><designation><use><code value="OID"/></use><value value="urn:oid:1.2.250.1.213.3.3.41"/></designation></concept><concept><code value="33"/><display value="Maladies rares chirurgicales abdominales"/><designation><use><code value="OID"/></use><value value="urn:oid:1.2.250.1.213.3.3.41"/></designation></concept><concept><code value="34"/><display value="Maladies rares endocriniennes"/><designation><use><code value="OID"/></use><value value="urn:oid:1.2.250.1.213.3.3.41"/></designation></concept><concept><code value="35"/><display value="Maladies rares gastro-entérologiques"/><designation><use><code value="OID"/></use><value value="urn:oid:1.2.250.1.213.3.3.41"/></designation></concept><concept><code value="36"/><display value="Maladies rares génétiques"/><designation><use><code value="OID"/></use><value value="urn:oid:1.2.250.1.213.3.3.41"/></designation></concept><concept><code value="37"/><display value="Maladies rares gynécologiques et obstétriques"/><designation><use><code value="OID"/></use><value value="urn:oid:1.2.250.1.213.3.3.41"/></designation></concept><concept><code value="38"/><display value="Maladies rares hématologiques"/><designation><use><code value="OID"/></use><value value="urn:oid:1.2.250.1.213.3.3.41"/></designation></concept><concept><code value="39"/><display value="Maladies rares hépatiques"/><designation><use><code value="OID"/></use><value value="urn:oid:1.2.250.1.213.3.3.41"/></designation></concept><concept><code value="40"/><display value="Maladies rares immunologiques"/><designation><use><code value="OID"/></use><value value="urn:oid:1.2.250.1.213.3.3.41"/></designation></concept><concept><code value="41"/><display value="Maladies rares infectieuses"/><designation><use><code value="OID"/></use><value value="urn:oid:1.2.250.1.213.3.3.41"/></designation></concept><concept><code value="42"/><display value="Maladies rares métaboliques"/><designation><use><code value="OID"/></use><value value="urn:oid:1.2.250.1.213.3.3.41"/></designation></concept><concept><code value="43"/><display value="Maladies rares néoplasiques"/><designation><use><code value="OID"/></use><value value="urn:oid:1.2.250.1.213.3.3.41"/></designation></concept><concept><code value="44"/><display value="Maladies rares neurologiques"/><designation><use><code value="OID"/></use><value value="urn:oid:1.2.250.1.213.3.3.41"/></designation></concept><concept><code value="45"/><display value="Maladies rares odontologiques"/><designation><use><code value="OID"/></use><value value="urn:oid:1.2.250.1.213.3.3.41"/></designation></concept><concept><code value="46"/><display value="Maladies rares ophtalmiques"/><designation><use><code value="OID"/></use><value value="urn:oid:1.2.250.1.213.3.3.41"/></designation></concept><concept><code value="47"/><display value="Maladies rares osseuses"/><designation><use><code value="OID"/></use><value value="urn:oid:1.2.250.1.213.3.3.41"/></designation></concept><concept><code value="48"/><display value="Maladies rares oto-rhino-laryngologiques"/><designation><use><code value="OID"/></use><value value="urn:oid:1.2.250.1.213.3.3.41"/></designation></concept><concept><code value="49"/><display value="Maladies rares de la peau"/><designation><use><code value="OID"/></use><value value="urn:oid:1.2.250.1.213.3.3.41"/></designation></concept><concept><code value="50"/><display value="Maladies rares du système circulatoire"/><designation><use><code value="OID"/></use><value value="urn:oid:1.2.250.1.213.3.3.41"/></designation></concept><concept><code value="51"/><display value="Maladies rares dues à des effets toxiques"/><designation><use><code value="OID"/></use><value value="urn:oid:1.2.250.1.213.3.3.41"/></designation></concept><concept><code value="52"/><display value="Maladies rares liées à la transplantation"/><designation><use><code value="OID"/></use><value value="urn:oid:1.2.250.1.213.3.3.41"/></designation></concept><concept><code value="53"/><display value="Maladies rares rénales"/><designation><use><code value="OID"/></use><value value="urn:oid:1.2.250.1.213.3.3.41"/></designation></concept><concept><code value="54"/><display value="Maladies rares respiratoires"/><designation><use><code value="OID"/></use><value value="urn:oid:1.2.250.1.213.3.3.41"/></designation></concept><concept><code value="55"/><display value="Maladies rares systémiques et rhumatologiques"/><designation><use><code value="OID"/></use><value value="urn:oid:1.2.250.1.213.3.3.41"/></designation></concept><concept><code value="56"/><display value="Maladies rares systémiques ou rhumatologiques de l'enfant"/><designation><use><code value="OID"/></use><value value="urn:oid:1.2.250.1.213.3.3.41"/></designation></concept><concept><code value="57"/><display value="Maladies rares thoraciques chirurgicales"/><designation><use><code value="OID"/></use><value value="urn:oid:1.2.250.1.213.3.3.41"/></designation></concept><concept><code value="58"/><display value="Maladies rares urogénitales"/><designation><use><code value="OID"/></use><value value="urn:oid:1.2.250.1.213.3.3.41"/></designation></concept><concept><code value="59"/><display value="Maladies rares liées à une malformation cardiaque"/><designation><use><code value="OID"/></use><value value="urn:oid:1.2.250.1.213.3.3.41"/></designation></concept><concept><code value="60"/><display value="Maladies rares chirurgicales maxillo-faciales"/><designation><use><code value="OID"/></use><value value="urn:oid:1.2.250.1.213.3.3.41"/></designation></concept><concept><code value="61"/><display value="Maladies rares liées à un trouble tératologique rare"/><designation><use><code value="OID"/></use><value value="urn:oid:1.2.250.1.213.3.3.41"/></designation></concept><concept><code value="62"/><display value="Suicidant"/><designation><use><code value="OID"/></use><value value="urn:oid:1.2.250.1.213.3.3.41"/></designation></concept><concept><code value="63"/><display value="Troubles de la personnalité sévères"/><designation><use><code value="OID"/></use><value value="urn:oid:1.2.250.1.213.3.3.41"/></designation></concept><concept><code value="64"/><display value="Endométriose"/><designation><use><code value="OID"/></use><value value="urn:oid:1.2.250.1.213.3.3.41"/></designation></concept><concept><code value="65"/><display value="Troubles anxieux"/><designation><use><code value="OID"/></use><value value="urn:oid:1.2.250.1.213.3.3.41"/></designation></concept><concept><code value="66"/><display value="Troubles du neurodéveloppement à prédominance motrice (dont Trouble Développemental de la Coordination TDC, dyspraxie, mouvements stéréotypés, tics)"/><designation><use><code value="OID"/></use><value value="urn:oid:1.2.250.1.213.3.3.41"/></designation></concept><concept><code value="67"/><display value="Trouble psychotraumatique (dont Troubles Stress Post-Traumatique)"/><designation><use><code value="OID"/></use><value value="urn:oid:1.2.250.1.213.3.3.41"/></designation></concept></include><include><system value="https://mos.esante.gouv.fr/NOS/TRE_R211-ActiviteOperationnelle/FHIR/TRE-R211-ActiviteOperationnelle"/><concept><code value="068"/><display value="Troubles cognitifs ou du comportement et de la relation affective dus à une lésion cérébrale acquise"/><designation><use><code value="OID"/></use><value value="urn:oid:1.2.250.1.213.3.3.12"/></designation></concept></include></compose></ValueSet>