<?xml version="1.0" encoding="UTF-8"?><CodeSystem xmlns="http://hl7.org/fhir"><id value="TRE-G20-Specialisation"/><text><status value="generated"/><div xmlns="http://www.w3.org/1999/xhtml"><p><b>Properties</b></p><p><b>This code system  defines the following properties for its concepts</b></p><table class="grid"><tr><td><b>Code</b></td><td><b>Type</b></td><td><b>Description</b></td></tr><tr><td>dateValid</td><td>dateTime</td><td>date de validité d'un code concept</td></tr><tr><td>dateMaj</td><td>dateTime</td><td>Date de mise à jour d'un code concept</td></tr><tr><td>dateFin</td><td>dateTime</td><td>Date de fin d'exploitation d'un code concept</td></tr></table><p><b>Concepts</b></p><p>This  code system <code>https://mos.esante.gouv.fr/NOS/TRE_G20-Specialisation/FHIR/TRE-G20-Specialisation</code> defines the following codes:</p><table class="codes"><tr><td style="white-space:nowrap"><b>Code</b></td><td><b>Display</b></td><td><b>dateValid</b></td><td><b>dateMaj</b></td></tr><tr><td style="white-space:nowrap">05<a name="TRE-G20-Specialisation-05"> </a></td><td>Formation supérieure de Service social</td><td>2000-12-13T00:00:00+01:00</td><td>2016-09-01T00:00:00+01:00</td></tr><tr><td style="white-space:nowrap">07<a name="TRE-G20-Specialisation-07"> </a></td><td>Diplôme d'Etat de puériculture</td><td>2000-12-13T00:00:00+01:00</td><td>2000-12-13T00:00:00+01:00</td></tr><tr><td style="white-space:nowrap">51<a name="TRE-G20-Specialisation-51"> </a></td><td>Cadre Sage-Femme</td><td>2000-12-13T00:00:00+01:00</td><td>2000-12-13T00:00:00+01:00</td></tr><tr><td style="white-space:nowrap">61<a name="TRE-G20-Specialisation-61"> </a></td><td>Infirmier anesthésiste</td><td>2000-12-13T00:00:00+01:00</td><td>2000-12-13T00:00:00+01:00</td></tr><tr><td style="white-space:nowrap">62<a name="TRE-G20-Specialisation-62"> </a></td><td>Infirmier de bloc opératoire</td><td>2000-12-13T00:00:00+01:00</td><td>2000-12-13T00:00:00+01:00</td></tr><tr><td style="white-space:nowrap">63<a name="TRE-G20-Specialisation-63"> </a></td><td>Infirmier cadre de santé publique</td><td>2000-12-13T00:00:00+01:00</td><td>2016-09-01T00:00:00+01:00</td></tr><tr><td style="white-space:nowrap">64<a name="TRE-G20-Specialisation-64"> </a></td><td>Cadre Infirmier</td><td>2000-12-13T00:00:00+01:00</td><td>2000-12-13T00:00:00+01:00</td></tr><tr><td style="white-space:nowrap">65<a name="TRE-G20-Specialisation-65"> </a></td><td>Cadre Infirmier psychiatrique</td><td>2000-12-13T00:00:00+01:00</td><td>2000-12-13T00:00:00+01:00</td></tr><tr><td style="white-space:nowrap">71<a name="TRE-G20-Specialisation-71"> </a></td><td>Cadre Masseur-Kinésithérapeute</td><td>2000-12-13T00:00:00+01:00</td><td>2000-12-13T00:00:00+01:00</td></tr><tr><td style="white-space:nowrap">94<a name="TRE-G20-Specialisation-94"> </a></td><td>Cadre Ergothérapeute</td><td>2000-12-13T00:00:00+01:00</td><td>2000-12-13T00:00:00+01:00</td></tr><tr><td style="white-space:nowrap">96<a name="TRE-G20-Specialisation-96"> </a></td><td>Cadre Psychomotricien</td><td>2000-12-13T00:00:00+01:00</td><td>2000-12-13T00:00:00+01:00</td></tr><tr><td style="white-space:nowrap">98<a name="TRE-G20-Specialisation-98"> </a></td><td>Cadre Manipulateur ERM (électro-radiologie médicale)</td><td>2000-12-13T00:00:00+01:00</td><td>2016-09-01T00:00:00+01:00</td></tr><tr><td style="white-space:nowrap">99<a name="TRE-G20-Specialisation-99"> </a></td><td>Cadre de santé</td><td>2000-12-13T00:00:00+01:00</td><td>2000-12-13T00:00:00+01:00</td></tr></table></div></text><extension url="http://hl7.org/fhir/StructureDefinition/resource-effectivePeriod"><valuePeriod><start value="2015-12-29T00:00:00+01:00"/></valuePeriod></extension><url value="https://mos.esante.gouv.fr/NOS/TRE_G20-Specialisation/FHIR/TRE-G20-Specialisation"/><identifier><value value="urn:oid:1.2.250.1.71.1.2.24"/></identifier><version value="1.1.0"/><name value="TRE_G20-Specialisation"/><status value="active"/><date value="2020-04-24T12:00:00+01:00"/><publisher value="ANS"/><contact><name value="ANS"/><telecom><system value="url"/><value value="https://esante.gouv.fr"/></telecom></contact><description value="Spécialisation"/><content value="complete"/><property><code value="dateValid"/><description value="date de validité d'un code concept"/><type value="dateTime"/></property><property><code value="dateMaj"/><description value="Date de mise à jour d'un code concept"/><type value="dateTime"/></property><property><code value="dateFin"/><description value="Date de fin d'exploitation d'un code concept"/><type value="dateTime"/></property><concept><code value="05"/><display value="Formation supérieure de Service social"/><designation><use><code value="LibelleCourt"/></use><value value="Formation sup Service social"/></designation><designation><use><code value="LibelleAdapte"/></use><value value="Formation supérieure de Service social"/></designation><property><code value="dateValid"/><valueDateTime value="2000-12-13T00:00:00+01:00"/></property><property><code value="dateMaj"/><valueDateTime value="2016-09-01T00:00:00+01:00"/></property></concept><concept><code value="07"/><display value="Diplôme d'Etat de puériculture"/><designation><use><code value="LibelleCourt"/></use><value value="Diplôme d'Etat de puériculture"/></designation><designation><use><code value="LibelleAdapte"/></use><value value="Diplôme d'Etat de puériculture"/></designation><property><code value="dateValid"/><valueDateTime value="2000-12-13T00:00:00+01:00"/></property><property><code value="dateMaj"/><valueDateTime value="2000-12-13T00:00:00+01:00"/></property></concept><concept><code value="51"/><display value="Cadre Sage-Femme"/><designation><use><code value="LibelleCourt"/></use><value value="Cadre Sage-Femme"/></designation><designation><use><code value="LibelleAdapte"/></use><value value="Cadre Sage-Femme"/></designation><property><code value="dateValid"/><valueDateTime value="2000-12-13T00:00:00+01:00"/></property><property><code value="dateMaj"/><valueDateTime value="2000-12-13T00:00:00+01:00"/></property></concept><concept><code value="61"/><display value="Infirmier anesthésiste"/><designation><use><code value="LibelleCourt"/></use><value value="Infirmier anesthésiste"/></designation><designation><use><code value="LibelleAdapte"/></use><value value="Infirmier anesthésiste"/></designation><property><code value="dateValid"/><valueDateTime value="2000-12-13T00:00:00+01:00"/></property><property><code value="dateMaj"/><valueDateTime value="2000-12-13T00:00:00+01:00"/></property></concept><concept><code value="62"/><display value="Infirmier de bloc opératoire"/><designation><use><code value="LibelleCourt"/></use><value value="Infirmier de bloc opératoire"/></designation><designation><use><code value="LibelleAdapte"/></use><value value="Infirmier de bloc opératoire"/></designation><property><code value="dateValid"/><valueDateTime value="2000-12-13T00:00:00+01:00"/></property><property><code value="dateMaj"/><valueDateTime value="2000-12-13T00:00:00+01:00"/></property></concept><concept><code value="63"/><display value="Infirmier cadre de santé publique"/><designation><use><code value="LibelleCourt"/></use><value value="Infirmier cadre santé publique"/></designation><designation><use><code value="LibelleAdapte"/></use><value value="Infirmier cadre de santé publique"/></designation><property><code value="dateValid"/><valueDateTime value="2000-12-13T00:00:00+01:00"/></property><property><code value="dateMaj"/><valueDateTime value="2016-09-01T00:00:00+01:00"/></property></concept><concept><code value="64"/><display value="Cadre Infirmier"/><designation><use><code value="LibelleCourt"/></use><value value="Cadre Infirmier"/></designation><designation><use><code value="LibelleAdapte"/></use><value value="Cadre Infirmier"/></designation><property><code value="dateValid"/><valueDateTime value="2000-12-13T00:00:00+01:00"/></property><property><code value="dateMaj"/><valueDateTime value="2000-12-13T00:00:00+01:00"/></property></concept><concept><code value="65"/><display value="Cadre Infirmier psychiatrique"/><designation><use><code value="LibelleCourt"/></use><value value="Cadre Infirmier psychiatrique"/></designation><designation><use><code value="LibelleAdapte"/></use><value value="Cadre Infirmier psychiatrique"/></designation><property><code value="dateValid"/><valueDateTime value="2000-12-13T00:00:00+01:00"/></property><property><code value="dateMaj"/><valueDateTime value="2000-12-13T00:00:00+01:00"/></property></concept><concept><code value="71"/><display value="Cadre Masseur-Kinésithérapeute"/><designation><use><code value="LibelleCourt"/></use><value value="Cadre Masseur-Kinésithérapeute"/></designation><designation><use><code value="LibelleAdapte"/></use><value value="Cadre Masseur-Kinésithérapeute"/></designation><property><code value="dateValid"/><valueDateTime value="2000-12-13T00:00:00+01:00"/></property><property><code value="dateMaj"/><valueDateTime value="2000-12-13T00:00:00+01:00"/></property></concept><concept><code value="94"/><display value="Cadre Ergothérapeute"/><designation><use><code value="LibelleCourt"/></use><value value="Cadre Ergothérapeute"/></designation><designation><use><code value="LibelleAdapte"/></use><value value="Cadre Ergothérapeute"/></designation><property><code value="dateValid"/><valueDateTime value="2000-12-13T00:00:00+01:00"/></property><property><code value="dateMaj"/><valueDateTime value="2000-12-13T00:00:00+01:00"/></property></concept><concept><code value="96"/><display value="Cadre Psychomotricien"/><designation><use><code value="LibelleCourt"/></use><value value="Cadre Psychomotricien"/></designation><designation><use><code value="LibelleAdapte"/></use><value value="Cadre Psychomotricien"/></designation><property><code value="dateValid"/><valueDateTime value="2000-12-13T00:00:00+01:00"/></property><property><code value="dateMaj"/><valueDateTime value="2000-12-13T00:00:00+01:00"/></property></concept><concept><code value="98"/><display value="Cadre Manipulateur ERM (électro-radiologie médicale)"/><designation><use><code value="LibelleCourt"/></use><value value="Cadre Manipulateur ERM"/></designation><designation><use><code value="LibelleAdapte"/></use><value value="Cadre Manipulateur ERM (électro-radiologie médicale)"/></designation><property><code value="dateValid"/><valueDateTime value="2000-12-13T00:00:00+01:00"/></property><property><code value="dateMaj"/><valueDateTime value="2016-09-01T00:00:00+01:00"/></property></concept><concept><code value="99"/><display value="Cadre de santé"/><designation><use><code value="LibelleCourt"/></use><value value="Cadre de santé"/></designation><designation><use><code value="LibelleAdapte"/></use><value value="Cadre de santé"/></designation><property><code value="dateValid"/><valueDateTime value="2000-12-13T00:00:00+01:00"/></property><property><code value="dateMaj"/><valueDateTime value="2000-12-13T00:00:00+01:00"/></property></concept></CodeSystem>