<?xml version="1.0" encoding="UTF-8" standalone="no"?>
<ValueSet xmlns="http://hl7.org/fhir">
  <id value="JDV-J134-FormeActivite-RASS"/>
  <extension url="http://hl7.org/fhir/StructureDefinition/resource-effectivePeriod">
    <valuePeriod>
      <start value="2020-11-27T12:00:00+01:00"/>
    </valuePeriod>
  </extension>
  <url value="https://mos.esante.gouv.fr/NOS/JDV_J134-FormeActivite-RASS/FHIR/JDV-J134-FormeActivite-RASS"/>
  <identifier>
    <value value="urn:oid:1.2.250.1.213.1.6.1.220"/>
  </identifier>
  <version value="20201127120000"/>
  <name value="JDV_J134-FormeActivite-RASS"/>
  <status value="active"/>
  <date value="2020-11-27T12:00:00+01:00"/>
  <description value="Type d'organisation de prise en charge du RASS"/>
  <compose>
    <include>
      <system value="https://mos.esante.gouv.fr/NOS/TRE_R276-FormeActivite/FHIR/TRE-R276-FormeActivite"/>
      <concept>
        <code value="00"/>
        <display value="Pas de forme"/>
        <designation>
          <use>
            <code value="OID"/>
          </use>
          <value value="urn:oid:1.2.250.1.213.1.6.1.128"/>
        </designation>
      </concept>
      <concept>
        <code value="01"/>
        <display value="Hospitalisation complète (24 heures consécutives ou plus)"/>
        <designation>
          <use>
            <code value="OID"/>
          </use>
          <value value="urn:oid:1.2.250.1.213.1.6.1.128"/>
        </designation>
      </concept>
      <concept>
        <code value="02"/>
        <display value="Hospitalisation à temps partiel de jour ou de nuit"/>
        <designation>
          <use>
            <code value="OID"/>
          </use>
          <value value="urn:oid:1.2.250.1.213.1.6.1.128"/>
        </designation>
      </concept>
      <concept>
        <code value="03"/>
        <display value="Hospitalisation à temps partiel de jour"/>
        <designation>
          <use>
            <code value="OID"/>
          </use>
          <value value="urn:oid:1.2.250.1.213.1.6.1.128"/>
        </designation>
      </concept>
      <concept>
        <code value="04"/>
        <display value="Hospitalisation à temps partiel de nuit"/>
        <designation>
          <use>
            <code value="OID"/>
          </use>
          <value value="urn:oid:1.2.250.1.213.1.6.1.128"/>
        </designation>
      </concept>
      <concept>
        <code value="05"/>
        <display value="Hospitalisation à domicile (au domicile du patient)"/>
        <designation>
          <use>
            <code value="OID"/>
          </use>
          <value value="urn:oid:1.2.250.1.213.1.6.1.128"/>
        </designation>
      </concept>
      <concept>
        <code value="06"/>
        <display value="Anesthésie ambulatoire"/>
        <designation>
          <use>
            <code value="OID"/>
          </use>
          <value value="urn:oid:1.2.250.1.213.1.6.1.128"/>
        </designation>
      </concept>
      <concept>
        <code value="07"/>
        <display value="Chirurgie ambulatoire"/>
        <designation>
          <use>
            <code value="OID"/>
          </use>
          <value value="urn:oid:1.2.250.1.213.1.6.1.128"/>
        </designation>
      </concept>
      <concept>
        <code value="08"/>
        <display value="Consultation extérieure indifférenciée"/>
        <designation>
          <use>
            <code value="OID"/>
          </use>
          <value value="urn:oid:1.2.250.1.213.1.6.1.128"/>
        </designation>
      </concept>
      <concept>
        <code value="09"/>
        <display value="Placement familial thérapeutique"/>
        <designation>
          <use>
            <code value="OID"/>
          </use>
          <value value="urn:oid:1.2.250.1.213.1.6.1.128"/>
        </designation>
      </concept>
      <concept>
        <code value="10"/>
        <display value="Appartement thérapeutique"/>
        <designation>
          <use>
            <code value="OID"/>
          </use>
          <value value="urn:oid:1.2.250.1.213.1.6.1.128"/>
        </designation>
      </concept>
      <concept>
        <code value="13"/>
        <display value="Saisonnier"/>
        <designation>
          <use>
            <code value="OID"/>
          </use>
          <value value="urn:oid:1.2.250.1.213.1.6.1.128"/>
        </designation>
      </concept>
      <concept>
        <code value="14"/>
        <display value="Non saisonnier"/>
        <designation>
          <use>
            <code value="OID"/>
          </use>
          <value value="urn:oid:1.2.250.1.213.1.6.1.128"/>
        </designation>
      </concept>
      <concept>
        <code value="15"/>
        <display value="Forme non précisée"/>
        <designation>
          <use>
            <code value="OID"/>
          </use>
          <value value="urn:oid:1.2.250.1.213.1.6.1.128"/>
        </designation>
      </concept>
      <concept>
        <code value="20"/>
        <display value="Personne décédée présentant un arrêt cardiaque et respiratoire persistant"/>
        <designation>
          <use>
            <code value="OID"/>
          </use>
          <value value="urn:oid:1.2.250.1.213.1.6.1.128"/>
        </designation>
      </concept>
      <concept>
        <code value="21"/>
        <display value="Personne décédée assist par ventil mécanique avec une fonct hémodynamique"/>
        <designation>
          <use>
            <code value="OID"/>
          </use>
          <value value="urn:oid:1.2.250.1.213.1.6.1.128"/>
        </designation>
      </concept>
      <concept>
        <code value="22"/>
        <display value="Personne vivante"/>
        <designation>
          <use>
            <code value="OID"/>
          </use>
          <value value="urn:oid:1.2.250.1.213.1.6.1.128"/>
        </designation>
      </concept>
      <concept>
        <code value="24"/>
        <display value="Centre correspondant"/>
        <designation>
          <use>
            <code value="OID"/>
          </use>
          <value value="urn:oid:1.2.250.1.213.1.6.1.128"/>
        </designation>
      </concept>
      <concept>
        <code value="25"/>
        <display value="Centre de référence"/>
        <designation>
          <use>
            <code value="OID"/>
          </use>
          <value value="urn:oid:1.2.250.1.213.1.6.1.128"/>
        </designation>
      </concept>
      <concept>
        <code value="27"/>
        <display value="Consultations gériatriques avancées"/>
        <designation>
          <use>
            <code value="OID"/>
          </use>
          <value value="urn:oid:1.2.250.1.213.1.6.1.128"/>
        </designation>
      </concept>
      <concept>
        <code value="28"/>
        <display value="Equipe mobile"/>
        <designation>
          <use>
            <code value="OID"/>
          </use>
          <value value="urn:oid:1.2.250.1.213.1.6.1.128"/>
        </designation>
      </concept>
      <concept>
        <code value="30"/>
        <display value="Centre"/>
        <designation>
          <use>
            <code value="OID"/>
          </use>
          <value value="urn:oid:1.2.250.1.213.1.6.1.128"/>
        </designation>
      </concept>
      <concept>
        <code value="31"/>
        <display value="Centre ressources"/>
        <designation>
          <use>
            <code value="OID"/>
          </use>
          <value value="urn:oid:1.2.250.1.213.1.6.1.128"/>
        </designation>
      </concept>
      <concept>
        <code value="32"/>
        <display value="Centre spécialisé"/>
        <designation>
          <use>
            <code value="OID"/>
          </use>
          <value value="urn:oid:1.2.250.1.213.1.6.1.128"/>
        </designation>
      </concept>
      <concept>
        <code value="33"/>
        <display value="CMP"/>
        <designation>
          <use>
            <code value="OID"/>
          </use>
          <value value="urn:oid:1.2.250.1.213.1.6.1.128"/>
        </designation>
      </concept>
      <concept>
        <code value="34"/>
        <display value="Consultations"/>
        <designation>
          <use>
            <code value="OID"/>
          </use>
          <value value="urn:oid:1.2.250.1.213.1.6.1.128"/>
        </designation>
      </concept>
      <concept>
        <code value="35"/>
        <display value="Consultations mémoire"/>
        <designation>
          <use>
            <code value="OID"/>
          </use>
          <value value="urn:oid:1.2.250.1.213.1.6.1.128"/>
        </designation>
      </concept>
      <concept>
        <code value="36"/>
        <display value="Equipe de liaison"/>
        <designation>
          <use>
            <code value="OID"/>
          </use>
          <value value="urn:oid:1.2.250.1.213.1.6.1.128"/>
        </designation>
      </concept>
      <concept>
        <code value="37"/>
        <display value="H.A.D."/>
        <designation>
          <use>
            <code value="OID"/>
          </use>
          <value value="urn:oid:1.2.250.1.213.1.6.1.128"/>
        </designation>
      </concept>
      <concept>
        <code value="38"/>
        <display value="Ligne d'astreinte PDSES Nuit totale"/>
        <designation>
          <use>
            <code value="OID"/>
          </use>
          <value value="urn:oid:1.2.250.1.213.1.6.1.128"/>
        </designation>
      </concept>
      <concept>
        <code value="39"/>
        <display value="Ligne d'astreinte PDSES Première partie de nuit"/>
        <designation>
          <use>
            <code value="OID"/>
          </use>
          <value value="urn:oid:1.2.250.1.213.1.6.1.128"/>
        </designation>
      </concept>
      <concept>
        <code value="40"/>
        <display value="Ligne de garde PDSES Nuit totale"/>
        <designation>
          <use>
            <code value="OID"/>
          </use>
          <value value="urn:oid:1.2.250.1.213.1.6.1.128"/>
        </designation>
      </concept>
      <concept>
        <code value="41"/>
        <display value="Pôle d'évaluation"/>
        <designation>
          <use>
            <code value="OID"/>
          </use>
          <value value="urn:oid:1.2.250.1.213.1.6.1.128"/>
        </designation>
      </concept>
      <concept>
        <code value="42"/>
        <display value="Unité d'hébergement renforcée (UHR)"/>
        <designation>
          <use>
            <code value="OID"/>
          </use>
          <value value="urn:oid:1.2.250.1.213.1.6.1.128"/>
        </designation>
      </concept>
      <concept>
        <code value="44"/>
        <display value="Consultations d'évaluation pluri professionnelles post AVC"/>
        <designation>
          <use>
            <code value="OID"/>
          </use>
          <value value="urn:oid:1.2.250.1.213.1.6.1.128"/>
        </designation>
      </concept>
      <concept>
        <code value="47"/>
        <display value="Ligne de garde PDSES première partie de nuit"/>
        <designation>
          <use>
            <code value="OID"/>
          </use>
          <value value="urn:oid:1.2.250.1.213.1.6.1.128"/>
        </designation>
      </concept>
      <concept>
        <code value="48"/>
        <display value="Ligne d'astreinte PDSES Week-end et jours fériés"/>
        <designation>
          <use>
            <code value="OID"/>
          </use>
          <value value="urn:oid:1.2.250.1.213.1.6.1.128"/>
        </designation>
      </concept>
      <concept>
        <code value="49"/>
        <display value="Ligne d'astreinte PDSES Première partie de nuit en semaine (Lundi au vendredi)"/>
        <designation>
          <use>
            <code value="OID"/>
          </use>
          <value value="urn:oid:1.2.250.1.213.1.6.1.128"/>
        </designation>
      </concept>
    </include>
  </compose>
</ValueSet>
