<?xml version="1.0" encoding="UTF-8" standalone="no"?>
<ValueSet xmlns="http://hl7.org/fhir">
  <id value="JDV-J92-MotifFinActivite-RASS"/>
  <extension url="http://hl7.org/fhir/StructureDefinition/resource-effectivePeriod">
    <valuePeriod>
      <start value="2019-08-30T12:00:00+01:00"/>
    </valuePeriod>
  </extension>
  <url value="https://mos.esante.gouv.fr/NOS/JDV_J92-MotifFinActivite-RASS/FHIR/JDV-J92-MotifFinActivite-RASS"/>
  <identifier>
    <value value="urn:oid:1.2.250.1.213.1.6.1.160"/>
  </identifier>
  <version value="20200424120000"/>
  <name value="JDV_J92-MotifFinActivite-RASS"/>
  <status value="active"/>
  <date value="2020-04-24T12:00:00+01:00"/>
  <description value="Motifs de fin d'activité d'un professionnel du RASS"/>
  <compose>
    <include>
      <system value="https://mos.esante.gouv.fr/NOS/TRE_R25-MotifFinActivite/FHIR/TRE-R25-MotifFinActivite"/>
      <concept>
        <code value="AUT"/>
        <display value="Autre motif"/>
        <designation>
          <use>
            <code value="OID"/>
          </use>
          <value value="urn:oid:1.2.250.1.213.1.6.1.20"/>
        </designation>
      </concept>
      <concept>
        <code value="CHA"/>
        <display value="Changement d'activité"/>
        <designation>
          <use>
            <code value="OID"/>
          </use>
          <value value="urn:oid:1.2.250.1.213.1.6.1.20"/>
        </designation>
      </concept>
      <concept>
        <code value="CHL"/>
        <display value="Changement de lieu d'exercice"/>
        <designation>
          <use>
            <code value="OID"/>
          </use>
          <value value="urn:oid:1.2.250.1.213.1.6.1.20"/>
        </designation>
      </concept>
      <concept>
        <code value="CHP"/>
        <display value="Changement de profession"/>
        <designation>
          <use>
            <code value="OID"/>
          </use>
          <value value="urn:oid:1.2.250.1.213.1.6.1.20"/>
        </designation>
      </concept>
      <concept>
        <code value="DCD"/>
        <display value="Décès"/>
        <designation>
          <use>
            <code value="OID"/>
          </use>
          <value value="urn:oid:1.2.250.1.213.1.6.1.20"/>
        </designation>
      </concept>
      <concept>
        <code value="ETR"/>
        <display value="Départ à l'étranger"/>
        <designation>
          <use>
            <code value="OID"/>
          </use>
          <value value="urn:oid:1.2.250.1.213.1.6.1.20"/>
        </designation>
      </concept>
      <concept>
        <code value="RH"/>
        <display value="Retraite hospitalière"/>
        <designation>
          <use>
            <code value="OID"/>
          </use>
          <value value="urn:oid:1.2.250.1.213.1.6.1.20"/>
        </designation>
      </concept>
      <concept>
        <code value="RL"/>
        <display value="Retraite libérale"/>
        <designation>
          <use>
            <code value="OID"/>
          </use>
          <value value="urn:oid:1.2.250.1.213.1.6.1.20"/>
        </designation>
      </concept>
      <concept>
        <code value="RS"/>
        <display value="Retraite salariée"/>
        <designation>
          <use>
            <code value="OID"/>
          </use>
          <value value="urn:oid:1.2.250.1.213.1.6.1.20"/>
        </designation>
      </concept>
    </include>
  </compose>
</ValueSet>
