{
  "codeSystems" : [
    {
      "url" : "http://hl7.org/fhir/ValueSet/body-site",
      "version" : "4.0.1",
      "status" : "draft",
      "name" : "SNOMEDCTBodyStructures",
      "title" : "SNOMED CT Body Structures",
      "description" : "This value set includes all codes from [SNOMED CT](http://snomed.info/sct) where concept is-a 442083009 (Anatomical or acquired body site (body structure)).",
      "systems" : ["http://snomed.info/sct"],
      "oids" : ["2.16.840.1.113883.4.642.3.141"],
      "sources" : ["2.16.840.1.113883.4.642.3.141"],
      "uses" : {
      },
      "StructureDefinition-mesures-observation-steps-by-day.html" : "Nombre de pas par jour",
      "StructureDefinition-mesures-fr-observation-bmi.html" : "Indice de Masse Corporelle",
      "StructureDefinition-mesures-fr-observation-resp-rate.html" : "Fréquence respiratoire",
      "StructureDefinition-mesures-observation-glucose.html" : "Glycémie",
      "StructureDefinition-mesures-observation-head-circumference.html" : "Périmètre Crânien",
      "StructureDefinition-mesures-observation-pain-severity.html" : "Niveau de douleur",
      "StructureDefinition-mesures-observation-waist-circumference.html" : "Tour de taille",
      "StructureDefinition-mesures-fr-observation-bodyheight.html" : "Taille",
      "StructureDefinition-mesures-fr-observation-body-weight.html" : "Poids"
    },
    {
      "url" : "http://hl7.org/fhir/ValueSet/bundle-type",
      "version" : "4.0.1",
      "status" : "active",
      "name" : "BundleType",
      "title" : "BundleType",
      "description" : "Indicates the purpose of a bundle - how it is intended to be used.",
      "systems" : ["http://hl7.org/fhir/bundle-type"],
      "oids" : ["2.16.840.1.113883.4.642.3.620"],
      "sources" : ["2.16.840.1.113883.4.642.3.620"],
      "uses" : {
      },
      "StructureDefinition-mesures-bundle-flux-alimentation.html" : "Bundle d'alimentation"
    },
    {
      "url" : "http://hl7.org/fhir/ValueSet/common-tags",
      "version" : "4.0.1",
      "status" : "draft",
      "name" : "CommonTags",
      "title" : "Common Tags",
      "description" : "Common Tag Codes defined by FHIR project",
      "systems" : ["http://terminology.hl7.org/CodeSystem/common-tags"],
      "oids" : ["2.16.840.1.113883.4.642.3.79"],
      "sources" : ["2.16.840.1.113883.4.642.3.79"],
      "uses" : {
      },
      "StructureDefinition-mesures-fr-observation-bp.html" : "Pression Artérielle",
      "StructureDefinition-mesures-fr-observation-oxygen-sat.html" : "Saturation en Oxygène",
      "StructureDefinition-mesures-observation-head-circumference.html" : "Périmètre Crânien",
      "StructureDefinition-mesures-observation-pain-severity.html" : "Niveau de douleur",
      "StructureDefinition-mesures-observation-waist-circumference.html" : "Tour de taille",
      "StructureDefinition-mesures-fr-observation-bodyheight.html" : "Taille",
      "StructureDefinition-mesures-fr-observation-body-weight.html" : "Poids",
      "StructureDefinition-mesures-observation-steps-by-day.html" : "Nombre de pas par jour",
      "StructureDefinition-mesures-fr-observation-heartrate.html" : "Fréquence Cardiaque",
      "StructureDefinition-mesures-fr-observation-bmi.html" : "Indice de Masse Corporelle",
      "StructureDefinition-mesures-fr-observation-resp-rate.html" : "Fréquence respiratoire",
      "StructureDefinition-mesures-observation-glucose.html" : "Glycémie",
      "StructureDefinition-mesures-fr-observation-body-temperature.html" : "Température"
    },
    {
      "url" : "http://hl7.org/fhir/ValueSet/data-absent-reason",
      "version" : "4.0.1",
      "status" : "active",
      "name" : "DataAbsentReason",
      "title" : "DataAbsentReason",
      "description" : "Used to specify why the normally expected content of the data element is missing.",
      "systems" : ["http://terminology.hl7.org/CodeSystem/data-absent-reason"],
      "oids" : ["2.16.840.1.113883.4.642.3.5"],
      "sources" : ["2.16.840.1.113883.4.642.3.5"],
      "uses" : {
      },
      "StructureDefinition-mesures-fr-observation-bp.html" : "Pression Artérielle",
      "StructureDefinition-mesures-fr-observation-oxygen-sat.html" : "Saturation en Oxygène",
      "StructureDefinition-mesures-observation-head-circumference.html" : "Périmètre Crânien",
      "StructureDefinition-mesures-observation-pain-severity.html" : "Niveau de douleur",
      "StructureDefinition-mesures-observation-waist-circumference.html" : "Tour de taille",
      "StructureDefinition-mesures-fr-observation-bodyheight.html" : "Taille",
      "StructureDefinition-mesures-fr-observation-body-weight.html" : "Poids",
      "StructureDefinition-mesures-observation-steps-by-day.html" : "Nombre de pas par jour",
      "StructureDefinition-mesures-fr-observation-heartrate.html" : "Fréquence Cardiaque",
      "StructureDefinition-mesures-fr-observation-bmi.html" : "Indice de Masse Corporelle",
      "StructureDefinition-mesures-fr-observation-resp-rate.html" : "Fréquence respiratoire",
      "StructureDefinition-mesures-observation-glucose.html" : "Glycémie",
      "StructureDefinition-mesures-fr-observation-body-temperature.html" : "Température"
    },
    {
      "url" : "http://hl7.org/fhir/ValueSet/http-verb",
      "version" : "4.0.1",
      "status" : "active",
      "name" : "HTTPVerb",
      "title" : "HTTPVerb",
      "description" : "HTTP verbs (in the HTTP command line). See [HTTP rfc](https://tools.ietf.org/html/rfc7231) for details.",
      "systems" : ["http://hl7.org/fhir/http-verb"],
      "oids" : ["2.16.840.1.113883.4.642.3.624"],
      "sources" : ["2.16.840.1.113883.4.642.3.624"],
      "uses" : {
      },
      "StructureDefinition-mesures-bundle-flux-alimentation.html" : "Bundle d'alimentation"
    },
    {
      "url" : "http://hl7.org/fhir/ValueSet/languages",
      "version" : "4.0.1",
      "status" : "draft",
      "name" : "CommonLanguages",
      "title" : "Common Languages",
      "description" : "This value set includes common codes from BCP-47 (http://tools.ietf.org/html/bcp47)",
      "systems" : ["urn:ietf:bcp:47"],
      "oids" : ["2.16.840.1.113883.4.642.3.20"],
      "sources" : ["2.16.840.1.113883.4.642.3.20"],
      "uses" : {
      },
      "StructureDefinition-mesures-fr-observation-bp.html" : "Pression Artérielle",
      "StructureDefinition-mesures-fr-observation-oxygen-sat.html" : "Saturation en Oxygène",
      "StructureDefinition-mesures-observation-head-circumference.html" : "Périmètre Crânien",
      "StructureDefinition-mesures-observation-pain-severity.html" : "Niveau de douleur",
      "StructureDefinition-mesures-observation-waist-circumference.html" : "Tour de taille",
      "StructureDefinition-mesures-fr-observation-bodyheight.html" : "Taille",
      "StructureDefinition-mesures-fr-observation-body-weight.html" : "Poids",
      "StructureDefinition-mesures-observation-steps-by-day.html" : "Nombre de pas par jour",
      "StructureDefinition-mesures-fr-observation-heartrate.html" : "Fréquence Cardiaque",
      "StructureDefinition-mesures-fr-observation-bmi.html" : "Indice de Masse Corporelle",
      "StructureDefinition-mesures-fr-observation-resp-rate.html" : "Fréquence respiratoire",
      "StructureDefinition-mesures-observation-glucose.html" : "Glycémie",
      "StructureDefinition-mesures-bundle-flux-alimentation.html" : "Bundle d'alimentation",
      "StructureDefinition-mesures-fr-observation-body-temperature.html" : "Température"
    },
    {
      "url" : "http://hl7.org/fhir/ValueSet/observation-category",
      "version" : "4.0.1",
      "status" : "draft",
      "name" : "ObservationCategoryCodes",
      "title" : "Observation Category Codes",
      "description" : "Observation Category codes.",
      "systems" : ["http://terminology.hl7.org/CodeSystem/observation-category"],
      "oids" : ["2.16.840.1.113883.4.642.3.403"],
      "sources" : ["2.16.840.1.113883.4.642.3.403"],
      "uses" : {
      },
      "StructureDefinition-mesures-fr-observation-bp.html" : "Pression Artérielle",
      "StructureDefinition-mesures-fr-observation-oxygen-sat.html" : "Saturation en Oxygène",
      "StructureDefinition-mesures-observation-head-circumference.html" : "Périmètre Crânien",
      "StructureDefinition-mesures-observation-pain-severity.html" : "Niveau de douleur",
      "StructureDefinition-mesures-observation-waist-circumference.html" : "Tour de taille",
      "StructureDefinition-mesures-fr-observation-bodyheight.html" : "Taille",
      "StructureDefinition-mesures-fr-observation-body-weight.html" : "Poids",
      "StructureDefinition-mesures-observation-steps-by-day.html" : "Nombre de pas par jour",
      "StructureDefinition-mesures-fr-observation-heartrate.html" : "Fréquence Cardiaque",
      "StructureDefinition-mesures-fr-observation-bmi.html" : "Indice de Masse Corporelle",
      "StructureDefinition-mesures-fr-observation-resp-rate.html" : "Fréquence respiratoire",
      "StructureDefinition-mesures-observation-glucose.html" : "Glycémie",
      "StructureDefinition-mesures-fr-observation-body-temperature.html" : "Température"
    },
    {
      "url" : "http://hl7.org/fhir/ValueSet/observation-interpretation",
      "version" : "4.0.1",
      "status" : "active",
      "name" : "ObservationInterpretationCodes",
      "title" : "Observation Interpretation Codes",
      "description" : "A categorical assessment, providing a rough qualitative interpretation of the observation value,    such as “normal”/ “abnormal”,”low” / “high”, “better” / “worse”, “susceptible” / “resistant”, “expected”/ “not expected”.    The value set is intended to be for ANY use where coded representation of an interpretation is needed.   \r\n   \r\n   Notes:\r\n   \r\n   This is being communicated in v2.x in OBX-8 (Observation Interpretation), in v3 in ObservationInterpretation (CWE) in R1 (Representative Realm) and in FHIR in    Observation.interpretation. Historically these values come from the laboratory domain, and these codes are extensively    used. The value set binding is extensible, so codes outside the value set that are needed for interpretation concepts    (i.e. particular meanings) that are not included in the value set can be used, and these new codes may also be added to    the value set and published in a future version.",
      "systems" : [
        "http://terminology.hl7.org/CodeSystem/v3-ObservationInterpretation"
      ],
      "oids" : ["2.16.840.1.113883.4.642.3.399"],
      "sources" : ["2.16.840.1.113883.4.642.3.399"],
      "uses" : {
      },
      "StructureDefinition-mesures-fr-observation-bp.html" : "Pression Artérielle",
      "StructureDefinition-mesures-fr-observation-oxygen-sat.html" : "Saturation en Oxygène",
      "StructureDefinition-mesures-observation-head-circumference.html" : "Périmètre Crânien",
      "StructureDefinition-mesures-observation-pain-severity.html" : "Niveau de douleur",
      "StructureDefinition-mesures-observation-waist-circumference.html" : "Tour de taille",
      "StructureDefinition-mesures-fr-observation-bodyheight.html" : "Taille",
      "StructureDefinition-mesures-fr-observation-body-weight.html" : "Poids",
      "StructureDefinition-mesures-observation-steps-by-day.html" : "Nombre de pas par jour",
      "StructureDefinition-mesures-fr-observation-heartrate.html" : "Fréquence Cardiaque",
      "StructureDefinition-mesures-fr-observation-bmi.html" : "Indice de Masse Corporelle",
      "StructureDefinition-mesures-fr-observation-resp-rate.html" : "Fréquence respiratoire",
      "StructureDefinition-mesures-observation-glucose.html" : "Glycémie",
      "StructureDefinition-mesures-fr-observation-body-temperature.html" : "Température"
    },
    {
      "url" : "http://hl7.org/fhir/ValueSet/observation-methods",
      "version" : "4.0.1",
      "status" : "draft",
      "name" : "ObservationMethods",
      "title" : "Observation Methods",
      "description" : "Observation Method codes from [SNOMED CT](http://snomed.info/sct) where concept is-a 272394005 (Technique (qualifier value)) or is-a 129264002 (Action (qualifier value)) or is-a 386053000 (Evaluation procedure(procedure))",
      "systems" : ["http://snomed.info/sct"],
      "oids" : ["2.16.840.1.113883.4.642.3.395"],
      "sources" : ["2.16.840.1.113883.4.642.3.395"],
      "uses" : {
      },
      "StructureDefinition-mesures-fr-observation-bmi.html" : "Indice de Masse Corporelle",
      "StructureDefinition-mesures-observation-head-circumference.html" : "Périmètre Crânien",
      "StructureDefinition-mesures-observation-waist-circumference.html" : "Tour de taille"
    },
    {
      "url" : "http://hl7.org/fhir/ValueSet/observation-status",
      "version" : "4.0.1",
      "status" : "active",
      "name" : "ObservationStatus",
      "title" : "ObservationStatus",
      "description" : "Codes providing the status of an observation.",
      "systems" : ["http://hl7.org/fhir/observation-status"],
      "oids" : ["2.16.840.1.113883.4.642.3.400"],
      "sources" : ["2.16.840.1.113883.4.642.3.400"],
      "uses" : {
      },
      "StructureDefinition-mesures-fr-observation-bp.html" : "Pression Artérielle",
      "StructureDefinition-mesures-fr-observation-oxygen-sat.html" : "Saturation en Oxygène",
      "StructureDefinition-mesures-observation-head-circumference.html" : "Périmètre Crânien",
      "StructureDefinition-mesures-observation-pain-severity.html" : "Niveau de douleur",
      "StructureDefinition-mesures-observation-waist-circumference.html" : "Tour de taille",
      "StructureDefinition-mesures-fr-observation-bodyheight.html" : "Taille",
      "StructureDefinition-mesures-fr-observation-body-weight.html" : "Poids",
      "StructureDefinition-mesures-observation-steps-by-day.html" : "Nombre de pas par jour",
      "StructureDefinition-mesures-fr-observation-heartrate.html" : "Fréquence Cardiaque",
      "StructureDefinition-mesures-fr-observation-bmi.html" : "Indice de Masse Corporelle",
      "StructureDefinition-mesures-fr-observation-resp-rate.html" : "Fréquence respiratoire",
      "StructureDefinition-mesures-observation-glucose.html" : "Glycémie",
      "StructureDefinition-mesures-fr-observation-body-temperature.html" : "Température"
    },
    {
      "url" : "http://hl7.org/fhir/ValueSet/observation-vitalsignresult",
      "version" : "4.0.1",
      "status" : "active",
      "name" : "VitalSigns",
      "title" : "Vital Signs",
      "description" : "This value set indicates the allowed vital sign result types.   The LOINC code for Vitals Signs panel (85353-1) is a grouping structure for a set of vital signs and includes related links (with type=has-member) to the Observations in this set (e.g. respiratory rate, heart rate, BP).  The Blood pressure panel (85354-9) is used to group the component observations Systolic blood pressure (8480-6) and Diastolic blood pressure (8462-4).",
      "systems" : ["http://loinc.org"],
      "oids" : ["2.16.840.1.113883.3.88.12.80.62"],
      "sources" : ["2.16.840.1.113883.3.88.12.80.62"],
      "uses" : {
      },
      "StructureDefinition-mesures-fr-observation-bp.html" : "Pression Artérielle",
      "StructureDefinition-mesures-fr-observation-oxygen-sat.html" : "Saturation en Oxygène",
      "StructureDefinition-mesures-observation-head-circumference.html" : "Périmètre Crânien",
      "StructureDefinition-mesures-observation-pain-severity.html" : "Niveau de douleur",
      "StructureDefinition-mesures-observation-waist-circumference.html" : "Tour de taille",
      "StructureDefinition-mesures-fr-observation-bodyheight.html" : "Taille",
      "StructureDefinition-mesures-fr-observation-body-weight.html" : "Poids",
      "StructureDefinition-mesures-observation-steps-by-day.html" : "Nombre de pas par jour",
      "StructureDefinition-mesures-fr-observation-heartrate.html" : "Fréquence Cardiaque",
      "StructureDefinition-mesures-fr-observation-bmi.html" : "Indice de Masse Corporelle",
      "StructureDefinition-mesures-fr-observation-resp-rate.html" : "Fréquence respiratoire",
      "StructureDefinition-mesures-observation-glucose.html" : "Glycémie",
      "StructureDefinition-mesures-fr-observation-body-temperature.html" : "Température"
    },
    {
      "url" : "http://hl7.org/fhir/ValueSet/quantity-comparator",
      "version" : "4.0.1",
      "status" : "active",
      "name" : "QuantityComparator",
      "title" : "QuantityComparator",
      "description" : "How the Quantity should be understood and represented.",
      "systems" : ["http://hl7.org/fhir/quantity-comparator"],
      "oids" : ["2.16.840.1.113883.4.642.3.59"],
      "sources" : ["2.16.840.1.113883.4.642.3.59"],
      "uses" : {
      },
      "StructureDefinition-mesures-fr-observation-bp.html" : "Pression Artérielle",
      "StructureDefinition-mesures-fr-observation-oxygen-sat.html" : "Saturation en Oxygène",
      "StructureDefinition-mesures-observation-head-circumference.html" : "Périmètre Crânien",
      "StructureDefinition-mesures-observation-pain-severity.html" : "Niveau de douleur",
      "StructureDefinition-mesures-observation-waist-circumference.html" : "Tour de taille",
      "StructureDefinition-mesures-fr-observation-bodyheight.html" : "Taille",
      "StructureDefinition-mesures-fr-observation-body-weight.html" : "Poids",
      "StructureDefinition-mesures-observation-steps-by-day.html" : "Nombre de pas par jour",
      "StructureDefinition-mesures-fr-observation-heartrate.html" : "Fréquence Cardiaque",
      "StructureDefinition-mesures-fr-observation-bmi.html" : "Indice de Masse Corporelle",
      "StructureDefinition-mesures-fr-observation-resp-rate.html" : "Fréquence respiratoire",
      "StructureDefinition-mesures-observation-glucose.html" : "Glycémie",
      "StructureDefinition-mesures-fr-observation-body-temperature.html" : "Température"
    },
    {
      "url" : "http://hl7.org/fhir/ValueSet/referencerange-appliesto",
      "version" : "4.0.1",
      "status" : "draft",
      "name" : "ObservationReferenceRangeAppliesToCodes",
      "title" : "Observation Reference Range Applies To Codes",
      "description" : "This value set defines a set of codes that can be used to indicate the particular target population the reference range applies to.",
      "systems" : [
        "http://terminology.hl7.org/CodeSystem/v3-Race",
        "http://snomed.info/sct"
      ],
      "oids" : ["2.16.840.1.113883.4.642.3.407"],
      "sources" : ["2.16.840.1.113883.4.642.3.407"],
      "uses" : {
      },
      "StructureDefinition-mesures-observation-steps-by-day.html" : "Nombre de pas par jour",
      "StructureDefinition-mesures-fr-observation-oxygen-sat.html" : "Saturation en Oxygène",
      "StructureDefinition-mesures-fr-observation-resp-rate.html" : "Fréquence respiratoire",
      "StructureDefinition-mesures-observation-head-circumference.html" : "Périmètre Crânien",
      "StructureDefinition-mesures-observation-pain-severity.html" : "Niveau de douleur",
      "StructureDefinition-mesures-observation-waist-circumference.html" : "Tour de taille",
      "StructureDefinition-mesures-fr-observation-bodyheight.html" : "Taille",
      "StructureDefinition-mesures-fr-observation-body-temperature.html" : "Température",
      "StructureDefinition-mesures-fr-observation-body-weight.html" : "Poids"
    },
    {
      "url" : "http://hl7.org/fhir/ValueSet/referencerange-meaning",
      "version" : "4.0.1",
      "status" : "draft",
      "name" : "ObservationReferenceRangeMeaningCodes",
      "title" : "Observation Reference Range Meaning Codes",
      "description" : "This value set defines a set of codes that can be used to indicate the meaning/use of a reference range for a particular target population.",
      "systems" : [
        "http://terminology.hl7.org/CodeSystem/referencerange-meaning"
      ],
      "oids" : ["2.16.840.1.113883.4.642.3.397"],
      "sources" : ["2.16.840.1.113883.4.642.3.397"],
      "uses" : {
      },
      "StructureDefinition-mesures-fr-observation-bp.html" : "Pression Artérielle",
      "StructureDefinition-mesures-fr-observation-oxygen-sat.html" : "Saturation en Oxygène",
      "StructureDefinition-mesures-observation-head-circumference.html" : "Périmètre Crânien",
      "StructureDefinition-mesures-observation-pain-severity.html" : "Niveau de douleur",
      "StructureDefinition-mesures-observation-waist-circumference.html" : "Tour de taille",
      "StructureDefinition-mesures-fr-observation-bodyheight.html" : "Taille",
      "StructureDefinition-mesures-fr-observation-body-weight.html" : "Poids",
      "StructureDefinition-mesures-observation-steps-by-day.html" : "Nombre de pas par jour",
      "StructureDefinition-mesures-fr-observation-heartrate.html" : "Fréquence Cardiaque",
      "StructureDefinition-mesures-fr-observation-bmi.html" : "Indice de Masse Corporelle",
      "StructureDefinition-mesures-fr-observation-resp-rate.html" : "Fréquence respiratoire",
      "StructureDefinition-mesures-observation-glucose.html" : "Glycémie",
      "StructureDefinition-mesures-fr-observation-body-temperature.html" : "Température"
    },
    {
      "url" : "http://hl7.org/fhir/ValueSet/resource-types",
      "version" : "4.0.1",
      "status" : "active",
      "name" : "ResourceType",
      "title" : "ResourceType",
      "description" : "One of the resource types defined as part of this version of FHIR.",
      "systems" : ["http://hl7.org/fhir/resource-types"],
      "oids" : ["2.16.840.1.113883.4.642.3.27"],
      "sources" : ["2.16.840.1.113883.4.642.3.27"],
      "uses" : {
      },
      "StructureDefinition-mesures-fr-observation-oxygen-sat.html" : "Saturation en Oxygène"
    },
    {
      "url" : "http://hl7.org/fhir/ValueSet/search-entry-mode",
      "version" : "4.0.1",
      "status" : "active",
      "name" : "SearchEntryMode",
      "title" : "SearchEntryMode",
      "description" : "Why an entry is in the result set - whether it's included as a match or because of an _include requirement, or to convey information or warning information about the search process.",
      "systems" : ["http://hl7.org/fhir/search-entry-mode"],
      "oids" : ["2.16.840.1.113883.4.642.3.622"],
      "sources" : ["2.16.840.1.113883.4.642.3.622"],
      "uses" : {
      },
      "StructureDefinition-mesures-bundle-flux-alimentation.html" : "Bundle d'alimentation"
    },
    {
      "url" : "http://hl7.org/fhir/ValueSet/security-labels",
      "version" : "4.0.1",
      "status" : "active",
      "name" : "All Security Labels",
      "title" : "SecurityLabels",
      "description" : "A single value set for all security labels defined by FHIR.",
      "systems" : [
        "http://terminology.hl7.org/CodeSystem/v3-ActReason",
        "http://terminology.hl7.org/CodeSystem/v3-ActUSPrivacyLaw",
        "http://terminology.hl7.org/CodeSystem/v3-ObservationValue",
        "http://terminology.hl7.org/CodeSystem/v3-ActCode",
        "http://terminology.hl7.org/CodeSystem/v3-Confidentiality"
      ],
      "oids" : ["2.16.840.1.113883.4.642.3.47"],
      "sources" : ["2.16.840.1.113883.4.642.3.47"],
      "uses" : {
      },
      "StructureDefinition-mesures-fr-observation-bp.html" : "Pression Artérielle",
      "StructureDefinition-mesures-fr-observation-oxygen-sat.html" : "Saturation en Oxygène",
      "StructureDefinition-mesures-observation-head-circumference.html" : "Périmètre Crânien",
      "StructureDefinition-mesures-observation-pain-severity.html" : "Niveau de douleur",
      "StructureDefinition-mesures-observation-waist-circumference.html" : "Tour de taille",
      "StructureDefinition-mesures-fr-observation-bodyheight.html" : "Taille",
      "StructureDefinition-mesures-fr-observation-body-weight.html" : "Poids",
      "StructureDefinition-mesures-observation-steps-by-day.html" : "Nombre de pas par jour",
      "StructureDefinition-mesures-fr-observation-heartrate.html" : "Fréquence Cardiaque",
      "StructureDefinition-mesures-fr-observation-bmi.html" : "Indice de Masse Corporelle",
      "StructureDefinition-mesures-fr-observation-resp-rate.html" : "Fréquence respiratoire",
      "StructureDefinition-mesures-observation-glucose.html" : "Glycémie",
      "StructureDefinition-mesures-fr-observation-body-temperature.html" : "Température"
    },
    {
      "url" : "http://hl7.org/fhir/ValueSet/ucum-bodylength",
      "version" : "4.0.1",
      "status" : "draft",
      "name" : "BodyLengthUnits",
      "title" : "Body Length Units",
      "description" : "UCUM units for recording body length measures such as height and head circumference",
      "systems" : ["http://unitsofmeasure.org"],
      "oids" : ["2.16.840.1.113883.4.642.3.958"],
      "sources" : ["2.16.840.1.113883.4.642.3.958"],
      "uses" : {
      },
      "StructureDefinition-mesures-fr-observation-bodyheight.html" : "Taille"
    },
    {
      "url" : "http://hl7.org/fhir/ValueSet/ucum-bodytemp",
      "version" : "4.0.1",
      "status" : "draft",
      "name" : "BodyTemperatureUnits",
      "title" : "Body Temperature Units",
      "description" : "UCUM units for recording Body Temperature",
      "systems" : ["http://unitsofmeasure.org"],
      "oids" : ["2.16.840.1.113883.4.642.3.957"],
      "sources" : ["2.16.840.1.113883.4.642.3.957"],
      "uses" : {
      },
      "StructureDefinition-mesures-fr-observation-body-temperature.html" : "Température"
    },
    {
      "url" : "http://hl7.org/fhir/ValueSet/ucum-bodyweight",
      "version" : "4.0.1",
      "status" : "draft",
      "name" : "BodyWeightUnits",
      "title" : "Body Weight Units",
      "description" : "UCUM units for recording Body Weight",
      "systems" : ["http://unitsofmeasure.org"],
      "oids" : ["2.16.840.1.113883.4.642.3.956"],
      "sources" : ["2.16.840.1.113883.4.642.3.956"],
      "uses" : {
      },
      "StructureDefinition-mesures-fr-observation-body-weight.html" : "Poids"
    },
    {
      "url" : "http://hl7.org/fhir/ValueSet/ucum-vitals-common",
      "version" : "4.0.1",
      "status" : "draft",
      "name" : "VitalSignsUnits",
      "title" : "Vital Signs Units",
      "description" : "Common UCUM units for recording Vital Signs",
      "systems" : ["http://unitsofmeasure.org"],
      "oids" : ["2.16.840.1.113883.4.642.3.955"],
      "sources" : ["2.16.840.1.113883.4.642.3.955"],
      "uses" : {
      },
      "StructureDefinition-mesures-fr-observation-bp.html" : "Pression Artérielle",
      "StructureDefinition-mesures-fr-observation-oxygen-sat.html" : "Saturation en Oxygène",
      "StructureDefinition-mesures-observation-head-circumference.html" : "Périmètre Crânien",
      "StructureDefinition-mesures-observation-pain-severity.html" : "Niveau de douleur",
      "StructureDefinition-mesures-observation-waist-circumference.html" : "Tour de taille",
      "StructureDefinition-mesures-fr-observation-bodyheight.html" : "Taille",
      "StructureDefinition-mesures-fr-observation-body-weight.html" : "Poids",
      "StructureDefinition-mesures-observation-steps-by-day.html" : "Nombre de pas par jour",
      "StructureDefinition-mesures-fr-observation-heartrate.html" : "Fréquence Cardiaque",
      "StructureDefinition-mesures-fr-observation-bmi.html" : "Indice de Masse Corporelle",
      "StructureDefinition-mesures-fr-observation-resp-rate.html" : "Fréquence respiratoire",
      "StructureDefinition-mesures-observation-glucose.html" : "Glycémie",
      "StructureDefinition-mesures-fr-observation-body-temperature.html" : "Température"
    },
    {
      "url" : "https://interop.esante.gouv.fr/ig/fhir/mesures/ValueSet/method-glucose-vs",
      "version" : "3.1.0",
      "status" : "active",
      "name" : "MethodeGlucoseVS",
      "title" : "Méthode de mesures de glycémie sanguine ou interstitielle",
      "description" : "Méthode de mesures de glycémie sanguine ou interstitielle.",
      "systems" : [
        "https://mos.esante.gouv.fr/NOS/TRE_R307-NCIT/FHIR/TRE-R307-NCIT",
        "https://mos.esante.gouv.fr/NOS/TRE_R312-LPP/FHIR/TRE-R312-LPP"
      ],
      "uses" : {
      },
      "StructureDefinition-mesures-observation-glucose.html" : "Glycémie"
    },
    {
      "url" : "https://mos.esante.gouv.fr/NOS/JDV_J145-MethodBodyWeight-ENS/FHIR/JDV-J145-MethodBodyWeight-ENS",
      "version" : "1.2.0",
      "status" : "active",
      "name" : "JDV_J145-MethodBodyWeight-ENS",
      "title" : null,
      "description" : "JDV pour la méthode de mesure du poids",
      "systems" : ["https://webgate.ec.europa.eu/dyna2/emdn"],
      "oids" : ["1.2.250.1.213.1.1.5.600"],
      "sources" : ["1.2.250.1.213.1.1.5.600"],
      "uses" : {
      },
      "StructureDefinition-mesures-fr-observation-body-weight.html" : "Poids"
    },
    {
      "url" : "https://mos.esante.gouv.fr/NOS/JDV_J146-MethodBodyHeight-ENS/FHIR/JDV-J146-MethodBodyHeight-ENS",
      "version" : "1.2.0",
      "status" : "active",
      "name" : "JDV_J146-MethodBodyHeight-ENS",
      "title" : null,
      "description" : "JDV pour la méthode de mesure de la taille",
      "systems" : [
        "https://mos.esante.gouv.fr/NOS/TRE_R307-NCIT/FHIR/TRE-R307-NCIT",
        "https://webgate.ec.europa.eu/dyna2/emdn"
      ],
      "oids" : ["1.2.250.1.213.1.1.5.601"],
      "sources" : ["1.2.250.1.213.1.1.5.601"],
      "uses" : {
      },
      "StructureDefinition-mesures-fr-observation-bodyheight.html" : "Taille"
    },
    {
      "url" : "https://mos.esante.gouv.fr/NOS/JDV_J147-MethodHeartrate-ENS/FHIR/JDV-J147-MethodHeartrate-ENS",
      "version" : "1.2.0",
      "status" : "active",
      "name" : "JDV_J147-MethodHeartrate-ENS",
      "title" : null,
      "description" : "JDV pour la méthode de mesure de fréquence cardiaque",
      "systems" : [
        "https://webgate.ec.europa.eu/dyna2/emdn",
        "http://snomed.info/sct"
      ],
      "oids" : ["1.2.250.1.213.1.1.5.602"],
      "sources" : ["1.2.250.1.213.1.1.5.602"],
      "uses" : {
      },
      "StructureDefinition-mesures-fr-observation-heartrate.html" : "Fréquence Cardiaque",
      "StructureDefinition-mesures-fr-observation-oxygen-sat.html" : "Saturation en Oxygène"
    },
    {
      "url" : "https://mos.esante.gouv.fr/NOS/JDV_J148-ReferenceRangeAppliesTo-CISIS/FHIR/JDV-J148-ReferenceRangeAppliesTo-CISIS",
      "version" : "1.2.0",
      "status" : "active",
      "name" : "JDV_J148-ReferenceRangeAppliesTo-CISIS",
      "title" : null,
      "description" : "JDV pour le champ d'application de l'intervalle de référence",
      "systems" : [
        "https://mos.esante.gouv.fr/NOS/TRE_R303-HL7v3AdministrativeGender/FHIR/TRE-R303-HL7v3AdministrativeGender",
        "http://snomed.info/sct"
      ],
      "oids" : ["1.2.250.1.213.1.1.5.603"],
      "sources" : ["1.2.250.1.213.1.1.5.603"],
      "uses" : {
      },
      "StructureDefinition-mesures-fr-observation-bp.html" : "Pression Artérielle",
      "StructureDefinition-mesures-fr-observation-heartrate.html" : "Fréquence Cardiaque",
      "StructureDefinition-mesures-fr-observation-bmi.html" : "Indice de Masse Corporelle",
      "StructureDefinition-mesures-observation-glucose.html" : "Glycémie"
    },
    {
      "url" : "https://mos.esante.gouv.fr/NOS/JDV_J149-BodySiteBP-ENS/FHIR/JDV-J149-BodySiteBP-ENS",
      "version" : "1.2.0",
      "status" : "active",
      "name" : "JDV_J149-BodySiteBP-ENS",
      "title" : null,
      "description" : "JDV pour la localisation de la mesure de la pression artérielle",
      "systems" : ["http://snomed.info/sct"],
      "oids" : ["1.2.250.1.213.1.1.5.604"],
      "sources" : ["1.2.250.1.213.1.1.5.604"],
      "uses" : {
      },
      "StructureDefinition-mesures-fr-observation-bp.html" : "Pression Artérielle"
    },
    {
      "url" : "https://mos.esante.gouv.fr/NOS/JDV_J150-MethodBP-ENS/FHIR/JDV-J150-MethodBP-ENS",
      "version" : "1.2.0",
      "status" : "active",
      "name" : "JDV_J150-MethodBP-ENS",
      "title" : null,
      "description" : "JDV pour la méthode de mesure de la pression artérielle",
      "systems" : ["https://webgate.ec.europa.eu/dyna2/emdn"],
      "oids" : ["1.2.250.1.213.1.1.5.605"],
      "sources" : ["1.2.250.1.213.1.1.5.605"],
      "uses" : {
      },
      "StructureDefinition-mesures-fr-observation-bp.html" : "Pression Artérielle"
    },
    {
      "url" : "https://mos.esante.gouv.fr/NOS/JDV_J152-MethodBodyTemperature-ENS/FHIR/JDV-J152-MethodBodyTemperature-ENS",
      "version" : "1.2.0",
      "status" : "active",
      "name" : "JDV_J152-MethodBodyTemperature-ENS",
      "title" : null,
      "description" : "JDV pour la méthode de la mesure de la température",
      "systems" : ["https://webgate.ec.europa.eu/dyna2/emdn"],
      "oids" : ["1.2.250.1.213.1.1.5.607"],
      "sources" : ["1.2.250.1.213.1.1.5.607"],
      "uses" : {
      },
      "StructureDefinition-mesures-fr-observation-body-temperature.html" : "Température"
    },
    {
      "url" : "https://mos.esante.gouv.fr/NOS/JDV_J153-TypeDiabete-ENS/FHIR/JDV-J153-TypeDiabete-ENS",
      "version" : "1.2.0",
      "status" : "active",
      "name" : "JDV_J153-TypeDiabete-ENS",
      "title" : null,
      "description" : "JDV pour caractériser le type de diabète dans l'extension DiabetisType",
      "systems" : [
        "https://mos.esante.gouv.fr/NOS/TRE_R308-TAASIP/FHIR/TRE-R308-TAASIP",
        "https://mos.esante.gouv.fr/NOS/TRE_R311-RegroupementSurCIM10ATIH/FHIR/TRE-R311-RegroupementSurCIM10ATIH",
        "https://mos.esante.gouv.fr/NOS/TRE_R310-CIM10ATIH/FHIR/TRE-R310-CIM10ATIH"
      ],
      "oids" : ["1.2.250.1.213.1.1.5.608"],
      "sources" : ["1.2.250.1.213.1.1.5.608"],
      "uses" : {
      },
      "StructureDefinition-mesures-diabetis-type.html" : "Type de diabète"
    },
    {
      "url" : "https://mos.esante.gouv.fr/NOS/JDV_J154-TypeGlucose-ENS/FHIR/JDV-J154-TypeGlucose-ENS",
      "version" : "1.2.0",
      "status" : "active",
      "name" : "JDV_J154-TypeGlucose-ENS",
      "title" : null,
      "description" : "JDV pour caractériser le type de glucose",
      "systems" : [
        "https://mos.esante.gouv.fr/NOS/TRE_A04-Loinc/FHIR/TRE-A04-Loinc",
        "https://mos.esante.gouv.fr/NOS/TRE_R308-TAASIP/FHIR/TRE-R308-TAASIP"
      ],
      "oids" : ["1.2.250.1.213.1.1.5.609"],
      "sources" : ["1.2.250.1.213.1.1.5.609"],
      "uses" : {
      },
      "StructureDefinition-mesures-observation-glucose.html" : "Glycémie"
    },
    {
      "url" : "https://mos.esante.gouv.fr/NOS/JDV_J157-MomentGlucose-ENS/FHIR/JDV-J157-MomentGlucose-ENS",
      "version" : "1.2.0",
      "status" : "active",
      "name" : "JDV_J157-MomentGlucose-ENS",
      "title" : null,
      "description" : "JDV pour caractériser le moment de la mesure de glucose",
      "systems" : [
        "https://mos.esante.gouv.fr/NOS/TRE_A04-Loinc/FHIR/TRE-A04-Loinc",
        "https://mos.esante.gouv.fr/NOS/TRE_R308-TAASIP/FHIR/TRE-R308-TAASIP"
      ],
      "oids" : ["1.2.250.1.213.1.1.5.612"],
      "sources" : ["1.2.250.1.213.1.1.5.612"],
      "uses" : {
      },
      "StructureDefinition-mesures-observation-glucose.html" : "Glycémie"
    },
    {
      "url" : "https://mos.esante.gouv.fr/NOS/JDV_J158-MethodStepsByDay-ENS/FHIR/JDV-J158-MethodStepsByDay-ENS",
      "version" : "1.2.0",
      "status" : "active",
      "name" : "JDV_J158-MethodStepsByDay-ENS",
      "title" : null,
      "description" : "JDV pour la méthode de la mesure de nombre de pas par jour",
      "systems" : ["https://webgate.ec.europa.eu/dyna2/emdn"],
      "oids" : ["1.2.250.1.213.1.1.5.613"],
      "sources" : ["1.2.250.1.213.1.1.5.613"],
      "uses" : {
      },
      "StructureDefinition-mesures-observation-steps-by-day.html" : "Nombre de pas par jour"
    },
    {
      "url" : "https://mos.esante.gouv.fr/NOS/JDV_J159-MethodPainSeverity-ENS/FHIR/JDV-J159-MethodPainSeverity-ENS",
      "version" : "1.2.0",
      "status" : "active",
      "name" : "JDV_J159-MethodPainSeverity-ENS",
      "title" : null,
      "description" : "JDV pour la méthode de la mesure du niveau de douleur",
      "systems" : [
        "https://mos.esante.gouv.fr/NOS/TRE_R307-NCIT/FHIR/TRE-R307-NCIT"
      ],
      "oids" : ["1.2.250.1.213.1.1.5.614"],
      "sources" : ["1.2.250.1.213.1.1.5.614"],
      "uses" : {
      },
      "StructureDefinition-mesures-observation-pain-severity.html" : "Niveau de douleur"
    },
    {
      "url" : "https://mos.esante.gouv.fr/NOS/JDV_J163-GlucoseUnits-ENS/FHIR/JDV-J163-GlucoseUnits-ENS",
      "version" : "1.2.0",
      "status" : "active",
      "name" : "JDV_J163-GlucoseUnits-ENS",
      "title" : null,
      "description" : "Liste fermée des unités utilisables pour la mesure du glucose avec le profil ENS_ObservationGlucose",
      "systems" : [
        "https://mos.esante.gouv.fr/NOS/TRE_R247-UcumUniteMesure/FHIR/TRE-R247-UcumUniteMesure"
      ],
      "oids" : ["1.2.250.1.213.1.1.5.639"],
      "sources" : ["1.2.250.1.213.1.1.5.639"],
      "uses" : {
      },
      "StructureDefinition-mesures-observation-glucose.html" : "Glycémie"
    },
    {
      "url" : "https://mos.esante.gouv.fr/NOS/JDV_J164-GlucoseNumberOfDays-ENS/FHIR/JDV-J164-GlucoseNumberOfDays-ENS",
      "version" : "1.2.0",
      "status" : "active",
      "name" : "JDV_J164-GlucoseNumberOfDays-ENS",
      "title" : null,
      "description" : "Liste fermée des codes utilisables pour la mesure du taux de glucose interstitiel et de l'index de gestion de glycémie (IGG) avec le profil ENS_ObservationGlucose",
      "systems" : [
        "https://mos.esante.gouv.fr/NOS/TRE_R308-TAASIP/FHIR/TRE-R308-TAASIP"
      ],
      "oids" : ["1.2.250.1.213.1.1.5.640"],
      "sources" : ["1.2.250.1.213.1.1.5.640"],
      "uses" : {
      },
      "StructureDefinition-mesures-number-of-days.html" : "Nombre de jours"
    }
  ]
}
